dataset,architecture,representation,trained_execution,execution,sparsity_percent,role,batch_size,seeds,protocol,training_count,validation_count,training_batch,evaluation_batch,epochs,base_lr,hardware_identity,gpu,cpu_model,torch_num_threads,clean_images_per_seed,clean_accuracy_percent_mean,clean_accuracy_percent_sample_sd,clean_cross_entropy_loss_mean,clean_cross_entropy_loss_sample_sd,mCE_percent_mean,mCE_percent_sample_sd,clean_accuracy_paired_method_minus_raw_pp_mean,clean_accuracy_paired_method_minus_raw_pp_sample_sd,mCE_raw_paired_method_minus_raw_pp_mean,mCE_raw_paired_method_minus_raw_pp_sample_sd,gpu_raw_to_logits_mean_seed_median_ms,gpu_raw_to_logits_sample_sd_ms,gpu_raw_to_logits_mean_seed_p95_ms,gpu_raw_to_logits_p95_sample_sd_ms,gpu_raw_to_logits_paired_speedup_mean,gpu_raw_to_logits_paired_speedup_sample_sd,gpu_raw_to_logits_faster_seeds,gpu_raw_to_logits_paired_speedup_min,gpu_raw_to_logits_paired_speedup_max,host_raw_to_logits_mean_seed_median_ms,host_raw_to_logits_sample_sd_ms,host_raw_to_logits_mean_seed_p95_ms,host_raw_to_logits_p95_sample_sd_ms,host_raw_to_logits_paired_speedup_mean,host_raw_to_logits_paired_speedup_sample_sd,host_raw_to_logits_faster_seeds,host_raw_to_logits_paired_speedup_min,host_raw_to_logits_paired_speedup_max,loader_to_cpu_prediction_mean_seed_median_ms,loader_to_cpu_prediction_sample_sd_ms,loader_to_cpu_prediction_mean_seed_p95_ms,loader_to_cpu_prediction_p95_sample_sd_ms,loader_to_cpu_prediction_paired_speedup_mean,loader_to_cpu_prediction_paired_speedup_sample_sd,loader_to_cpu_prediction_faster_seeds,loader_to_cpu_prediction_paired_speedup_min,loader_to_cpu_prediction_paired_speedup_max,cached_input_model_only_diagnostic_mean_seed_median_ms,cached_input_model_only_diagnostic_sample_sd_ms,cached_input_model_only_diagnostic_mean_seed_p95_ms,cached_input_model_only_diagnostic_p95_sample_sd_ms,cached_input_model_only_diagnostic_paired_speedup_mean,cached_input_model_only_diagnostic_paired_speedup_sample_sd,cached_input_model_only_diagnostic_faster_seeds,cached_input_model_only_diagnostic_paired_speedup_min,cached_input_model_only_diagnostic_paired_speedup_max
cifar10,swin_tiny,color_opponency,compact,dense_masked,0,dense_masked_control,1,3,heldout_val,45000,5000,512,512,200,0.0006,4ba79ef9f76ff06df88f37ba7586b1b5a3ac8b43008b3eed0ca6a744393e6687,NVIDIA RTX A6000,AMD EPYC 7413 24-Core Processor,4,10000,86.76333333333332,0.24785748593361798,0.6447103993733724,0.0066602964442291565,40.25235555555555,0.12698460682449325,-1.0233333333333354,0.16196707484341638,9.232533333333333,0.38979087270541163,18.482088333333333,0.1389111967493367,18.684827316666667,0.09776339682238401,0.9905239622349918,0.010962530411014878,0,0.9782520963570435,0.9993483992036564,18.52108683333333,0.11562245877459637,18.614408666666666,0.10637776686452552,0.98941644532319,0.009286704539311103,0,0.9788087452187351,0.9960805913251731,18.737961333333335,0.11547637057460479,18.859479333333336,0.0638049690097357,0.9900072558985024,0.01083908248575792,0,0.9775461447690407,0.9972508470980799,18.221994666666667,0.09496506394634319,18.359519,0.08740191441839203,1.002745602081286,0.007020830904290481,2,0.9956115399422896,1.0096474396870534
cifar10,swin_tiny,color_opponency,compact,dense_masked,0,dense_masked_control,8,3,heldout_val,45000,5000,512,512,200,0.0006,4ba79ef9f76ff06df88f37ba7586b1b5a3ac8b43008b3eed0ca6a744393e6687,NVIDIA RTX A6000,AMD EPYC 7413 24-Core Processor,4,10000,86.76333333333332,0.24785748593361798,0.6447103993733724,0.0066602964442291565,40.25235555555555,0.12698460682449325,-1.0233333333333354,0.16196707484341638,9.232533333333333,0.38979087270541163,18.804854166666665,0.118929045868044,18.92773765,0.13381567887262852,0.9970332801019465,0.01487960800901761,1,0.9828329821045181,1.012509966994695,18.756647666666666,0.21046330175195344,18.912819483333333,0.16234735869410016,0.9997844350401149,0.02609389812788104,1,0.9751221801559784,1.0271062731901732,19.068759333333333,0.13507720884028976,19.142281183333335,0.1395353331630598,0.9955639406297564,0.01911609941909329,1,0.9761864280995022,1.0144074368204925,18.508867,0.11846743740053728,18.58752666666667,0.11097832262286958,1.0092260398033654,0.017129382903167567,2,0.9944945929483258,1.0280221662776368
cifar10,swin_tiny,color_opponency,compact,dense_masked,20,dense_masked_control,1,3,heldout_val,45000,5000,512,512,200,0.0006,4ba79ef9f76ff06df88f37ba7586b1b5a3ac8b43008b3eed0ca6a744393e6687,NVIDIA RTX A6000,AMD EPYC 7413 24-Core Processor,4,10000,86.82333333333332,0.10016652800877966,0.6311029098510742,0.0034668166272416793,39.91213333333333,0.14213352095047116,-0.9633333333333308,0.12055427546683133,8.892311111111113,0.42409234494038794,18.638066,0.11524806230800697,18.72865865,0.0751211563600245,0.9821925068565264,0.0034964846502110363,0,0.9783350075964566,0.9851533318244521,18.654253,0.10283097796748789,18.741203,0.1264326384516772,0.9823256584308566,0.0034390949496707875,0,0.978416998772194,0.9848875726801731,18.871476833333332,0.09430363452743282,18.998630000000002,0.12215895625844324,0.9829597522088219,0.0011514832004738981,0,0.9818325681187012,0.9841340860824872,18.1951145,0.11583071666552842,18.310886316666668,0.14849228200305864,1.0042219570481283,0.004557900720571753,3,1.0007850312218693,1.0093922476839554
cifar10,swin_tiny,color_opponency,compact,dense_masked,20,dense_masked_control,8,3,heldout_val,45000,5000,512,512,200,0.0006,4ba79ef9f76ff06df88f37ba7586b1b5a3ac8b43008b3eed0ca6a744393e6687,NVIDIA RTX A6000,AMD EPYC 7413 24-Core Processor,4,10000,86.82333333333332,0.10016652800877966,0.6311029098510742,0.0034668166272416793,39.91213333333333,0.14213352095047116,-0.9633333333333308,0.12055427546683133,8.892311111111113,0.42409234494038794,18.968674,0.07142250728411946,19.077189333333333,0.10052259528949782,0.9884051585071525,0.01384681994248218,1,0.9778526150207281,1.004084184308539,18.994722166666666,0.07278350229333075,19.081277183333334,0.10040656680753358,0.9870860955380713,0.01663323702794139,1,0.9760391261874396,1.0062161200068958,19.222176,0.07016088594615995,19.296297483333333,0.06721932088117225,0.9875806874424594,0.016931893700207465,1,0.9773836225599974,1.0071258085852584,18.474022666666666,0.07697476532821237,18.580098666666668,0.0559446826265533,1.0111094738143893,0.016048254477279204,2,0.9976856231666434,1.028884700955883
cifar10,swin_tiny,color_opponency,compact,dense_masked,40,dense_masked_control,1,3,heldout_val,45000,5000,512,512,200,0.0006,4ba79ef9f76ff06df88f37ba7586b1b5a3ac8b43008b3eed0ca6a744393e6687,NVIDIA RTX A6000,AMD EPYC 7413 24-Core Processor,4,10000,86.43333333333334,0.17785762095938537,0.6555634653727214,0.008753596982610365,40.35986666666667,0.22151398250323676,-1.3533333333333286,0.16010413278029784,9.340044444444448,0.5033437408784185,18.751053166666665,0.1717244290289911,18.922683483333333,0.2110509886881019,0.9763228219952127,0.010562009042375342,0,0.9682450777289008,0.9882748837941904,18.769834666666668,0.16130187726227468,18.884713499999997,0.19764579346838998,0.976321868758165,0.010152283302824137,0,0.9684815307327902,0.9877895990323923,18.98377766666667,0.194311856583903,19.104014333333335,0.19331778073191166,0.9772103121861674,0.010829969282050336,0,0.970182965782608,0.989682251768416,18.31505,0.17772668372250902,18.44827215,0.23450201528690034,0.997687299471295,0.009560248239578729,1,0.9901503128535093,1.008441043022295
cifar10,swin_tiny,color_opponency,compact,dense_masked,40,dense_masked_control,8,3,heldout_val,45000,5000,512,512,200,0.0006,4ba79ef9f76ff06df88f37ba7586b1b5a3ac8b43008b3eed0ca6a744393e6687,NVIDIA RTX A6000,AMD EPYC 7413 24-Core Processor,4,10000,86.43333333333334,0.17785762095938537,0.6555634653727214,0.008753596982610365,40.35986666666667,0.22151398250323676,-1.3533333333333286,0.16010413278029784,9.340044444444448,0.5033437408784185,18.913938166666668,0.07040184219950049,19.022975183333333,0.07019339536007536,0.9912695478479047,0.014325121042135774,1,0.9808196129089595,1.0075989395573233,18.956680666666667,0.05322892131476509,19.073356633333333,0.04619542315182179,0.9890602466658043,0.01625826477387619,1,0.9774128919994046,1.0076348267283715,19.191220666666666,0.10599808757394283,19.350967166666667,0.1459541826518974,0.989167380657256,0.015866940016662685,1,0.9779477115652347,1.0073211003506812,18.410252,0.1617701472089335,18.556,0.06284232544034259,1.0146289601992322,0.015755045257169125,2,0.9979365914034422,1.029239733094742
cifar10,swin_tiny,color_opponency,compact,dense_masked,60,dense_masked_control,1,3,heldout_val,45000,5000,512,512,200,0.0006,4ba79ef9f76ff06df88f37ba7586b1b5a3ac8b43008b3eed0ca6a744393e6687,NVIDIA RTX A6000,AMD EPYC 7413 24-Core Processor,4,10000,85.14999999999999,0.06082762530298188,0.685984076944987,0.017331330305141703,41.64128888888889,0.3358123903036962,-2.6366666666666685,0.16772994167211952,10.62146666666667,0.16617971530177394,18.603782166666665,0.09148220057247886,18.693706516666666,0.0661637193862761,0.984013010933425,0.007549231612096614,0,0.9782161980565303,0.9925495569839944,18.6103905,0.08064317494834942,18.758360016666668,0.04075584923450512,0.984648468774315,0.006759833091088053,0,0.9799834383673314,0.9924007129282072,18.842777666666667,0.06471575431518663,18.991337833333333,0.027594335027017015,0.9844648908081245,0.006145464768388011,0,0.9783109959105283,0.9906018906112954,18.155555833333334,0.08628814954606058,18.270228166666666,0.10583971081467106,1.0064058199785355,0.005137116187078626,3,1.0028350471522485,1.0122932971740524
cifar10,swin_tiny,color_opponency,compact,dense_masked,60,dense_masked_control,8,3,heldout_val,45000,5000,512,512,200,0.0006,4ba79ef9f76ff06df88f37ba7586b1b5a3ac8b43008b3eed0ca6a744393e6687,NVIDIA RTX A6000,AMD EPYC 7413 24-Core Processor,4,10000,85.14999999999999,0.06082762530298188,0.685984076944987,0.017331330305141703,41.64128888888889,0.3358123903036962,-2.6366666666666685,0.16772994167211952,10.62146666666667,0.16617971530177394,18.889543999999997,0.08685277540038751,19.057936333333334,0.1009100940148364,0.9925697726761605,0.016090776314979353,1,0.9823561306928087,1.0111181047620414,18.921704166666665,0.08789850211228507,19.054684766666668,0.13474038821248396,0.9909310827403639,0.019471036495708575,1,0.9757527152943322,1.0128846019325948,19.14884066666667,0.09388424113014478,19.28638168333333,0.1070159869345527,0.9913979592767489,0.019582602267720163,1,0.9779331964833229,1.0138625825277972,18.446773,0.10979827278809917,18.60102051666667,0.15401870813906327,1.0126554469173732,0.020015935977168806,2,0.999334896501936,1.0356729803157076
cifar10,swin_tiny,color_opponency,compact,dense_masked,80,dense_masked_control,1,3,heldout_val,45000,5000,512,512,200,0.0006,4ba79ef9f76ff06df88f37ba7586b1b5a3ac8b43008b3eed0ca6a744393e6687,NVIDIA RTX A6000,AMD EPYC 7413 24-Core Processor,4,10000,82.85333333333334,0.14294521094927226,0.7278871770222982,0.001951116905124425,43.653644444444446,0.22407845187030306,-4.933333333333331,0.1950213663507959,12.633822222222223,0.45561973098106445,18.667586,0.13921091961839568,18.81692268333333,0.1349181098431583,0.9806503238455371,0.005277155290185764,0,0.9746179512867479,0.9844123177011276,18.694642166666668,0.15337701742465518,18.824827666666668,0.14695021205695338,0.9802218878355393,0.005533758747274075,0,0.9748956639243594,0.9859421209874534,18.898630333333333,0.16227667398715442,19.022297833333333,0.1353503642771646,0.9815680885839037,0.0038740535460838107,0,0.9778359044148777,0.9855699221963826,18.206921166666667,0.1430820490088941,18.300868333333334,0.1373500138281131,1.003583759715899,0.006203415224162782,2,0.9990073313213279,1.010644246726572
cifar10,swin_tiny,color_opponency,compact,dense_masked,80,dense_masked_control,8,3,heldout_val,45000,5000,512,512,200,0.0006,4ba79ef9f76ff06df88f37ba7586b1b5a3ac8b43008b3eed0ca6a744393e6687,NVIDIA RTX A6000,AMD EPYC 7413 24-Core Processor,4,10000,82.85333333333334,0.14294521094927226,0.7278871770222982,0.001951116905124425,43.653644444444446,0.22407845187030306,-4.933333333333331,0.1950213663507959,12.633822222222223,0.45561973098106445,18.890855833333333,0.02390690536400033,18.975121166666668,0.018934791597372973,0.9924616854206704,0.012678718375425746,1,0.9848150547198831,1.0070968775201623,18.8291435,0.1272982789681368,19.019844850000002,0.019785676336496433,0.9957642279502817,0.015552257938951842,1,0.97860867878591,1.008939618942229,19.143267666666667,0.019832311421851767,19.299220133333332,0.059080880079988435,0.9916365107647601,0.015998204641638133,1,0.9793530118278104,1.0097272891542477,18.40316066666667,0.03445451358796551,18.4763908,0.009937559044730093,1.0149908164155097,0.015413863748669477,3,1.004152032201837,1.0326363184204137
cifar10,swin_tiny,grayscale,compact,dense_masked,0,dense_masked_control,1,3,heldout_val,45000,5000,512,512,200,0.0006,4ba79ef9f76ff06df88f37ba7586b1b5a3ac8b43008b3eed0ca6a744393e6687,NVIDIA RTX A6000,AMD EPYC 7413 24-Core Processor,4,10000,83.25,0.165227116418584,0.6832633738199869,0.02510227804542539,43.52146666666667,0.22679400344806266,-4.536666666666663,0.23544284515213917,12.501644444444446,0.0827088422878271,18.5663145,0.1273259099947854,18.7212638,0.0949805455704874,0.9860007549322101,0.006385744693128083,0,0.9791953525082149,0.9918616279590782,18.593023833333334,0.09426372408081146,18.700436649999997,0.07305041439697715,0.9855658202627355,0.0056637683909670925,0,0.9803027240620581,0.9915593820711559,18.803753833333335,0.1118182132484828,18.921878016666668,0.12729356635235373,0.9865133787058942,0.0055803021950895084,0,0.9828106537786053,0.9929317033626321,18.254535166666667,0.10664596439192399,18.30290683333333,0.10564213193647315,1.0009526185245523,0.005071916274481816,2,0.9959182275133865,1.0060612451126403
cifar10,swin_tiny,grayscale,compact,dense_masked,0,dense_masked_control,8,3,heldout_val,45000,5000,512,512,200,0.0006,4ba79ef9f76ff06df88f37ba7586b1b5a3ac8b43008b3eed0ca6a744393e6687,NVIDIA RTX A6000,AMD EPYC 7413 24-Core Processor,4,10000,83.25,0.165227116418584,0.6832633738199869,0.02510227804542539,43.52146666666667,0.22679400344806266,-4.536666666666663,0.23544284515213917,12.501644444444446,0.0827088422878271,18.883121666666668,0.09983140295685083,19.030278183333333,0.08488777774157885,0.9928959439681813,0.014746474603467109,1,0.9797328584833938,1.0088320790919048,18.823936166666666,0.04827237015191162,19.032347333333334,0.06576500567996534,0.9960061601168511,0.013508645723262656,1,0.9860434561340932,1.011381832975443,19.104024,0.13698426505350894,19.331700466666668,0.11747417059964911,0.9936907566909139,0.016016422202704928,1,0.9764937045538534,1.0081818058626417,18.533775333333335,0.07236145805837133,18.6361535,0.0650319394238507,1.0078601734882389,0.017045566999532837,1,0.9961969701162111,1.0274223476190782
cifar10,swin_tiny,grayscale,compact,dense_masked,20,dense_masked_control,1,3,heldout_val,45000,5000,512,512,200,0.0006,4ba79ef9f76ff06df88f37ba7586b1b5a3ac8b43008b3eed0ca6a744393e6687,NVIDIA RTX A6000,AMD EPYC 7413 24-Core Processor,4,10000,83.17333333333333,0.12583057392117633,0.6938701421101888,0.008174345465554575,43.65524444444444,0.11021387961259212,-4.613333333333332,0.2122105872319534,12.635422222222223,0.24620863179500926,18.663937833333332,0.06659106698787028,18.757583166666667,0.05156293968620693,0.9808225810276539,0.0034731981375607144,0,0.9778662752071263,0.9846477101253536,18.685864666666667,0.06030534972192278,18.791037316666667,0.1290411639603845,0.9806555950006852,0.002622798197875467,0,0.9783826370521339,0.9835253705479301,18.783211833333333,0.12210727535074858,18.963793983333332,0.07331506200008052,0.9875854624018912,0.002021828026309027,0,0.9854203331659541,0.9894243008536902,18.2390695,0.06068209004310932,18.33204015,0.08729086625296356,1.001790899954099,0.004173520287955749,1,0.9988886327751616,1.0065738356851308
cifar10,swin_tiny,grayscale,compact,dense_masked,20,dense_masked_control,8,3,heldout_val,45000,5000,512,512,200,0.0006,4ba79ef9f76ff06df88f37ba7586b1b5a3ac8b43008b3eed0ca6a744393e6687,NVIDIA RTX A6000,AMD EPYC 7413 24-Core Processor,4,10000,83.17333333333333,0.12583057392117633,0.6938701421101888,0.008174345465554575,43.65524444444444,0.11021387961259212,-4.613333333333332,0.2122105872319534,12.635422222222223,0.24620863179500926,18.957395833333333,0.12250802572110571,19.149879016666667,0.07133675786385196,0.9889729227266556,0.01018754156129828,0,0.9782796299915135,0.9985652870457159,19.019120666666666,0.03722358097138775,19.089283016666666,0.03569807516906127,0.9857917021130773,0.01420978077222221,1,0.9724418145848823,1.000728198203041,19.248955,0.06377244438430962,19.35976765,0.06636705983029242,0.9861662361340215,0.012909346791523354,0,0.9742559984192289,0.999884145260816,18.503214333333336,0.04577646917722274,18.57496965,0.06621688771826016,1.0094693688495282,0.011475025636598324,3,1.0027987037593986,1.022719482471454
cifar10,swin_tiny,grayscale,compact,dense_masked,40,dense_masked_control,1,3,heldout_val,45000,5000,512,512,200,0.0006,4ba79ef9f76ff06df88f37ba7586b1b5a3ac8b43008b3eed0ca6a744393e6687,NVIDIA RTX A6000,AMD EPYC 7413 24-Core Processor,4,10000,82.26333333333334,0.547205019470157,0.7114016286214193,0.02599363958196577,43.7952,0.4573848756183851,-5.523333333333332,0.6947181682764094,12.77537777777778,0.7393385191682676,18.500343833333332,0.11333562253803058,18.62592666666667,0.1019466504468558,0.9895298848304928,0.009436969967543538,0,0.9786621221147411,0.9956531153987898,18.519452666666666,0.11428493663244998,18.595725316666666,0.09061612119568342,0.989502098607245,0.009066697175509722,0,0.9790432642675337,0.9951372076099658,18.74103266666667,0.09189260958495639,18.86821966666667,0.043819153870036535,0.9898311878157419,0.00949534554465649,0,0.9789172506785604,0.9961970398403742,18.088376166666666,0.09207739895372268,18.169094333333334,0.06440187725589479,1.0101515131568755,0.006866006824614638,3,1.0022274575148984,1.014335027665485
cifar10,swin_tiny,grayscale,compact,dense_masked,40,dense_masked_control,8,3,heldout_val,45000,5000,512,512,200,0.0006,4ba79ef9f76ff06df88f37ba7586b1b5a3ac8b43008b3eed0ca6a744393e6687,NVIDIA RTX A6000,AMD EPYC 7413 24-Core Processor,4,10000,82.26333333333334,0.547205019470157,0.7114016286214193,0.02599363958196577,43.7952,0.4573848756183851,-5.523333333333332,0.6947181682764094,12.77537777777778,0.7393385191682676,18.97948033333333,0.04372609964979006,19.16524366666667,0.12916033545590913,0.9878283539959665,0.012586390717435463,1,0.978964998137363,1.0022348965100516,19.068962333333335,0.1170000821434913,19.17216333333333,0.13011563638360663,0.983303365508102,0.02072516645478462,1,0.9641814558173464,1.0053261401207718,19.297841833333333,0.11993095256472826,19.45277465,0.12015991368346428,0.9837639975282206,0.02058923863696813,1,0.9657979558062785,1.006231556063287,18.47928,0.06653908933100705,18.63588753333333,0.09636610190570523,1.0108156643433133,0.015595659821197167,2,0.9980712135705938,1.0282064575193088
cifar10,swin_tiny,grayscale,compact,dense_masked,60,dense_masked_control,1,3,heldout_val,45000,5000,512,512,200,0.0006,4ba79ef9f76ff06df88f37ba7586b1b5a3ac8b43008b3eed0ca6a744393e6687,NVIDIA RTX A6000,AMD EPYC 7413 24-Core Processor,4,10000,79.85333333333332,0.3847510017314224,0.8409556299845378,0.01399556817591297,44.355377777777775,0.04251145379428677,-7.933333333333329,0.3013856886670914,13.335555555555558,0.297965257731191,18.617648,0.10553939805115319,18.725805983333334,0.14447163818307357,0.983291390167966,0.009060989870648932,0,0.9730647529069613,0.9903187242594496,18.641187833333333,0.11574849373353821,18.747778166666667,0.17081371049357555,0.9830418912628456,0.00925513073556135,0,0.9725708576368169,0.9901282284437685,18.852253666666666,0.10581671879402138,18.943801316666665,0.12228930036812523,0.9839989148619519,0.010173603436422275,0,0.972277169796702,0.9905326368209342,18.206743666666668,0.10645791161925591,18.40563188333333,0.22188636412136756,1.0035896125573285,0.007377874432118877,2,0.9953390983302841,1.0095532908353604
cifar10,swin_tiny,grayscale,compact,dense_masked,60,dense_masked_control,8,3,heldout_val,45000,5000,512,512,200,0.0006,4ba79ef9f76ff06df88f37ba7586b1b5a3ac8b43008b3eed0ca6a744393e6687,NVIDIA RTX A6000,AMD EPYC 7413 24-Core Processor,4,10000,79.85333333333332,0.3847510017314224,0.8409556299845378,0.01399556817591297,44.355377777777775,0.04251145379428677,-7.933333333333329,0.3013856886670914,13.335555555555558,0.297965257731191,19.032563666666668,0.06267378651863491,19.177935666666666,0.04864378469533262,0.985069050794611,0.011815497326003701,0,0.9756526860226684,0.998327381303398,19.05228,0.05934961558215801,19.159178,0.023222065340481254,0.9840886966552569,0.015298940539935803,1,0.9737031212619088,1.0016573661167307,19.263168666666665,0.0876349923850832,19.366889666666665,0.1466610675513823,0.9854732241457252,0.01614754782771945,1,0.9751489120838345,1.004081559417816,18.559242,0.0892782769617011,18.705307816666664,0.108163081993123,1.0064721711233213,0.016301706096078016,2,0.9923974143556277,1.024334129780352
cifar10,swin_tiny,grayscale,compact,dense_masked,80,dense_masked_control,1,3,heldout_val,45000,5000,512,512,200,0.0006,4ba79ef9f76ff06df88f37ba7586b1b5a3ac8b43008b3eed0ca6a744393e6687,NVIDIA RTX A6000,AMD EPYC 7413 24-Core Processor,4,10000,67.07333333333332,0.48232077845904164,1.260825318400065,0.04619821531429956,53.93546666666666,0.23258137882852578,-20.71333333333333,0.42193996413391827,22.915644444444442,0.3932305929849049,18.739150166666665,0.26494513329665703,18.860939316666666,0.2949823751567657,0.9770440679403908,0.017209237503646262,0,0.9577388351439688,0.9907757584325441,18.777776666666664,0.25887152611591663,18.8837805,0.29844516955003525,0.9760053319713168,0.016541797756343055,0,0.9573991926640986,0.9890486901261043,18.9722885,0.2521594250057906,19.139691966666664,0.26144448837636103,0.9778903174904032,0.017486916172362595,0,0.9578657871327664,0.9901511100064576,18.28457883333333,0.2779182314343238,18.418336333333333,0.3123446735716536,0.999459190144572,0.01678949443641508,2,0.9800849529507435,1.0097515552188547
cifar10,swin_tiny,grayscale,compact,dense_masked,80,dense_masked_control,8,3,heldout_val,45000,5000,512,512,200,0.0006,4ba79ef9f76ff06df88f37ba7586b1b5a3ac8b43008b3eed0ca6a744393e6687,NVIDIA RTX A6000,AMD EPYC 7413 24-Core Processor,4,10000,67.07333333333332,0.48232077845904164,1.260825318400065,0.04619821531429956,53.93546666666666,0.23258137882852578,-20.71333333333333,0.42193996413391827,22.915644444444442,0.3932305929849049,18.973268833333332,0.06624270074569141,19.10034333333333,0.0353460355957113,0.9881232132339125,0.008167817252933389,0,0.9830575699262318,0.9975457142770153,18.999844166666666,0.07086709513648372,19.1153005,0.02225424684751122,0.9867708175242258,0.011410976256391123,0,0.9764728319509405,0.9990383775103284,19.217129000000003,0.06261351317407388,19.343161016666667,0.033992743634868344,0.9877890964724951,0.01170665890098393,1,0.978374800870763,1.00089708597919,18.487765166666666,0.059856465503596856,18.615283650000002,0.07225406910300979,1.010309649276211,0.010834831921017665,3,1.0026893235684429,1.0227129233150705
cifar10,swin_tiny,single_color,compact,dense_masked,0,dense_masked_control,1,3,heldout_val,45000,5000,512,512,200,0.0006,4ba79ef9f76ff06df88f37ba7586b1b5a3ac8b43008b3eed0ca6a744393e6687,NVIDIA RTX A6000,AMD EPYC 7413 24-Core Processor,4,10000,87.16333333333334,0.24090108620205844,0.6070520619710287,0.007690824865787405,39.13791111111111,0.26374726398440484,-0.6233333333333313,0.3202082655606068,8.118088888888892,0.2538420973171518,18.677434666666667,0.051677594393830246,18.824661850000002,0.09631277888002553,0.9801091898264201,0.0018184492985378207,0,0.9788575959546412,0.982195086908343,18.700178166666667,0.050040717821422984,18.837350166666667,0.1312459549513195,0.9799031461808366,0.0021410041721761,0,0.9781324263021128,0.9822825985532811,18.909767,0.038794830828347115,19.016553333333334,0.09258705944181925,0.9809649150870148,0.0028659408435828936,0,0.9776882876190452,0.9830049765602927,18.380379666666666,0.06374179668265821,18.466164166666665,0.03291551543092287,0.9940845139298402,0.0016397065376116005,0,0.9930722525751774,0.9959763331514984
cifar10,swin_tiny,single_color,compact,dense_masked,0,dense_masked_control,8,3,heldout_val,45000,5000,512,512,200,0.0006,4ba79ef9f76ff06df88f37ba7586b1b5a3ac8b43008b3eed0ca6a744393e6687,NVIDIA RTX A6000,AMD EPYC 7413 24-Core Processor,4,10000,87.16333333333334,0.24090108620205844,0.6070520619710287,0.007690824865787405,39.13791111111111,0.26374726398440484,-0.6233333333333313,0.3202082655606068,8.118088888888892,0.2538420973171518,18.8496125,0.12545375014323024,18.984255316666665,0.1550063567961033,0.9946353376487999,0.01115848387688331,1,0.982896535262651,1.005104972676678,18.878077166666664,0.1465362605367134,19.02546255,0.2129440464122154,0.9931971385650701,0.01636060845751583,1,0.9749083053036385,1.0064413652586794,19.103377666666667,0.1492351152815038,19.266913183333333,0.16477046590712305,0.9937200886270341,0.015299577648984144,1,0.976931389627281,1.006876975859996,18.529852833333333,0.1329221358543536,18.662213333333334,0.13042832496272852,1.0080253695750958,0.010314669011843946,2,0.9979370887555609,1.018552423389573
cifar10,swin_tiny,single_color,compact,dense_masked,20,dense_masked_control,1,3,heldout_val,45000,5000,512,512,200,0.0006,4ba79ef9f76ff06df88f37ba7586b1b5a3ac8b43008b3eed0ca6a744393e6687,NVIDIA RTX A6000,AMD EPYC 7413 24-Core Processor,4,10000,86.80333333333333,0.1616580753730994,0.6267219024658204,0.020690379198875432,39.4788,0.6104436419523088,-0.9833333333333324,0.23671361036774613,8.458977777777777,0.5918696753446588,18.551710166666666,0.08138190429133155,18.689397633333332,0.09845466924148776,0.9867669953819413,0.006199829688829591,0,0.9831458928759998,0.9939257800490023,18.575918166666668,0.0763294804324209,18.696111983333335,0.11744588090457109,0.9864707773489471,0.005746967864992112,0,0.9825618410951951,0.9930693603176771,18.768872666666667,0.08875434829676211,18.885031983333334,0.14151102088874842,0.9883451241528212,0.006244982306515274,0,0.9832159389815873,0.9952992951485004,18.204015166666665,0.17114653989661466,18.327046833333334,0.12460184720172915,1.0037731132865786,0.00997882836564245,1,0.9969222977851098,1.015222034031917
cifar10,swin_tiny,single_color,compact,dense_masked,20,dense_masked_control,8,3,heldout_val,45000,5000,512,512,200,0.0006,4ba79ef9f76ff06df88f37ba7586b1b5a3ac8b43008b3eed0ca6a744393e6687,NVIDIA RTX A6000,AMD EPYC 7413 24-Core Processor,4,10000,86.80333333333333,0.1616580753730994,0.6267219024658204,0.020690379198875432,39.4788,0.6104436419523088,-0.9833333333333324,0.23671361036774613,8.458977777777777,0.5918696753446588,18.934424,0.09011075089577068,19.091082,0.08996319420783853,0.9901848435425228,0.012612643827806155,1,0.97841328414254,1.0034970339702214,18.9603605,0.07736461291831065,19.04593098333333,0.07082393767947268,0.988876731663149,0.01670685737335408,1,0.9720607969119097,1.0054723322209003,19.205585833333334,0.10444428634723589,19.334575666666666,0.10362082084013526,0.9884340204439388,0.016432091496059974,1,0.9718380145478694,1.004697139345813,18.498565,0.10988770699673403,18.64150283333333,0.19919666070264191,1.0097603698226196,0.014659013332147398,2,0.9965467631157969,1.0255288935505094
cifar10,swin_tiny,single_color,compact,dense_masked,40,dense_masked_control,1,3,heldout_val,45000,5000,512,512,200,0.0006,4ba79ef9f76ff06df88f37ba7586b1b5a3ac8b43008b3eed0ca6a744393e6687,NVIDIA RTX A6000,AMD EPYC 7413 24-Core Processor,4,10000,85.92,0.14933184523068108,0.6441002192179361,0.022041667533884233,40.02151111111111,0.36053013640923176,-1.8666666666666647,0.21548395145191782,9.001688888888893,0.47628221947978755,18.648741833333336,0.09443889792391306,18.793888833333334,0.05135472290192409,0.9816251522734896,0.003070970313875527,0,0.9780932801815515,0.9836654390317717,18.660638333333335,0.1098122780263341,18.82689531666667,0.1310966096068113,0.9819940386852394,0.0045879410953422696,0,0.9767125897407718,0.9849938262153991,18.9044105,0.17972768975800574,19.039067833333334,0.15048712292114497,0.9812816874672184,0.006294358193400937,0,0.9741081374324246,0.9858804308589065,18.202123999999998,0.09191211184060674,18.309745833333334,0.13238897748655545,1.0038270474894253,0.0033594563765214458,3,1.0000864300550776,1.0065871781287503
cifar10,swin_tiny,single_color,compact,dense_masked,40,dense_masked_control,8,3,heldout_val,45000,5000,512,512,200,0.0006,4ba79ef9f76ff06df88f37ba7586b1b5a3ac8b43008b3eed0ca6a744393e6687,NVIDIA RTX A6000,AMD EPYC 7413 24-Core Processor,4,10000,85.92,0.14933184523068108,0.6441002192179361,0.022041667533884233,40.02151111111111,0.36053013640923176,-1.8666666666666647,0.21548395145191782,9.001688888888893,0.47628221947978755,19.056303666666665,0.14821597132253655,19.16343465,0.11407385943180658,0.9838677246055655,0.012907449816338148,0,0.9700594397317457,0.995629923484497,19.084164833333332,0.16804759194372124,19.23717115,0.14081029837948716,0.9825037525116936,0.018417005721502983,0,0.9619684489688141,0.9975580608456227,19.258494666666667,0.17783694149791612,19.375287166666666,0.2034113838433902,0.9857965053938091,0.021090595154135455,1,0.9640314394237974,1.0061407840658656,18.58596083333333,0.14118673903852827,18.658786316666664,0.15275162346502552,1.0050472891898563,0.0172126239723899,2,0.9892131830237164,1.0233679587332947
cifar10,swin_tiny,single_color,compact,dense_masked,60,dense_masked_control,1,3,heldout_val,45000,5000,512,512,200,0.0006,4ba79ef9f76ff06df88f37ba7586b1b5a3ac8b43008b3eed0ca6a744393e6687,NVIDIA RTX A6000,AMD EPYC 7413 24-Core Processor,4,10000,83.37666666666667,0.061101009266082036,0.770466493733724,0.005680838914059798,41.95693333333333,0.4760473552541207,-4.409999999999999,0.09539392014168685,10.937111111111113,0.2904156204349074,18.669290833333335,0.16069308121877224,18.807027666666666,0.21254764299424975,0.9805733282498158,0.006858418912315938,0,0.9726554184637473,0.9846662176103068,18.686894166666665,0.16260677494521164,18.78950535,0.13522966061618927,0.9806388027811275,0.00731572382143707,0,0.9721993086920712,0.9851763857457929,18.894320666666665,0.16889042789804193,19.005800816666667,0.20751018769978474,0.9817983083371761,0.005280979099858863,0,0.9757028615506392,0.9849973149334748,18.206942,0.1343014991762953,18.299383816666666,0.15453577256642265,1.0035780216501715,0.0056719632524157996,2,0.997389101893782,1.0085283159292449
cifar10,swin_tiny,single_color,compact,dense_masked,60,dense_masked_control,8,3,heldout_val,45000,5000,512,512,200,0.0006,4ba79ef9f76ff06df88f37ba7586b1b5a3ac8b43008b3eed0ca6a744393e6687,NVIDIA RTX A6000,AMD EPYC 7413 24-Core Processor,4,10000,83.37666666666667,0.061101009266082036,0.770466493733724,0.005680838914059798,41.95693333333333,0.4760473552541207,-4.409999999999999,0.09539392014168685,10.937111111111113,0.2904156204349074,19.057741166666666,0.008417197430461197,19.22308065,0.07752427290624779,0.9837590586737374,0.011145064983933991,0,0.9768958183935634,0.9966185323944947,19.045506166666666,0.06547557834096142,19.204922983333333,0.023759614622367548,0.9844110786451675,0.012242582641626639,0,0.9755076588477724,0.9983721348237401,19.279236,0.07847776109828966,19.457144333333332,0.027273230237419198,0.9846043840706838,0.01107860777522852,0,0.9770524546941137,0.9973224862135055,18.574531833333335,0.1661595473794197,18.660471983333334,0.13647047767915127,1.0055942547880037,0.007593116442165783,2,0.9973889843728729,1.0123728142032444
cifar10,swin_tiny,single_color,compact,dense_masked,80,dense_masked_control,1,3,heldout_val,45000,5000,512,512,200,0.0006,4ba79ef9f76ff06df88f37ba7586b1b5a3ac8b43008b3eed0ca6a744393e6687,NVIDIA RTX A6000,AMD EPYC 7413 24-Core Processor,4,10000,73.68,0.1732050807568879,1.2133909657796222,0.019258718312477285,49.06377777777778,0.11074778820632517,-14.106666666666664,0.3000555504124702,18.04395555555556,0.3221280996631509,18.571801333333333,0.19158269953817023,18.707930983333334,0.23103315575935304,0.9857784666620742,0.013664268983986106,0,0.9707127921942236,0.9973710251288294,18.610681166666666,0.1906194753103241,18.691307166666668,0.1951837630729329,0.9847061795668735,0.013334003883282422,0,0.9704620642279242,0.9968903063012092,18.803016666666668,0.18536124219030742,18.8950395,0.1694286528099655,0.9866299899126918,0.01417017667654506,0,0.9706534819076057,0.9976772144965035,18.157397833333334,0.16079774724971632,18.26662685,0.1576229791377766,1.0063498239493167,0.010431271340645403,2,0.9946905779722606,1.0147982079458495
cifar10,swin_tiny,single_color,compact,dense_masked,80,dense_masked_control,8,3,heldout_val,45000,5000,512,512,200,0.0006,4ba79ef9f76ff06df88f37ba7586b1b5a3ac8b43008b3eed0ca6a744393e6687,NVIDIA RTX A6000,AMD EPYC 7413 24-Core Processor,4,10000,73.68,0.1732050807568879,1.2133909657796222,0.019258718312477285,49.06377777777778,0.11074778820632517,-14.106666666666664,0.3000555504124702,18.04395555555556,0.3221280996631509,19.086583,0.08224163494848684,19.27786685,0.18497674047327362,0.982291377538171,0.01271755549041416,0,0.9715457162953466,0.9963322120239461,19.0999345,0.0714417953984194,19.23828865,0.00448118780486803,0.9816362230791091,0.015401241173742846,0,0.9717446710062582,0.9993810665770472,19.348618000000002,0.06546117396594732,19.514418499999998,0.009140845639217954,0.9810954382108333,0.01383069526465329,0,0.9730087178780271,0.9970653170309735,18.69008966666667,0.0900729289580564,18.78312485,0.12067937494221093,0.9993992353781487,0.013461552351735582,1,0.9870249879497529,1.0137332537249135
cifar10,vit_small,color_opponency,compact,dense_masked,0,dense_masked_control,1,3,heldout_val,45000,5000,128,128,200,0.0003,4ba79ef9f76ff06df88f37ba7586b1b5a3ac8b43008b3eed0ca6a744393e6687,NVIDIA RTX A6000,AMD EPYC 7413 24-Core Processor,4,10000,77.89666666666668,0.6375996654118713,1.7644454710006714,0.0735688884197672,48.159866666666666,0.6500580213420285,-0.2066666666666661,1.3276043587354385,12.600266666666665,0.7421500058014648,10.411470333333334,0.00859961938595767,10.4869642,0.01800646913591113,0.9783408553839432,0.007012698704139655,0,0.972131996899028,0.9859470065581469,10.4105055,0.043914129653791024,10.526590833333332,0.06038230861010364,0.9813370757907635,0.007226742030106351,0,0.9740495213819717,0.9885014301387368,10.627538666666666,0.02925414604091821,10.6911077,0.06908221270535175,0.9818441104850575,0.007816497743899321,0,0.9748977486615857,0.9903081510465375,10.049598666666666,0.007618949030760496,10.164828833333333,0.06158778540086728,1.0046675715058897,0.006289162264638521,3,1.0004246412452746,1.0118931251046333
cifar10,vit_small,color_opponency,compact,dense_masked,0,dense_masked_control,8,3,heldout_val,45000,5000,128,128,200,0.0003,4ba79ef9f76ff06df88f37ba7586b1b5a3ac8b43008b3eed0ca6a744393e6687,NVIDIA RTX A6000,AMD EPYC 7413 24-Core Processor,4,10000,77.89666666666668,0.6375996654118713,1.7644454710006714,0.0735688884197672,48.159866666666666,0.6500580213420285,-0.2066666666666661,1.3276043587354385,12.600266666666665,0.7421500058014648,11.803212666666667,0.08352847092808183,11.892607316666666,0.15820800345929353,0.9867723216390303,0.005264634958952572,0,0.9818234090630433,0.9923041590755648,11.838379333333334,0.09112457278546461,11.925160833333333,0.1214790427114217,0.9894936073694685,0.004121981199879857,0,0.9856653212970713,0.9938570152592671,12.031122666666667,0.028233233278059634,12.12259215,0.05012157769107488,0.9912393232342733,0.004725090374739847,0,0.9867703056259166,0.9961844390298112,11.554420833333333,0.05918769695074653,11.621819,0.0367873372113614,1.0043025208270016,0.00891903468240339,2,0.994084887274958,1.0105289927882355
cifar10,vit_small,color_opponency,compact,dense_masked,20,dense_masked_control,1,3,heldout_val,45000,5000,128,128,200,0.0003,4ba79ef9f76ff06df88f37ba7586b1b5a3ac8b43008b3eed0ca6a744393e6687,NVIDIA RTX A6000,AMD EPYC 7413 24-Core Processor,4,10000,77.94666666666666,0.4880915214724941,1.7515895502090455,0.042262695112462265,48.07564444444444,0.43346536108351197,-0.1566666666666642,1.0554777749120698,12.516044444444445,0.5620461876367786,10.5506575,0.019938263734589158,10.654508666666667,0.07438453407183006,0.965428644854624,0.005355970796735738,0,0.9597259997231211,0.9703527197098678,10.581863666666667,0.010278705965895234,10.703639016666667,0.047781995868222606,0.96543373317527,0.00562230285820333,0,0.9618484175513734,0.9719135461304949,10.779998833333334,0.028280935594200356,10.858595166666667,0.013150528756795492,0.9679439014238043,0.004351873574456647,0,0.9630251491618955,0.9712939013516168,10.080162833333333,0.032585315934992934,10.182347016666666,0.015879078995673306,1.0016142723071757,0.0028601653378777956,2,0.9986989872452103,1.0044159313989227
cifar10,vit_small,color_opponency,compact,dense_masked,20,dense_masked_control,8,3,heldout_val,45000,5000,128,128,200,0.0003,4ba79ef9f76ff06df88f37ba7586b1b5a3ac8b43008b3eed0ca6a744393e6687,NVIDIA RTX A6000,AMD EPYC 7413 24-Core Processor,4,10000,77.94666666666666,0.4880915214724941,1.7515895502090455,0.042262695112462265,48.07564444444444,0.43346536108351197,-0.1566666666666642,1.0554777749120698,12.516044444444445,0.5620461876367786,11.972908,0.06123711646542429,12.02136365,0.04849555118170682,0.9727941555148415,0.008474373496097962,0,0.9633245303647108,0.9796643031428615,11.996624500000001,0.07280022452060135,12.046930666666666,0.06733763407139651,0.976449975563292,0.007948375166914948,0,0.9680326284674379,0.9838269086799677,12.212137833333333,0.05357280912536977,12.286954833333333,0.08809227515272443,0.9765723520389307,0.00918031927792441,0,0.9709876702887053,0.9871676897329684,11.585059666666666,0.043608535338089185,11.643078,0.09470023259106822,1.0016578441051593,0.011228229449104753,1,0.992273303288764,1.0140974322305285
cifar10,vit_small,color_opponency,compact,dense_masked,40,dense_masked_control,1,3,heldout_val,45000,5000,128,128,200,0.0003,4ba79ef9f76ff06df88f37ba7586b1b5a3ac8b43008b3eed0ca6a744393e6687,NVIDIA RTX A6000,AMD EPYC 7413 24-Core Processor,4,10000,77.53,0.2022374841615635,1.7880956880569459,0.020982761074227713,48.400533333333335,0.33098707594775373,-0.5733333333333331,0.8585064550330007,12.840933333333332,0.19259301937274795,10.537205666666667,0.020925377800252214,10.723798683333333,0.10256624190812405,0.966671270172737,0.007618191261943552,0,0.9609838063049088,0.9753267491905894,10.564462333333333,0.02782048226277354,10.671221983333332,0.03799547284876034,0.9670435676872227,0.009123316277375367,0,0.9615162879182813,0.9775739175356298,10.744081666666666,0.046486118802642515,10.84317915,0.011756463890877332,0.971202908979673,0.008704610104303793,0,0.9660938465133944,0.9812536624350183,10.077788166666666,0.04503042096831142,10.194609816666667,0.07042048886031604,1.0018829271139056,0.009848656940974566,1,0.9939953584710374,1.0129214798754678
cifar10,vit_small,color_opponency,compact,dense_masked,40,dense_masked_control,8,3,heldout_val,45000,5000,128,128,200,0.0003,4ba79ef9f76ff06df88f37ba7586b1b5a3ac8b43008b3eed0ca6a744393e6687,NVIDIA RTX A6000,AMD EPYC 7413 24-Core Processor,4,10000,77.53,0.2022374841615635,1.7880956880569459,0.020982761074227713,48.400533333333335,0.33098707594775373,-0.5733333333333331,0.8585064550330007,12.840933333333332,0.19259301937274795,11.947710666666667,0.0791581839772951,12.016242666666667,0.09131387611576806,0.9748353925356912,0.005000949933376622,0,0.9690690379174846,0.9779857140922625,12.011690333333334,0.0474477408480458,12.059566516666665,0.07405141248585899,0.9752036240613731,0.004466022996038089,0,0.9703155568780878,0.9790708445029789,12.205540333333333,0.05288286929699763,12.291141983333333,0.07062755608438716,0.9771009768762523,0.00932952851120894,0,0.9712144947427502,0.9878578021596373,11.566361666666667,0.034996160083405684,11.650407183333334,0.07253939668417037,1.0032715181530376,0.010704774204143829,2,0.9939081488763398,1.0149415987162642
cifar10,vit_small,color_opponency,compact,dense_masked,60,dense_masked_control,1,3,heldout_val,45000,5000,128,128,200,0.0003,4ba79ef9f76ff06df88f37ba7586b1b5a3ac8b43008b3eed0ca6a744393e6687,NVIDIA RTX A6000,AMD EPYC 7413 24-Core Processor,4,10000,76.11,0.287923600977757,1.9145443957010904,0.01859910938443683,49.60395555555556,0.36493336581009117,-1.993333333333332,0.5492115560813849,14.044355555555557,0.3505007042841787,10.524561666666667,0.02974765561070929,10.593050333333332,0.05919951360512424,0.9678206267879421,0.00441246589059279,0,0.9650510248122628,0.972909052204349,10.5797115,0.023092976924814105,10.668854833333333,0.02063537000112551,0.9656281039486379,0.004708890708378792,0,0.9623558896816649,0.9710249439956293,10.716280166666666,0.03552795737279804,10.842348816666666,0.029754217469979593,0.9737071434874589,0.0061825415989850245,0,0.9666919388215942,0.9783610434454446,10.053813499999999,0.03023023424074006,10.137011316666667,0.020099962504339222,1.0042603067871396,0.008546336307784168,2,0.9982778896974159,1.0140484174652669
cifar10,vit_small,color_opponency,compact,dense_masked,60,dense_masked_control,8,3,heldout_val,45000,5000,128,128,200,0.0003,4ba79ef9f76ff06df88f37ba7586b1b5a3ac8b43008b3eed0ca6a744393e6687,NVIDIA RTX A6000,AMD EPYC 7413 24-Core Processor,4,10000,76.11,0.287923600977757,1.9145443957010904,0.01859910938443683,49.60395555555556,0.36493336581009117,-1.993333333333332,0.5492115560813849,14.044355555555557,0.3505007042841787,11.958545833333334,0.08713438207494985,12.007360016666667,0.08614153687304804,0.9739568075356627,0.005476841994628331,0,0.9680415021256555,0.9788516410953826,12.004593833333333,0.07186395316209303,12.087235,0.10300313317480919,0.9757822058837645,0.00261422485296574,0,0.9727709855585882,0.9774710800548146,12.228203166666667,0.03908275859101211,12.306583683333333,0.06571150141338167,0.9752639412010301,0.004246267884454332,0,0.9720356029893641,0.9800740710763143,11.634546166666668,0.07239290777647592,11.7219395,0.09024472832984488,0.9974121219807109,0.012043881149583626,1,0.9894973209262309,1.0112726541513402
cifar10,vit_small,color_opponency,compact,dense_masked,80,dense_masked_control,1,3,heldout_val,45000,5000,128,128,200,0.0003,4ba79ef9f76ff06df88f37ba7586b1b5a3ac8b43008b3eed0ca6a744393e6687,NVIDIA RTX A6000,AMD EPYC 7413 24-Core Processor,4,10000,72.03333333333333,0.6606310114832126,2.146831334845225,0.022310080078679843,51.632088888888894,0.6993020308638914,-6.070000000000001,1.3257073583562875,16.07248888888889,0.7908796827536941,10.577906,0.024171545109902375,10.621938166666666,0.032679098038093,0.9629376508278455,0.0039113204692210884,0,0.9595532439932482,0.9672197906529342,10.606467833333333,0.019522704143722924,10.667700833333333,0.015464899234503742,0.9631922393159142,0.004852840136140838,0,0.9602208534608971,0.9687923224731401,10.810863666666666,0.01786486581487083,10.870449333333333,0.047951830822303844,0.9651778408536404,0.003902646175552846,0,0.9626962656322303,0.9696762327200709,10.115657666666666,0.03644277102640989,10.1816205,0.03739887770040769,0.9980994537528746,0.002202937156882984,1,0.9959187378886257,1.0003239593194522
cifar10,vit_small,color_opponency,compact,dense_masked,80,dense_masked_control,8,3,heldout_val,45000,5000,128,128,200,0.0003,4ba79ef9f76ff06df88f37ba7586b1b5a3ac8b43008b3eed0ca6a744393e6687,NVIDIA RTX A6000,AMD EPYC 7413 24-Core Processor,4,10000,72.03333333333333,0.6606310114832126,2.146831334845225,0.022310080078679843,51.632088888888894,0.6993020308638914,-6.070000000000001,1.3257073583562875,16.07248888888889,0.7908796827536941,11.922303666666666,0.04290021271606103,11.992888783333333,0.03427467592966198,0.9769152096995493,0.007847505894871513,0,0.9678833748543607,0.9820658067791136,11.997361666666666,0.05789594721639294,12.08420535,0.08309314394020315,0.9763685218532129,0.0036386449558140042,0,0.9722998736910401,0.9793107631738133,12.2302795,0.029179405481435036,12.317119316666666,0.06972491338413986,0.9751084764034635,0.007211645238854821,0,0.9698184423203241,0.9833230070324586,11.582381666666667,0.0717372651439501,11.649391166666666,0.07187384936876125,1.0019370428322276,0.01564572564797678,2,0.9869734008687319,1.0181856075334526
cifar10,vit_small,grayscale,compact,dense_masked,0,dense_masked_control,1,3,heldout_val,45000,5000,128,128,200,0.0003,4ba79ef9f76ff06df88f37ba7586b1b5a3ac8b43008b3eed0ca6a744393e6687,NVIDIA RTX A6000,AMD EPYC 7413 24-Core Processor,4,10000,76.90333333333334,0.5450076452063167,1.8438153986612955,0.028221235576297733,48.47506666666666,0.5343167766201802,-1.200000000000001,0.9328987083279717,12.915466666666669,0.704554415531153,10.472243,0.030173264560700203,10.51265065,0.03429618060542549,0.9726558871033665,0.004425427100293138,0,0.967722121986349,0.9762751048334226,10.504224333333333,0.045060327690589694,10.615259333333334,0.03312486778967329,0.9725679517451048,0.003317214753996003,0,0.9690881399270543,0.9756942544253849,10.6962455,0.0512504199958403,10.805779016666666,0.09062262461963361,0.9755248783617227,0.0030518316203190683,0,0.9722703963943204,0.9783225622452141,10.163989833333334,0.0590943432452162,10.316501166666667,0.1516945767400171,0.9933688141367907,0.005520615111555785,0,0.9870627666577474,0.9973296219464556
cifar10,vit_small,grayscale,compact,dense_masked,0,dense_masked_control,8,3,heldout_val,45000,5000,128,128,200,0.0003,4ba79ef9f76ff06df88f37ba7586b1b5a3ac8b43008b3eed0ca6a744393e6687,NVIDIA RTX A6000,AMD EPYC 7413 24-Core Processor,4,10000,76.90333333333334,0.5450076452063167,1.8438153986612955,0.028221235576297733,48.47506666666666,0.5343167766201802,-1.200000000000001,0.9328987083279717,12.915466666666669,0.704554415531153,11.720264666666667,0.03074329374568312,11.77932365,0.02809933897785732,0.9937753232117077,0.011324181712326749,1,0.981770873590716,1.004267200951618,11.7553745,0.019957870070476755,11.834718333333333,0.07323267938108872,0.996486420217354,0.009549967613792983,1,0.9867325945812043,1.0058185597994878,11.953135999999999,0.03428734869817162,12.00303,0.02746724139684422,0.9977272657655986,0.009043044724568905,2,0.9877418259552467,1.0053647733249982,11.5001175,0.1043902017755973,11.534347833333333,0.0859224866527145,1.0091293321788177,0.016656466368240683,2,0.9899202891974077,1.019568942096032
cifar10,vit_small,grayscale,compact,dense_masked,20,dense_masked_control,1,3,heldout_val,45000,5000,128,128,200,0.0003,4ba79ef9f76ff06df88f37ba7586b1b5a3ac8b43008b3eed0ca6a744393e6687,NVIDIA RTX A6000,AMD EPYC 7413 24-Core Processor,4,10000,77.07666666666667,1.1067670637190705,1.7811643860181172,0.08192305175244877,48.33546666666667,1.4080282636052122,-1.0266666666666646,1.401189970465586,12.775866666666666,1.2874550883213158,10.533104833333335,0.03780342311330149,10.60935,0.019285555812576304,0.9670608788116283,0.009383613522280836,0,0.9577215479893522,0.9764881568151906,10.583115833333332,0.015757625902507056,10.686901833333334,0.06054704872564605,0.96532558038017,0.00693049605191978,0,0.9596493931726898,0.973049106371622,10.745286,0.03695624596735938,10.827395483333333,0.05705780731438762,0.9710893834452672,0.008272819110196688,0,0.9631617665602975,0.9796688396130332,10.074812833333333,0.0159054272210253,10.15493415,0.02879685572319398,1.0021573215236552,0.0070621625165254885,1,0.9979025809146569,1.0103093931628615
cifar10,vit_small,grayscale,compact,dense_masked,20,dense_masked_control,8,3,heldout_val,45000,5000,128,128,200,0.0003,4ba79ef9f76ff06df88f37ba7586b1b5a3ac8b43008b3eed0ca6a744393e6687,NVIDIA RTX A6000,AMD EPYC 7413 24-Core Processor,4,10000,77.07666666666667,1.1067670637190705,1.7811643860181172,0.08192305175244877,48.33546666666667,1.4080282636052122,-1.0266666666666646,1.401189970465586,12.775866666666666,1.2874550883213158,11.892611166666667,0.05298869174251547,11.965041966666666,0.049948094125309137,0.9793620445435259,0.008846703225786678,0,0.9706085783730221,0.9882991263508086,11.9561975,0.03610157738589767,12.041202349999999,0.08940183912715438,0.9797316781839314,0.005626555703979002,0,0.9740377211278359,0.9852883188445123,12.166328666666667,0.03784811217330894,12.247195333333334,0.0719280677001924,0.9802227509036702,0.003933039254619292,0,0.9765781016704537,0.9843916041805524,11.5876215,0.04848332379024789,11.690201333333333,0.1673527018525042,1.0014064760009056,0.00569084157327031,2,0.9951063308649539,1.0061742031245637
cifar10,vit_small,grayscale,compact,dense_masked,40,dense_masked_control,1,3,heldout_val,45000,5000,128,128,200,0.0003,4ba79ef9f76ff06df88f37ba7586b1b5a3ac8b43008b3eed0ca6a744393e6687,NVIDIA RTX A6000,AMD EPYC 7413 24-Core Processor,4,10000,74.98333333333333,2.340113957339112,1.9004481469154357,0.18478544298639427,49.29968888888889,2.8881512589916083,-3.1200000000000006,2.75528582909287,13.740088888888888,3.0612948236060222,10.583588833333334,0.028478001880106053,10.663972833333332,0.06792067266733547,0.9624233498306493,0.004621553321502484,0,0.9595601526477227,0.9677549909247337,10.617230833333332,0.03765969486843189,10.70428435,0.10953269029902614,0.9622258357351801,0.006622692140351502,0,0.9558447062725031,0.9690661869357918,10.796731333333332,0.030641225425614437,10.895523,0.04928801469502988,0.966444843936861,0.0045659325670944105,0,0.9627374864146822,0.9715449615714411,10.138029333333334,0.03710990772129919,10.226969333333335,0.07680287247612172,0.9959017760858241,0.00433796966825758,0,0.9912989900671485,0.9999145286402126
cifar10,vit_small,grayscale,compact,dense_masked,40,dense_masked_control,8,3,heldout_val,45000,5000,128,128,200,0.0003,4ba79ef9f76ff06df88f37ba7586b1b5a3ac8b43008b3eed0ca6a744393e6687,NVIDIA RTX A6000,AMD EPYC 7413 24-Core Processor,4,10000,74.98333333333333,2.340113957339112,1.9004481469154357,0.18478544298639427,49.29968888888889,2.8881512589916083,-3.1200000000000006,2.75528582909287,13.740088888888888,3.0612948236060222,11.959137666666667,0.07059481187795263,12.03593835,0.11452665137684179,0.9739038726912187,0.005776508847691837,0,0.9677824123530453,0.9792589103731706,12.005331166666666,0.0808737695027465,12.101742666666667,0.09934423997739339,0.9757254236633437,0.002623206227274235,0,0.9741928430400477,0.9787543691377669,12.230123333333333,0.05401280802118417,12.29960335,0.06971316718682027,0.9751140194749546,0.00430471721099131,0,0.9720321974895892,0.9800324103276059,11.576098,0.10524444403506512,11.645944033333333,0.19160922404395372,1.0024217612055237,0.004768883100458233,2,0.9984164068491337,1.0076970670497374
cifar10,vit_small,grayscale,compact,dense_masked,60,dense_masked_control,1,3,heldout_val,45000,5000,128,128,200,0.0003,4ba79ef9f76ff06df88f37ba7586b1b5a3ac8b43008b3eed0ca6a744393e6687,NVIDIA RTX A6000,AMD EPYC 7413 24-Core Processor,4,10000,68.40333333333334,0.49084960357866747,2.3112999441782636,0.03274265527090442,54.31351111111111,0.7438798748105415,-9.699999999999998,1.1594826432508623,18.753911111111112,0.9166609583660638,10.674709333333332,0.17811398858689706,10.744721333333333,0.21384128545333203,0.9544507857468904,0.021656145798347265,0,0.9319325743157673,0.9751272300619025,10.680630833333334,0.186040273477502,10.758195483333333,0.16725423710686987,0.9567524681860254,0.02148057711199187,0,0.9338382057227836,0.9764325930871368,10.874213,0.1820981332736561,10.947744316666666,0.20058500388114936,0.9597845676456278,0.02048544175480103,0,0.937621636614885,0.9780254109261578,10.2028845,0.1929544966235553,10.289139650000001,0.1669494251941891,0.9898481650819461,0.02242887955014521,1,0.9649972071168208,1.0085884721727476
cifar10,vit_small,grayscale,compact,dense_masked,60,dense_masked_control,8,3,heldout_val,45000,5000,128,128,200,0.0003,4ba79ef9f76ff06df88f37ba7586b1b5a3ac8b43008b3eed0ca6a744393e6687,NVIDIA RTX A6000,AMD EPYC 7413 24-Core Processor,4,10000,68.40333333333334,0.49084960357866747,2.3112999441782636,0.03274265527090442,54.31351111111111,0.7438798748105415,-9.699999999999998,1.1594826432508623,18.753911111111112,0.9166609583660638,12.025984166666666,0.2776917792149831,12.152245183333333,0.37517960341788764,0.9688237390673423,0.02324081440423509,0,0.9479921193489996,0.9938911075161269,12.091594833333334,0.294063489022495,12.261224333333333,0.3937262266687803,0.9691343409298111,0.023938972523900717,0,0.9441109941857465,0.991816977569637,12.334354333333334,0.27172334101174167,12.501480333333333,0.3902333812553214,0.9671068815993422,0.016170856208016064,0,0.9499287603993151,0.9820347673687555,11.700991833333333,0.32113795299229775,11.839501166666667,0.4011455340398082,0.9920663355389049,0.01979932317824423,1,0.9700542943911922,1.0084217235239707
cifar10,vit_small,grayscale,compact,dense_masked,80,dense_masked_control,1,3,heldout_val,45000,5000,128,128,200,0.0003,4ba79ef9f76ff06df88f37ba7586b1b5a3ac8b43008b3eed0ca6a744393e6687,NVIDIA RTX A6000,AMD EPYC 7413 24-Core Processor,4,10000,56.80666666666667,0.5522076903967646,3.210691236114502,0.04182415030535136,61.51942222222222,0.19608997179110682,-21.296666666666663,0.7489548272982376,25.959822222222222,0.07970884053390108,10.621287333333333,0.03336480665436818,10.675707,0.039995539613812144,0.959010914605897,0.005370783435117501,0,0.95289751666965,0.9629704363482957,10.650848333333334,0.029244689814277587,10.763294133333334,0.08610480810239783,0.9591841660666331,0.00592012648872872,0,0.9534372468656568,0.965263493321226,10.831612999999999,0.018114254062753982,11.08012465,0.19321964397530159,0.9633320250474806,0.004903651793115644,0,0.9581369337995486,0.9678799734766054,10.197699666666667,0.03733570651980964,10.310144183333334,0.07100381991362097,0.9900692472739406,0.001823718651899507,0,0.9889257956942409,0.9921724228948159
cifar10,vit_small,grayscale,compact,dense_masked,80,dense_masked_control,8,3,heldout_val,45000,5000,128,128,200,0.0003,4ba79ef9f76ff06df88f37ba7586b1b5a3ac8b43008b3eed0ca6a744393e6687,NVIDIA RTX A6000,AMD EPYC 7413 24-Core Processor,4,10000,56.80666666666667,0.5522076903967646,3.210691236114502,0.04182415030535136,61.51942222222222,0.19608997179110682,-21.296666666666663,0.7489548272982376,25.959822222222222,0.07970884053390108,11.862389333333333,0.042240826105597776,11.95174815,0.04679576291415179,0.9818893715482089,0.01339641594731918,0,0.9664402462804077,0.9902902156164458,11.882583499999999,0.04279136163117552,11.937896166666667,0.03396857371727262,0.9858387744626882,0.011798004829433828,0,0.9735331629041822,0.9970533843752238,12.096444499999999,0.06428532960365108,12.16487315,0.04028447976879591,0.9859345080403987,0.011898836818589692,0,0.9730927162635047,0.9965860782964375,11.498880333333334,0.06145846094382224,11.575780166666666,0.025489358017824933,1.0091952357177212,0.01428259985388425,2,0.9929590356823083,1.0198197305354777
cifar10,vit_small,single_color,compact,dense_masked,0,dense_masked_control,1,3,heldout_val,45000,5000,128,128,200,0.0003,4ba79ef9f76ff06df88f37ba7586b1b5a3ac8b43008b3eed0ca6a744393e6687,NVIDIA RTX A6000,AMD EPYC 7413 24-Core Processor,4,10000,76.16333333333333,0.839900787791828,1.972471287918091,0.08655129352919667,48.84186666666667,0.7155067326339011,-1.940000000000001,0.5534437640808706,13.282266666666667,0.5464242226613945,10.460186,0.0387931916835925,10.623060016666667,0.020940786380310772,0.9737750129472973,0.0029331542695666055,0,0.9720294155358621,0.9771613870401815,10.496906,0.03872831678500988,10.583467683333334,0.08061595135316478,0.9732534264044139,0.00609688744602068,0,0.9672163653192379,0.9794084289490824,10.676750499999999,0.040052710828981146,10.767073333333332,0.0767455779326137,0.9773083865402519,0.004946867657876513,0,0.9726443167584459,0.9824963520023309,10.1214765,0.022170186354652784,10.171610150000001,0.01758167908200119,0.9975293447831916,0.004905168971530853,1,0.9932849622148417,1.0028995500912563
cifar10,vit_small,single_color,compact,dense_masked,0,dense_masked_control,8,3,heldout_val,45000,5000,128,128,200,0.0003,4ba79ef9f76ff06df88f37ba7586b1b5a3ac8b43008b3eed0ca6a744393e6687,NVIDIA RTX A6000,AMD EPYC 7413 24-Core Processor,4,10000,76.16333333333333,0.839900787791828,1.972471287918091,0.08655129352919667,48.84186666666667,0.7155067326339011,-1.940000000000001,0.5534437640808706,13.282266666666667,0.5464242226613945,11.922196666666666,0.1669151169916412,12.041937133333334,0.25298028459842653,0.976990626029829,0.009077636343883106,0,0.9675992696707688,0.985718090524957,11.957794333333332,0.16395998192343553,12.088257833333333,0.2529157475861933,0.9796789441298958,0.009430600419277933,0,0.9688045245731713,0.9856126151316504,12.177233333333334,0.13975813234775714,12.290351333333334,0.22148122736726653,0.9793862021776361,0.004446391027452968,0,0.9743009556247997,0.98254168252684,11.725378666666666,0.20536524336005244,11.827510666666667,0.2709938034150104,0.9897467133944331,0.007828962529045117,0,0.9812848118295676,0.9967326271005887
cifar10,vit_small,single_color,compact,dense_masked,20,dense_masked_control,1,3,heldout_val,45000,5000,128,128,200,0.0003,4ba79ef9f76ff06df88f37ba7586b1b5a3ac8b43008b3eed0ca6a744393e6687,NVIDIA RTX A6000,AMD EPYC 7413 24-Core Processor,4,10000,76.03333333333333,1.2492531101955844,1.946346688715617,0.12231903524052594,49.13217777777778,0.5616047852492108,-2.0699999999999976,0.8746999485537927,13.572577777777777,0.44579266398097805,10.586702,0.018846843210468842,10.648602,0.019647283838994074,0.9621385047511571,0.004450464755128129,0,0.9578932370703886,0.9667691085426382,10.612725333333334,0.027417697429458213,10.715571200000001,0.06206184884204154,0.9626231989852028,0.004150427621311187,0,0.9599267718413874,0.9674025945594698,10.795152666666667,0.021613421133252937,10.86647315,0.04571835886894907,0.966581755494498,0.003434153841720829,0,0.9630523802561715,0.9699120246123133,10.1486905,0.0373611291049937,10.227286683333334,0.09109330999503067,0.9948621998673122,0.0061919319294182085,1,0.9881143689520171,1.000283089792922
cifar10,vit_small,single_color,compact,dense_masked,20,dense_masked_control,8,3,heldout_val,45000,5000,128,128,200,0.0003,4ba79ef9f76ff06df88f37ba7586b1b5a3ac8b43008b3eed0ca6a744393e6687,NVIDIA RTX A6000,AMD EPYC 7413 24-Core Processor,4,10000,76.03333333333333,1.2492531101955844,1.946346688715617,0.12231903524052594,49.13217777777778,0.5616047852492108,-2.0699999999999976,0.8746999485537927,13.572577777777777,0.44579266398097805,11.904865666666666,0.05742079906561101,11.973009133333333,0.04548192077189425,0.9783657476706265,0.010473001645242282,0,0.968448101858978,0.9893173987591426,11.96603,0.006832525374998248,12.025059516666667,0.021547948707495084,0.9789337382720389,0.007798933477860007,0,0.9704786527014785,0.9858458684349176,12.166428,0.023008504405979017,12.273509166666667,0.061573758380363657,0.9802202846958327,0.006137999048218737,0,0.9753313565618802,0.9871087130506627,11.558237333333333,0.04537086209323515,11.609949333333335,0.027849728633971317,1.0039936985152487,0.012596424506646643,2,0.9896874605371032,1.0134202678636104
cifar10,vit_small,single_color,compact,dense_masked,40,dense_masked_control,1,3,heldout_val,45000,5000,128,128,200,0.0003,4ba79ef9f76ff06df88f37ba7586b1b5a3ac8b43008b3eed0ca6a744393e6687,NVIDIA RTX A6000,AMD EPYC 7413 24-Core Processor,4,10000,75.07666666666667,1.8764416679804725,1.9910447794596355,0.1430638400739752,49.60848888888889,1.023309579166937,-3.0266666666666664,1.1755991380284905,14.048888888888888,1.0280163797513326,10.5421235,0.06522907787750737,10.623443166666666,0.11136578060307957,0.9662616789902285,0.012076033231289895,0,0.9548592998957778,0.9789141196365757,10.5737685,0.06290362482202362,10.656264333333334,0.10567075179813655,0.9662241828970752,0.012196512540045314,0,0.9568698279568073,0.9800187586187992,10.768119333333333,0.05830256202418023,10.889939316666666,0.07420393169924165,0.9690490110783743,0.010320878241550058,0,0.9604262397649067,0.9804847485535988,10.067395,0.05550651093565512,10.118699016666667,0.058695602202172945,1.0029284740461983,0.010983735538191547,1,0.9944222867334387,1.0153287162481195
cifar10,vit_small,single_color,compact,dense_masked,40,dense_masked_control,8,3,heldout_val,45000,5000,128,128,200,0.0003,4ba79ef9f76ff06df88f37ba7586b1b5a3ac8b43008b3eed0ca6a744393e6687,NVIDIA RTX A6000,AMD EPYC 7413 24-Core Processor,4,10000,75.07666666666667,1.8764416679804725,1.9910447794596355,0.1430638400739752,49.60848888888889,1.023309579166937,-3.0266666666666664,1.1755991380284905,14.048888888888888,1.0280163797513326,11.949787,0.08678501280175027,12.061919316666668,0.1407026759054378,0.9747519638001481,0.01632400448594774,0,0.9562331079816425,0.9870547626755,12.006419833333334,0.08511568316463909,12.131532683333333,0.11486960996245203,0.9757019420660419,0.01383954302132113,0,0.9597407096458124,0.9843624448546087,12.233289666666666,0.14294513671364778,12.357548183333334,0.16346303541948184,0.9750072633900498,0.018275536861672034,0,0.9587691900412157,0.9947984454551286,11.630666333333332,0.18280588415128612,11.75234785,0.1962854040552101,0.997974220891515,0.02500702084720559,1,0.9758177446819427,1.0250889490466073
cifar10,vit_small,single_color,compact,dense_masked,60,dense_masked_control,1,3,heldout_val,45000,5000,128,128,200,0.0003,4ba79ef9f76ff06df88f37ba7586b1b5a3ac8b43008b3eed0ca6a744393e6687,NVIDIA RTX A6000,AMD EPYC 7413 24-Core Processor,4,10000,72.86666666666667,0.791475415495218,2.1560435672124227,0.08906728560726852,50.967422222222226,1.1084225133712071,-5.236666666666664,1.07267578202052,15.40782222222222,0.9367127042857758,10.550725,0.04366155871015089,10.611847516666668,0.0404627404969783,0.9654515266266843,0.010015448330095255,0,0.9557537702383496,0.9757569922184101,10.576089666666666,0.044635252181805356,10.649911166666667,0.0771744804976583,0.9659914292488719,0.010240310241071894,0,0.9575153791622061,0.977369579293187,10.7683115,0.060074525959427284,10.91588065,0.15889264677406442,0.9690334336727018,0.010477648939183388,0,0.959917471875262,0.9804802140077157,10.100397833333334,0.03959981163570556,10.2169295,0.03922201375184528,0.9996362141235213,0.009442981074750563,1,0.9934705282495421,1.010507389992253
cifar10,vit_small,single_color,compact,dense_masked,60,dense_masked_control,8,3,heldout_val,45000,5000,128,128,200,0.0003,4ba79ef9f76ff06df88f37ba7586b1b5a3ac8b43008b3eed0ca6a744393e6687,NVIDIA RTX A6000,AMD EPYC 7413 24-Core Processor,4,10000,72.86666666666667,0.791475415495218,2.1560435672124227,0.08906728560726852,50.967422222222226,1.1084225133712071,-5.236666666666664,1.07267578202052,15.40782222222222,0.9367127042857758,11.898373999999999,0.08005186745479527,11.971252166666666,0.08412481894994389,0.9788957395293584,0.008813292537404855,0,0.9717947289438386,0.9887593947370282,11.966072666666667,0.08572415768226253,12.031096,0.06156901363307673,0.978959035941105,0.00985372892110635,0,0.9726727380838119,0.9903154557217138,12.167728,0.11549891415506856,12.236744816666667,0.12924954079618867,0.9801501490199795,0.007511282518703459,0,0.9743925423420344,0.9886464997848615,11.588374166666666,0.0851016433835655,11.660529516666667,0.016024034084019975,1.0013902501192715,0.01191286635451129,2,0.9880336070317859,1.0109175098609382
cifar10,vit_small,single_color,compact,dense_masked,80,dense_masked_control,1,3,heldout_val,45000,5000,128,128,200,0.0003,4ba79ef9f76ff06df88f37ba7586b1b5a3ac8b43008b3eed0ca6a744393e6687,NVIDIA RTX A6000,AMD EPYC 7413 24-Core Processor,4,10000,65.97333333333333,0.05507570547286066,2.7688932233810424,0.031201370050604967,54.59737777777778,0.15740000470610574,-12.129999999999999,0.701640933811596,19.037777777777777,0.2717546060804253,10.5719965,0.07184908207311978,10.64468735,0.11011217189095152,0.9635172019004182,0.009845183115380006,0,0.9548393833054745,0.9742160820233184,10.648539,0.16278414901949073,10.761676483333332,0.21170827045612942,0.9595672880427537,0.01818180913666068,0,0.9394543367455936,0.9748372151460333,10.770910666666667,0.08042243585022352,10.890354683333333,0.0717361735073444,0.9688028089766795,0.009795044431333846,0,0.9592776816599042,0.9788471202257061,10.105411333333333,0.07354190558167119,10.171156316666666,0.04453728423695513,0.9991582081701885,0.01024636337296368,2,0.9882072295976891,1.008512487680117
cifar10,vit_small,single_color,compact,dense_masked,80,dense_masked_control,8,3,heldout_val,45000,5000,128,128,200,0.0003,4ba79ef9f76ff06df88f37ba7586b1b5a3ac8b43008b3eed0ca6a744393e6687,NVIDIA RTX A6000,AMD EPYC 7413 24-Core Processor,4,10000,65.97333333333333,0.05507570547286066,2.7688932233810424,0.031201370050604967,54.59737777777778,0.15740000470610574,-12.129999999999999,0.701640933811596,19.037777777777777,0.2717546060804253,11.849765166666666,0.0869867703624139,11.924393366666667,0.11073482408055232,0.9828963423872022,0.005061741844688774,0,0.978263175665541,0.9882986274671304,11.893976666666667,0.07436120878914912,11.96962615,0.06978623088971407,0.9848907139703642,0.0101595173344365,0,0.978419642300479,0.9966003111722738,12.078048833333334,0.03395762891580204,12.124456166666667,0.032432093920734435,0.9873911737891495,0.005368110036311525,0,0.9812982531005239,0.9914244692126609,11.512031333333333,0.03978033277366297,11.534966683333334,0.04131523003870089,1.0079949338059915,0.00881281307653189,2,0.9978400519433559,1.0136419843306508
mnist,swin_tiny,grayscale,compact,dense_masked,0,dense_masked_control,1,3,heldout_val,55000,5000,1024,1024,50,0.000848528137423857,4ba79ef9f76ff06df88f37ba7586b1b5a3ac8b43008b3eed0ca6a744393e6687,NVIDIA RTX A6000,AMD EPYC 7413 24-Core Processor,4,10000,98.98333333333333,0.1550268793897817,0.046478218070665996,0.006481695326108906,27.06133333333333,1.4426578866029829,-0.24999999999999836,0.1682260384126118,3.0266666666666673,1.561349985678351,18.462254166666668,0.136993513310241,18.5775772,0.1574742721582381,0.9855554611996548,0.009676002927063302,0,0.9758521524633814,0.9952039251659471,18.470327166666667,0.14758906861649174,18.549036833333336,0.13661762986921924,0.9890292250195,0.01093996712821034,0,0.9764289172700846,0.9961085221617397,18.671763666666667,0.12493455152332152,18.73987635,0.1345809880932935,0.9917484082079825,0.013439216730891235,1,0.9764135287687727,1.0014758602524398,18.084130833333333,0.13739390248509162,18.182674833333333,0.11516357579800571,1.003620552795013,0.012542134532884391,2,0.9891640644806888,1.0115988621855574
mnist,swin_tiny,grayscale,compact,dense_masked,0,dense_masked_control,8,3,heldout_val,55000,5000,1024,1024,50,0.000848528137423857,4ba79ef9f76ff06df88f37ba7586b1b5a3ac8b43008b3eed0ca6a744393e6687,NVIDIA RTX A6000,AMD EPYC 7413 24-Core Processor,4,10000,98.98333333333333,0.1550268793897817,0.046478218070665996,0.006481695326108906,27.06133333333333,1.4426578866029829,-0.24999999999999836,0.1682260384126118,3.0266666666666673,1.561349985678351,18.91214766666667,0.1299163145887898,19.035867,0.11783232970305699,0.9930183535963389,0.003673447768694147,0,0.989260694946729,0.9966013600287482,18.91426583333333,0.1435248563458023,19.01651233333333,0.13293608908450522,0.994385501282071,0.005210995137702497,0,0.9887965021794416,0.9991104896570427,19.143115833333333,0.11926625158163442,19.27226365,0.15635882064578857,0.9943571435644608,0.003214491415907413,0,0.9909518985625425,0.9973389005073866,18.5569415,0.12725276082171963,18.6565065,0.11238792820072134,1.007768562508694,0.006360611254606668,3,1.0032420020688364,1.0150408409788187
mnist,swin_tiny,grayscale,compact,dense_masked,20,dense_masked_control,1,3,heldout_val,55000,5000,1024,1024,50,0.000848528137423857,4ba79ef9f76ff06df88f37ba7586b1b5a3ac8b43008b3eed0ca6a744393e6687,NVIDIA RTX A6000,AMD EPYC 7413 24-Core Processor,4,10000,98.95333333333333,0.10408329997330763,0.0479035298705101,0.00434188418802413,26.924888888888894,1.0256742678373598,-0.27999999999999875,0.11789826122551993,2.8902222222222247,1.0480509600276213,18.635804666666665,0.06162508479777765,18.757355349999997,0.09556428872684457,0.9763323045311628,0.0015459378128266626,0,0.9745559158854095,0.9773729988722568,18.65404983333333,0.07578398544602337,18.7433455,0.0918662044087897,0.9792348442375565,0.0024794165899322254,0,0.9774134354299137,0.9820584937772906,18.805045833333335,0.07443236952820656,18.99307848333333,0.0748701533110878,0.9846817359190904,0.009808031845915265,0,0.9753444606545452,0.994900955202512,18.171878666666668,0.09570673787713982,18.32963515,0.11347302396260196,0.9987331509714341,0.007954485145194205,1,0.992190934109143,1.0075875722919116
mnist,swin_tiny,grayscale,compact,dense_masked,20,dense_masked_control,8,3,heldout_val,55000,5000,1024,1024,50,0.000848528137423857,4ba79ef9f76ff06df88f37ba7586b1b5a3ac8b43008b3eed0ca6a744393e6687,NVIDIA RTX A6000,AMD EPYC 7413 24-Core Processor,4,10000,98.95333333333333,0.10408329997330763,0.0479035298705101,0.00434188418802413,26.924888888888894,1.0256742678373598,-0.27999999999999875,0.11789826122551993,2.8902222222222247,1.0480509600276213,19.1976785,0.1809140800760146,19.349756316666667,0.28569466818427974,0.9783090916457556,0.012206518591902462,0,0.9647233265408414,0.9883530257234936,19.208191833333334,0.16193560233340887,19.326414033333336,0.13010209939015424,0.9792107384300771,0.011604315177829633,0,0.966607702190485,0.9894534161386304,19.41209,0.1713536809321601,19.5256925,0.21440114403904204,0.9806346067445352,0.011600519069406696,0,0.9674909054306172,0.9894435044523074,18.677946833333333,0.19559316752530978,18.782173150000002,0.21778662890107026,1.0013303464097327,0.015751552774966916,2,0.9839467772305192,1.0146557102601474
mnist,swin_tiny,grayscale,compact,dense_masked,40,dense_masked_control,1,3,heldout_val,55000,5000,1024,1024,50,0.000848528137423857,4ba79ef9f76ff06df88f37ba7586b1b5a3ac8b43008b3eed0ca6a744393e6687,NVIDIA RTX A6000,AMD EPYC 7413 24-Core Processor,4,10000,98.92666666666666,0.060277137733416274,0.04969726213614146,0.002650893155016692,27.802222222222223,1.4377810578702073,-0.3066666666666662,0.07505553499465417,3.7675555555555564,1.8040034901830424,18.6332465,0.07955602172525966,18.800853683333333,0.1343630166366488,0.9764717970977763,0.0033840430512188458,0,0.9735943516706047,0.9802000564965322,18.678757166666667,0.06446811324277485,18.80029185,0.02005161256775975,0.9779625065523938,0.008837375496937657,0,0.9720780582979917,0.9881247831191428,18.877565,0.08627340732809839,19.01785515,0.1476396907734073,0.980913350829816,0.011507049538004344,0,0.9692049441584516,0.9922078757537454,18.193139666666667,0.052101057094203575,18.3272905,0.025431538937902426,0.997568812622358,0.009537781126440882,1,0.9892581942951697,1.0079826748200602
mnist,swin_tiny,grayscale,compact,dense_masked,40,dense_masked_control,8,3,heldout_val,55000,5000,1024,1024,50,0.000848528137423857,4ba79ef9f76ff06df88f37ba7586b1b5a3ac8b43008b3eed0ca6a744393e6687,NVIDIA RTX A6000,AMD EPYC 7413 24-Core Processor,4,10000,98.92666666666666,0.060277137733416274,0.04969726213614146,0.002650893155016692,27.802222222222223,1.4377810578702073,-0.3066666666666662,0.07505553499465417,3.7675555555555564,1.8040034901830424,19.013935500000002,0.1560139663227298,19.16482615,0.16034580982268545,0.9877555914329087,0.012280495233201775,0,0.973858158697366,0.9971449195464297,19.019450499999998,0.1696585792731984,19.105924666666667,0.17708748858003348,0.9889397637661074,0.012792384273405611,0,0.9741688225847177,0.9964230497974014,19.236027166666666,0.1720706011680484,19.363100316666667,0.16187817020702955,0.9896174043393114,0.012514732534139516,0,0.9752752760761906,0.9983201499208452,18.527673500000002,0.1443954473650408,18.604662483333332,0.17496347834220705,1.0094206645754147,0.014408763403485571,2,0.9928756428700515,1.019212765963215
mnist,swin_tiny,grayscale,compact,dense_masked,60,dense_masked_control,1,3,heldout_val,55000,5000,1024,1024,50,0.000848528137423857,4ba79ef9f76ff06df88f37ba7586b1b5a3ac8b43008b3eed0ca6a744393e6687,NVIDIA RTX A6000,AMD EPYC 7413 24-Core Processor,4,10000,99.03666666666666,0.06429100507328561,0.04575877238909404,0.006327206666661215,28.737999999999996,2.2150365936279965,-0.1966666666666672,0.07094598884597901,4.703333333333332,2.1622711311129437,18.520572166666668,0.08934072598251892,18.658845666666664,0.03653774276119548,0.982426816858594,0.007006437724591171,0,0.9744395339133386,0.9875352017783423,18.548295666666668,0.09040041352551192,18.66814815,0.1176376683677155,0.9848551217628366,0.010431834996489996,0,0.9741785160872266,0.9950236160905975,18.753397666666668,0.10161338301785713,18.8303452,0.08601368426705573,0.9874247883891906,0.01322441494695503,0,0.972345786071607,0.9970506542138498,18.030434333333332,0.07656792442716245,18.134168966666667,0.0682713445039401,1.0065830980535866,0.010933617546695754,2,0.9952832119299617,1.0171093535389673
mnist,swin_tiny,grayscale,compact,dense_masked,60,dense_masked_control,8,3,heldout_val,55000,5000,1024,1024,50,0.000848528137423857,4ba79ef9f76ff06df88f37ba7586b1b5a3ac8b43008b3eed0ca6a744393e6687,NVIDIA RTX A6000,AMD EPYC 7413 24-Core Processor,4,10000,99.03666666666666,0.06429100507328561,0.04575877238909404,0.006327206666661215,28.737999999999996,2.2150365936279965,-0.1966666666666672,0.07094598884597901,4.703333333333332,2.1622711311129437,19.030870166666666,0.058389517767175984,19.140108816666668,0.03841159607007835,0.9868087295995961,0.002510206168002259,0,0.9851370645233245,0.9896952417593347,19.014030166666664,0.041207616408661704,19.173183016666666,0.05100397735619042,0.9891454648141194,0.0033738845275279265,0,0.9855579248869304,0.9922546300636302,19.2455645,0.057628325776044695,19.393806183333336,0.07301236774376405,0.9890517089989413,0.001745413509737395,0,0.9871892263439888,0.9906499114122198,18.528120166666668,0.09152898844946905,18.642896316666665,0.14786802211347336,1.0093233134170592,0.004948380544813984,3,1.0046979304320462,1.0145413180076255
mnist,swin_tiny,grayscale,compact,dense_masked,80,dense_masked_control,1,3,heldout_val,55000,5000,1024,1024,50,0.000848528137423857,4ba79ef9f76ff06df88f37ba7586b1b5a3ac8b43008b3eed0ca6a744393e6687,NVIDIA RTX A6000,AMD EPYC 7413 24-Core Processor,4,10000,98.85333333333334,0.050332229568472005,0.04961002095540364,0.0034823727165748755,39.965333333333334,0.6996630935274792,-0.37999999999999884,0.06557438524302464,15.930666666666665,0.7541149337689398,18.5380245,0.07992819960908436,18.657382133333336,0.09540496077354167,0.9814864586146478,0.0028372539499003863,0,0.9782210437604641,0.983348968889379,18.55170933333333,0.0941541900559037,18.731655816666667,0.1543623854306828,0.9846385012312017,0.001513551891380497,0,0.9832314576781426,0.9862398039708551,18.771047,0.09383812857921932,18.925228983333334,0.2300585940677948,0.9864429247578652,0.004626801815118253,0,0.9815279421479692,0.9907141151819332,18.056426333333334,0.07970613116369044,18.19879385,0.1753067685018681,1.0050970613026107,0.0024534051640688385,3,1.0030178895866553,1.0078030746659896
mnist,swin_tiny,grayscale,compact,dense_masked,80,dense_masked_control,8,3,heldout_val,55000,5000,1024,1024,50,0.000848528137423857,4ba79ef9f76ff06df88f37ba7586b1b5a3ac8b43008b3eed0ca6a744393e6687,NVIDIA RTX A6000,AMD EPYC 7413 24-Core Processor,4,10000,98.85333333333334,0.050332229568472005,0.04961002095540364,0.0034823727165748755,39.965333333333334,0.6996630935274792,-0.37999999999999884,0.06557438524302464,15.930666666666665,0.7541149337689398,18.977166166666667,0.11576268245891418,19.126914499999998,0.08998755015556173,0.9896198144731184,0.005837315594491714,0,0.9851401104886882,0.996221253620098,19.0048825,0.1608291218319937,19.173190316666666,0.12818166785328985,0.9896636765175042,0.008434504414913224,0,0.9838397033086543,0.9993359787042182,19.291288666666667,0.08676338726290626,19.410157833333333,0.042929672821759864,0.9867110749013058,0.0016682037249551463,0,0.9853677617005193,0.9885783635108887,18.507516833333334,0.16890200699098545,18.652505833333333,0.15083468997907185,1.0104869018589289,0.00927092410933718,3,1.0045762083494574,1.021171919403479
mnist,vit_small,grayscale,compact,dense_masked,0,dense_masked_control,1,3,heldout_val,55000,5000,256,256,50,0.0004242640687119285,4ba79ef9f76ff06df88f37ba7586b1b5a3ac8b43008b3eed0ca6a744393e6687,NVIDIA RTX A6000,AMD EPYC 7413 24-Core Processor,4,10000,98.03666666666668,0.13650396819629038,0.11665533097352794,0.003611632251741666,38.986222222222224,0.9132151586159367,-0.2633333333333339,0.14433756729740335,11.88222222222222,0.8172099780032992,10.346368,0.07361344912446417,10.450367483333334,0.09923661763910922,0.9751091688478738,0.009689442464817457,0,0.9677133670895826,0.9860776874822759,10.378687166666667,0.0721406333530791,10.460374166666668,0.0460874069251385,0.976892755460119,0.007100023643201914,0,0.972673788203304,0.9850899785867695,10.561456833333335,0.06706802949307049,10.675609966666666,0.04592377530376707,0.978714868262228,0.007081897420570601,0,0.9726466263734872,0.9864961569264376,10.0411775,0.051624262733235206,10.123196666666667,0.008874637631098923,0.9998077958544305,0.015165699824092322,1,0.989363756106524,1.0172031462694717
mnist,vit_small,grayscale,compact,dense_masked,0,dense_masked_control,8,3,heldout_val,55000,5000,256,256,50,0.0004242640687119285,4ba79ef9f76ff06df88f37ba7586b1b5a3ac8b43008b3eed0ca6a744393e6687,NVIDIA RTX A6000,AMD EPYC 7413 24-Core Processor,4,10000,98.03666666666668,0.13650396819629038,0.11665533097352794,0.003611632251741666,38.986222222222224,0.9132151586159367,-0.2633333333333339,0.14433756729740335,11.88222222222222,0.8172099780032992,10.806376499999999,0.09158606345263526,10.879589816666666,0.0987013886466443,0.9817767177915971,0.012198195214749736,0,0.9682485528441952,0.9919374944470073,10.8396765,0.08934238919040506,10.952972183333333,0.14589760608274538,0.9822219569802181,0.01231811762092597,0,0.9693065499880745,0.9938401079756288,11.036905833333334,0.09286794212392907,11.155492183333333,0.10826705736395939,0.9842672636428793,0.013310484888370604,0,0.9698209382944885,0.9960342981143279,10.463064666666666,0.06517936855580313,10.530058016666667,0.07348361983701468,1.0034695969709633,0.011132826823450109,2,0.9924060967679157,1.0146704788864251
mnist,vit_small,grayscale,compact,dense_masked,20,dense_masked_control,1,3,heldout_val,55000,5000,256,256,50,0.0004242640687119285,4ba79ef9f76ff06df88f37ba7586b1b5a3ac8b43008b3eed0ca6a744393e6687,NVIDIA RTX A6000,AMD EPYC 7413 24-Core Processor,4,10000,98.03666666666668,0.13650396819629038,0.11665533097352794,0.003611632251741666,38.25288888888888,0.7156350197422463,-0.2633333333333339,0.14433756729740335,11.148888888888887,0.6150860222886055,10.856893,0.5204614195603271,10.921219,0.5298396554102464,0.9305293181173934,0.041226893111732554,0,0.8831502039312962,0.9582277865154968,10.870717666666666,0.4822586425017002,11.015369666666667,0.49433453683369477,0.933830226218606,0.040075320025688976,0,0.8877442947980579,0.9604920963192713,11.060965666666666,0.5409493527873781,11.18003665,0.5291742188427571,0.9359295145923624,0.04424580556707044,0,0.8852223573859372,0.9666941435844706,10.395536666666667,0.49770735622887147,10.507157666666666,0.5620890364135676,0.9668182179858605,0.035772533907579444,0,0.9261702531735633,0.993504699871978
mnist,vit_small,grayscale,compact,dense_masked,20,dense_masked_control,8,3,heldout_val,55000,5000,256,256,50,0.0004242640687119285,4ba79ef9f76ff06df88f37ba7586b1b5a3ac8b43008b3eed0ca6a744393e6687,NVIDIA RTX A6000,AMD EPYC 7413 24-Core Processor,4,10000,98.03666666666668,0.13650396819629038,0.11665533097352794,0.003611632251741666,38.25288888888888,0.7156350197422463,-0.2633333333333339,0.14433756729740335,11.148888888888887,0.6150860222886055,10.948916166666665,0.044533616393499266,11.0018195,0.031581951360705754,0.968933835694349,0.004295508524400823,0,0.9652736038063757,0.9736628169987651,10.959486166666666,0.04494470361547938,11.049066166666666,0.03054759624885997,0.9714266265304655,0.005365406665627021,0,0.9660608711195917,0.9767916843828284,11.160816833333334,0.08097368081100999,11.283561133333334,0.13182539688059314,0.9732753547703829,0.0018259779831372727,0,0.971570598259047,0.9752022326876122,10.432226166666666,0.08823646453186615,10.52517065,0.027894570398062,1.0064162267889447,0.005634675795831461,2,0.9999297411197008,1.0100995821900185
mnist,vit_small,grayscale,compact,dense_masked,40,dense_masked_control,1,3,heldout_val,55000,5000,256,256,50,0.0004242640687119285,4ba79ef9f76ff06df88f37ba7586b1b5a3ac8b43008b3eed0ca6a744393e6687,NVIDIA RTX A6000,AMD EPYC 7413 24-Core Processor,4,10000,98.03666666666668,0.13650396819629038,0.11665533097352794,0.003611632251741666,37.82711111111111,0.7953599697504787,-0.2633333333333339,0.14433756729740335,10.72311111111111,0.7222533668498384,10.606758333333334,0.16828948271455674,10.66572765,0.19370300683563865,0.9512919484726411,0.015932397458054574,0,0.9353985573055866,0.9672630678155214,10.619409999999998,0.19470192122575442,10.709183783333332,0.18229931783535377,0.9549207605682898,0.016738241065865942,0,0.9373490822734416,0.9706776688880727,10.807386333333334,0.1708332667810433,10.878950999999999,0.1985374881906502,0.9565545664416949,0.013250993805971814,0,0.9424982490900473,0.9688175884135591,10.1069735,0.1650746907819313,10.215189816666665,0.1415428021850672,0.9934732080482235,0.02256195812406607,1,0.9708332651461002,1.015956364234546
mnist,vit_small,grayscale,compact,dense_masked,40,dense_masked_control,8,3,heldout_val,55000,5000,256,256,50,0.0004242640687119285,4ba79ef9f76ff06df88f37ba7586b1b5a3ac8b43008b3eed0ca6a744393e6687,NVIDIA RTX A6000,AMD EPYC 7413 24-Core Processor,4,10000,98.03666666666668,0.13650396819629038,0.11665533097352794,0.003611632251741666,37.82711111111111,0.7953599697504787,-0.2633333333333339,0.14433756729740335,10.72311111111111,0.7222533668498384,10.936664833333333,0.04794366602152317,11.057304,0.12245706075702538,0.9700286301145178,0.006573269279823753,0,0.9631490509913483,0.9762453626609534,10.942960166666666,0.048507595429308124,11.048213483333333,0.04800886316453193,0.9728951872032376,0.005533553187169157,0,0.9676884631635457,0.978705998280528,11.137290166666666,0.05224606287638609,11.187010833333334,0.05617197747171935,0.9753299163830379,0.005314076702616668,0,0.9700929569264054,0.9807178911805832,10.403300333333332,0.041012012293147826,10.526024016666666,0.1366205392195887,1.0092017370820079,0.007107626894833171,3,1.002734592926663,1.0168114255808518
mnist,vit_small,grayscale,compact,dense_masked,60,dense_masked_control,1,3,heldout_val,55000,5000,256,256,50,0.0004242640687119285,4ba79ef9f76ff06df88f37ba7586b1b5a3ac8b43008b3eed0ca6a744393e6687,NVIDIA RTX A6000,AMD EPYC 7413 24-Core Processor,4,10000,97.88333333333334,0.11718930554164382,0.12566727322354745,0.012877748960604118,37.118,0.45109397887555497,-0.4166666666666689,0.06429100507328561,10.014,0.5938061786288328,10.513844333333333,0.046876163543782386,10.662342966666667,0.04449991456958961,0.9595467000883149,0.005756304497929461,0,0.9535396512449213,0.9650142790178698,10.512405833333334,0.08407737361551708,10.624075016666668,0.07904132948306677,0.964483236759759,0.009097223032260572,0,0.9580504356658011,0.9748915612122637,10.713823999999999,0.06507313190557173,10.860914633333334,0.08459654101796024,0.9648045670075315,0.00876104505753886,0,0.9576318679315612,0.9745691202872532,10.111649333333334,0.08136643000853155,10.190348349999999,0.05536806056782749,0.9928606499828849,0.015850343218215844,1,0.9796785221769794,1.010447486256018
mnist,vit_small,grayscale,compact,dense_masked,60,dense_masked_control,8,3,heldout_val,55000,5000,256,256,50,0.0004242640687119285,4ba79ef9f76ff06df88f37ba7586b1b5a3ac8b43008b3eed0ca6a744393e6687,NVIDIA RTX A6000,AMD EPYC 7413 24-Core Processor,4,10000,97.88333333333334,0.11718930554164382,0.12566727322354745,0.012877748960604118,37.118,0.45109397887555497,-0.4166666666666689,0.06429100507328561,10.014,0.5938061786288328,10.944397666666665,0.05477938430955007,11.01934285,0.019436911460350734,0.9693845044316663,0.012586197546410877,0,0.9609553025777455,0.9838520944718889,10.964229666666666,0.0683963885693787,11.017936983333334,0.07703948347357864,0.9710724574760138,0.014196379787037042,0,0.9627407703177043,0.9874642750809809,11.160114,0.05961070876109428,11.255371016666667,0.03674018298472148,0.9733942985973343,0.01397752911778832,0,0.9643053582672606,0.9894892965856306,10.455434166666667,0.06983655231025786,10.56377435,0.059826614157434316,1.0042403400330446,0.015334735940309858,1,0.9946055039900926,1.0219236656081332
mnist,vit_small,grayscale,compact,dense_masked,80,dense_masked_control,1,3,heldout_val,55000,5000,256,256,50,0.0004242640687119285,4ba79ef9f76ff06df88f37ba7586b1b5a3ac8b43008b3eed0ca6a744393e6687,NVIDIA RTX A6000,AMD EPYC 7413 24-Core Processor,4,10000,97.62333333333333,0.005773502691895621,0.14626466418799147,0.004880250358313887,45.583555555555556,0.597459932020861,-0.6766666666666735,0.051316014394467875,18.479555555555553,0.6979399316188665,10.443670666666666,0.057902122295588956,10.583057116666668,0.13173415161143978,0.9660010292122165,0.006602403661653874,0,0.9605933330871692,0.9733588380691369,10.463097,0.06065043804664459,10.581127983333333,0.07724668220432443,0.9689993689743479,0.005228006336378362,0,0.964490435536731,0.9747300678048784,10.640219666666665,0.04049401629356317,10.776847166666668,0.0791780601684321,0.9714491343334705,0.0035828986323883046,0,0.9684898022295906,0.975432583070505,9.970970166666667,0.05974016144172487,10.158163199999999,0.10382656954673253,1.006850782690507,0.015273889351364341,1,0.9965138287451518,1.0243947286751627
mnist,vit_small,grayscale,compact,dense_masked,80,dense_masked_control,8,3,heldout_val,55000,5000,256,256,50,0.0004242640687119285,4ba79ef9f76ff06df88f37ba7586b1b5a3ac8b43008b3eed0ca6a744393e6687,NVIDIA RTX A6000,AMD EPYC 7413 24-Core Processor,4,10000,97.62333333333333,0.005773502691895621,0.14626466418799147,0.004880250358313887,45.583555555555556,0.597459932020861,-0.6766666666666735,0.051316014394467875,18.479555555555553,0.6979399316188665,10.9639215,0.03836019492585978,11.038352166666666,0.06491854297953549,0.9676117269041646,0.005829583082637704,0,0.9622777210381349,0.9738347564095277,10.990249666666667,0.03803410883777047,11.087352166666667,0.0906740326131654,0.9687122511282318,0.006865086345547382,0,0.96191653636452,0.975644667346707,11.200451333333334,0.06021038083531167,11.289759633333334,0.03714504578171677,0.9698294104313324,0.00448358233688155,0,0.9655630511249235,0.974502500372925,10.463143833333334,0.027981083808233203,10.550670133333334,0.08420574193026159,1.0034378505528299,0.009119402809127876,2,0.9952053222210316,1.0132402923051866
