dataset,architecture,batch_size,representation,family,sparsity_percent,expected_seeds,available_seeds,seed_ids,plotted,mean_seed_median_ms,sample_sd_ms,scope,latency_unit,hardware_identity
mnist,vit_small,1,raw,raw_dense_reference,,3,3,0;1;2,True,10.088373,0.03318982071358575,gpu_raw_to_logits,milliseconds_per_batch,4ba79ef9f76ff06df88f37ba7586b1b5a3ac8b43008b3eed0ca6a744393e6687
mnist,vit_small,1,grayscale,matched_sparse_training,0,3,3,0;1;2,True,10.769702166666667,0.011340175355051576,gpu_raw_to_logits,milliseconds_per_batch,4ba79ef9f76ff06df88f37ba7586b1b5a3ac8b43008b3eed0ca6a744393e6687
mnist,vit_small,1,grayscale,matched_sparse_training,20,3,3,0;1;2,True,10.882786166666667,0.04255560756332117,gpu_raw_to_logits,milliseconds_per_batch,4ba79ef9f76ff06df88f37ba7586b1b5a3ac8b43008b3eed0ca6a744393e6687
mnist,vit_small,1,grayscale,matched_sparse_training,40,3,3,0;1;2,True,10.9074085,0.04534737511422216,gpu_raw_to_logits,milliseconds_per_batch,4ba79ef9f76ff06df88f37ba7586b1b5a3ac8b43008b3eed0ca6a744393e6687
mnist,vit_small,1,grayscale,matched_sparse_training,60,3,3,0;1;2,True,10.915305333333333,0.04354719024900914,gpu_raw_to_logits,milliseconds_per_batch,4ba79ef9f76ff06df88f37ba7586b1b5a3ac8b43008b3eed0ca6a744393e6687
mnist,vit_small,1,grayscale,matched_sparse_training,80,3,3,0;1;2,True,10.897540000000001,0.047342332692316025,gpu_raw_to_logits,milliseconds_per_batch,4ba79ef9f76ff06df88f37ba7586b1b5a3ac8b43008b3eed0ca6a744393e6687
mnist,vit_small,1,grayscale,dense_trained_sparse_inference,0,3,3,0;1;2,True,10.769001333333334,0.04496639795817879,gpu_raw_to_logits,milliseconds_per_batch,4ba79ef9f76ff06df88f37ba7586b1b5a3ac8b43008b3eed0ca6a744393e6687
mnist,vit_small,1,grayscale,dense_trained_sparse_inference,10,3,3,0;1;2,True,10.9646725,0.09693272798827987,gpu_raw_to_logits,milliseconds_per_batch,4ba79ef9f76ff06df88f37ba7586b1b5a3ac8b43008b3eed0ca6a744393e6687
mnist,vit_small,1,grayscale,dense_trained_sparse_inference,20,3,3,0;1;2,True,10.952150000000001,0.04815574334386248,gpu_raw_to_logits,milliseconds_per_batch,4ba79ef9f76ff06df88f37ba7586b1b5a3ac8b43008b3eed0ca6a744393e6687
mnist,vit_small,1,grayscale,dense_trained_sparse_inference,30,3,2,0;1,False,,,gpu_raw_to_logits,milliseconds_per_batch,4ba79ef9f76ff06df88f37ba7586b1b5a3ac8b43008b3eed0ca6a744393e6687
mnist,vit_small,1,grayscale,dense_trained_sparse_inference,40,3,0,,False,,,gpu_raw_to_logits,milliseconds_per_batch,4ba79ef9f76ff06df88f37ba7586b1b5a3ac8b43008b3eed0ca6a744393e6687
mnist,vit_small,1,grayscale,dense_trained_sparse_inference,50,3,0,,False,,,gpu_raw_to_logits,milliseconds_per_batch,4ba79ef9f76ff06df88f37ba7586b1b5a3ac8b43008b3eed0ca6a744393e6687
mnist,vit_small,1,grayscale,dense_trained_sparse_inference,60,3,0,,False,,,gpu_raw_to_logits,milliseconds_per_batch,4ba79ef9f76ff06df88f37ba7586b1b5a3ac8b43008b3eed0ca6a744393e6687
mnist,vit_small,1,grayscale,dense_trained_sparse_inference,70,3,0,,False,,,gpu_raw_to_logits,milliseconds_per_batch,4ba79ef9f76ff06df88f37ba7586b1b5a3ac8b43008b3eed0ca6a744393e6687
mnist,vit_small,1,grayscale,dense_trained_sparse_inference,80,3,0,,False,,,gpu_raw_to_logits,milliseconds_per_batch,4ba79ef9f76ff06df88f37ba7586b1b5a3ac8b43008b3eed0ca6a744393e6687
mnist,vit_small,1,grayscale,dense_trained_sparse_inference,90,3,0,,False,,,gpu_raw_to_logits,milliseconds_per_batch,4ba79ef9f76ff06df88f37ba7586b1b5a3ac8b43008b3eed0ca6a744393e6687
mnist,vit_small,8,raw,raw_dense_reference,,3,3,0;1;2,True,10.6088725,0.0847628679921229,gpu_raw_to_logits,milliseconds_per_batch,4ba79ef9f76ff06df88f37ba7586b1b5a3ac8b43008b3eed0ca6a744393e6687
mnist,vit_small,8,grayscale,matched_sparse_training,0,3,3,0;1;2,True,11.329610833333334,0.1480086672431156,gpu_raw_to_logits,milliseconds_per_batch,4ba79ef9f76ff06df88f37ba7586b1b5a3ac8b43008b3eed0ca6a744393e6687
mnist,vit_small,8,grayscale,matched_sparse_training,20,3,3,0;1;2,True,11.443249333333334,0.03918762496418191,gpu_raw_to_logits,milliseconds_per_batch,4ba79ef9f76ff06df88f37ba7586b1b5a3ac8b43008b3eed0ca6a744393e6687
mnist,vit_small,8,grayscale,matched_sparse_training,40,3,3,0;1;2,True,11.466126333333333,0.028902837513526604,gpu_raw_to_logits,milliseconds_per_batch,4ba79ef9f76ff06df88f37ba7586b1b5a3ac8b43008b3eed0ca6a744393e6687
mnist,vit_small,8,grayscale,matched_sparse_training,60,3,3,0;1;2,True,11.560746833333333,0.037131282782626666,gpu_raw_to_logits,milliseconds_per_batch,4ba79ef9f76ff06df88f37ba7586b1b5a3ac8b43008b3eed0ca6a744393e6687
mnist,vit_small,8,grayscale,matched_sparse_training,80,3,3,0;1;2,True,11.425443833333334,0.04422252415436322,gpu_raw_to_logits,milliseconds_per_batch,4ba79ef9f76ff06df88f37ba7586b1b5a3ac8b43008b3eed0ca6a744393e6687
mnist,vit_small,8,grayscale,dense_trained_sparse_inference,0,3,3,0;1;2,True,11.3833015,0.14743979948016048,gpu_raw_to_logits,milliseconds_per_batch,4ba79ef9f76ff06df88f37ba7586b1b5a3ac8b43008b3eed0ca6a744393e6687
mnist,vit_small,8,grayscale,dense_trained_sparse_inference,10,3,3,0;1;2,True,11.4659435,0.09604123925298876,gpu_raw_to_logits,milliseconds_per_batch,4ba79ef9f76ff06df88f37ba7586b1b5a3ac8b43008b3eed0ca6a744393e6687
mnist,vit_small,8,grayscale,dense_trained_sparse_inference,20,3,3,0;1;2,True,11.499102833333334,0.026857067255814483,gpu_raw_to_logits,milliseconds_per_batch,4ba79ef9f76ff06df88f37ba7586b1b5a3ac8b43008b3eed0ca6a744393e6687
mnist,vit_small,8,grayscale,dense_trained_sparse_inference,30,3,2,0;1,False,,,gpu_raw_to_logits,milliseconds_per_batch,4ba79ef9f76ff06df88f37ba7586b1b5a3ac8b43008b3eed0ca6a744393e6687
mnist,vit_small,8,grayscale,dense_trained_sparse_inference,40,3,0,,False,,,gpu_raw_to_logits,milliseconds_per_batch,4ba79ef9f76ff06df88f37ba7586b1b5a3ac8b43008b3eed0ca6a744393e6687
mnist,vit_small,8,grayscale,dense_trained_sparse_inference,50,3,0,,False,,,gpu_raw_to_logits,milliseconds_per_batch,4ba79ef9f76ff06df88f37ba7586b1b5a3ac8b43008b3eed0ca6a744393e6687
mnist,vit_small,8,grayscale,dense_trained_sparse_inference,60,3,0,,False,,,gpu_raw_to_logits,milliseconds_per_batch,4ba79ef9f76ff06df88f37ba7586b1b5a3ac8b43008b3eed0ca6a744393e6687
mnist,vit_small,8,grayscale,dense_trained_sparse_inference,70,3,0,,False,,,gpu_raw_to_logits,milliseconds_per_batch,4ba79ef9f76ff06df88f37ba7586b1b5a3ac8b43008b3eed0ca6a744393e6687
mnist,vit_small,8,grayscale,dense_trained_sparse_inference,80,3,0,,False,,,gpu_raw_to_logits,milliseconds_per_batch,4ba79ef9f76ff06df88f37ba7586b1b5a3ac8b43008b3eed0ca6a744393e6687
mnist,vit_small,8,grayscale,dense_trained_sparse_inference,90,3,0,,False,,,gpu_raw_to_logits,milliseconds_per_batch,4ba79ef9f76ff06df88f37ba7586b1b5a3ac8b43008b3eed0ca6a744393e6687
mnist,swin_tiny,1,raw,raw_dense_reference,,3,3,0;1;2,True,18.1946965,0.04669108005818845,gpu_raw_to_logits,milliseconds_per_batch,4ba79ef9f76ff06df88f37ba7586b1b5a3ac8b43008b3eed0ca6a744393e6687
mnist,swin_tiny,1,grayscale,matched_sparse_training,0,3,3,0;1;2,True,25.819312,0.07849812649197621,gpu_raw_to_logits,milliseconds_per_batch,4ba79ef9f76ff06df88f37ba7586b1b5a3ac8b43008b3eed0ca6a744393e6687
mnist,swin_tiny,1,grayscale,matched_sparse_training,20,3,3,0;1;2,True,26.2007105,0.11331986865616532,gpu_raw_to_logits,milliseconds_per_batch,4ba79ef9f76ff06df88f37ba7586b1b5a3ac8b43008b3eed0ca6a744393e6687
mnist,swin_tiny,1,grayscale,matched_sparse_training,40,3,3,0;1;2,True,26.290423833333335,0.2900641887351535,gpu_raw_to_logits,milliseconds_per_batch,4ba79ef9f76ff06df88f37ba7586b1b5a3ac8b43008b3eed0ca6a744393e6687
mnist,swin_tiny,1,grayscale,matched_sparse_training,60,3,3,0;1;2,True,26.0468945,0.2713146305984079,gpu_raw_to_logits,milliseconds_per_batch,4ba79ef9f76ff06df88f37ba7586b1b5a3ac8b43008b3eed0ca6a744393e6687
mnist,swin_tiny,1,grayscale,matched_sparse_training,80,3,3,0;1;2,True,26.099576833333334,0.17573845989590153,gpu_raw_to_logits,milliseconds_per_batch,4ba79ef9f76ff06df88f37ba7586b1b5a3ac8b43008b3eed0ca6a744393e6687
mnist,swin_tiny,1,grayscale,dense_trained_sparse_inference,0,3,3,0;1;2,True,25.9060765,0.49677991603903476,gpu_raw_to_logits,milliseconds_per_batch,4ba79ef9f76ff06df88f37ba7586b1b5a3ac8b43008b3eed0ca6a744393e6687
mnist,swin_tiny,1,grayscale,dense_trained_sparse_inference,10,3,3,0;1;2,True,26.268078166666665,0.38818461522010783,gpu_raw_to_logits,milliseconds_per_batch,4ba79ef9f76ff06df88f37ba7586b1b5a3ac8b43008b3eed0ca6a744393e6687
mnist,swin_tiny,1,grayscale,dense_trained_sparse_inference,20,3,3,0;1;2,True,26.193000333333334,0.16351716867375893,gpu_raw_to_logits,milliseconds_per_batch,4ba79ef9f76ff06df88f37ba7586b1b5a3ac8b43008b3eed0ca6a744393e6687
mnist,swin_tiny,1,grayscale,dense_trained_sparse_inference,30,3,3,0;1;2,True,26.189192833333333,0.17313238589467653,gpu_raw_to_logits,milliseconds_per_batch,4ba79ef9f76ff06df88f37ba7586b1b5a3ac8b43008b3eed0ca6a744393e6687
mnist,swin_tiny,1,grayscale,dense_trained_sparse_inference,40,3,0,,False,,,gpu_raw_to_logits,milliseconds_per_batch,4ba79ef9f76ff06df88f37ba7586b1b5a3ac8b43008b3eed0ca6a744393e6687
mnist,swin_tiny,1,grayscale,dense_trained_sparse_inference,50,3,0,,False,,,gpu_raw_to_logits,milliseconds_per_batch,4ba79ef9f76ff06df88f37ba7586b1b5a3ac8b43008b3eed0ca6a744393e6687
mnist,swin_tiny,1,grayscale,dense_trained_sparse_inference,60,3,0,,False,,,gpu_raw_to_logits,milliseconds_per_batch,4ba79ef9f76ff06df88f37ba7586b1b5a3ac8b43008b3eed0ca6a744393e6687
mnist,swin_tiny,1,grayscale,dense_trained_sparse_inference,70,3,0,,False,,,gpu_raw_to_logits,milliseconds_per_batch,4ba79ef9f76ff06df88f37ba7586b1b5a3ac8b43008b3eed0ca6a744393e6687
mnist,swin_tiny,1,grayscale,dense_trained_sparse_inference,80,3,0,,False,,,gpu_raw_to_logits,milliseconds_per_batch,4ba79ef9f76ff06df88f37ba7586b1b5a3ac8b43008b3eed0ca6a744393e6687
mnist,swin_tiny,1,grayscale,dense_trained_sparse_inference,90,3,0,,False,,,gpu_raw_to_logits,milliseconds_per_batch,4ba79ef9f76ff06df88f37ba7586b1b5a3ac8b43008b3eed0ca6a744393e6687
mnist,swin_tiny,8,raw,raw_dense_reference,,3,3,0;1;2,True,18.779851333333333,0.0828711325377144,gpu_raw_to_logits,milliseconds_per_batch,4ba79ef9f76ff06df88f37ba7586b1b5a3ac8b43008b3eed0ca6a744393e6687
mnist,swin_tiny,8,grayscale,matched_sparse_training,0,3,3,0;1;2,True,68.05090766666666,0.4134660444792671,gpu_raw_to_logits,milliseconds_per_batch,4ba79ef9f76ff06df88f37ba7586b1b5a3ac8b43008b3eed0ca6a744393e6687
mnist,swin_tiny,8,grayscale,matched_sparse_training,20,3,3,0;1;2,True,68.2899915,0.5417665827750463,gpu_raw_to_logits,milliseconds_per_batch,4ba79ef9f76ff06df88f37ba7586b1b5a3ac8b43008b3eed0ca6a744393e6687
mnist,swin_tiny,8,grayscale,matched_sparse_training,40,3,3,0;1;2,True,68.07457933333333,0.4165099999142657,gpu_raw_to_logits,milliseconds_per_batch,4ba79ef9f76ff06df88f37ba7586b1b5a3ac8b43008b3eed0ca6a744393e6687
mnist,swin_tiny,8,grayscale,matched_sparse_training,60,3,3,0;1;2,True,67.44648450000001,0.5030293592557511,gpu_raw_to_logits,milliseconds_per_batch,4ba79ef9f76ff06df88f37ba7586b1b5a3ac8b43008b3eed0ca6a744393e6687
mnist,swin_tiny,8,grayscale,matched_sparse_training,80,3,3,0;1;2,True,63.25399083333333,0.3779038445207746,gpu_raw_to_logits,milliseconds_per_batch,4ba79ef9f76ff06df88f37ba7586b1b5a3ac8b43008b3eed0ca6a744393e6687
mnist,swin_tiny,8,grayscale,dense_trained_sparse_inference,0,3,3,0;1;2,True,67.53280166666667,0.27814385491024773,gpu_raw_to_logits,milliseconds_per_batch,4ba79ef9f76ff06df88f37ba7586b1b5a3ac8b43008b3eed0ca6a744393e6687
mnist,swin_tiny,8,grayscale,dense_trained_sparse_inference,10,3,3,0;1;2,True,67.98698633333333,0.9989618175737865,gpu_raw_to_logits,milliseconds_per_batch,4ba79ef9f76ff06df88f37ba7586b1b5a3ac8b43008b3eed0ca6a744393e6687
mnist,swin_tiny,8,grayscale,dense_trained_sparse_inference,20,3,3,0;1;2,True,68.13752566666666,0.2935951142144219,gpu_raw_to_logits,milliseconds_per_batch,4ba79ef9f76ff06df88f37ba7586b1b5a3ac8b43008b3eed0ca6a744393e6687
mnist,swin_tiny,8,grayscale,dense_trained_sparse_inference,30,3,3,0;1;2,True,67.69616316666666,0.7025306624429849,gpu_raw_to_logits,milliseconds_per_batch,4ba79ef9f76ff06df88f37ba7586b1b5a3ac8b43008b3eed0ca6a744393e6687
mnist,swin_tiny,8,grayscale,dense_trained_sparse_inference,40,3,0,,False,,,gpu_raw_to_logits,milliseconds_per_batch,4ba79ef9f76ff06df88f37ba7586b1b5a3ac8b43008b3eed0ca6a744393e6687
mnist,swin_tiny,8,grayscale,dense_trained_sparse_inference,50,3,0,,False,,,gpu_raw_to_logits,milliseconds_per_batch,4ba79ef9f76ff06df88f37ba7586b1b5a3ac8b43008b3eed0ca6a744393e6687
mnist,swin_tiny,8,grayscale,dense_trained_sparse_inference,60,3,0,,False,,,gpu_raw_to_logits,milliseconds_per_batch,4ba79ef9f76ff06df88f37ba7586b1b5a3ac8b43008b3eed0ca6a744393e6687
mnist,swin_tiny,8,grayscale,dense_trained_sparse_inference,70,3,0,,False,,,gpu_raw_to_logits,milliseconds_per_batch,4ba79ef9f76ff06df88f37ba7586b1b5a3ac8b43008b3eed0ca6a744393e6687
mnist,swin_tiny,8,grayscale,dense_trained_sparse_inference,80,3,0,,False,,,gpu_raw_to_logits,milliseconds_per_batch,4ba79ef9f76ff06df88f37ba7586b1b5a3ac8b43008b3eed0ca6a744393e6687
mnist,swin_tiny,8,grayscale,dense_trained_sparse_inference,90,3,0,,False,,,gpu_raw_to_logits,milliseconds_per_batch,4ba79ef9f76ff06df88f37ba7586b1b5a3ac8b43008b3eed0ca6a744393e6687
cifar10,vit_small,1,raw,raw_dense_reference,,3,3,0;1;2,True,10.185926666666667,0.06459897445070918,gpu_raw_to_logits,milliseconds_per_batch,4ba79ef9f76ff06df88f37ba7586b1b5a3ac8b43008b3eed0ca6a744393e6687
cifar10,vit_small,1,color_opponency,matched_sparse_training,0,3,3,0;1;2,True,10.848798666666665,0.024486310258659064,gpu_raw_to_logits,milliseconds_per_batch,4ba79ef9f76ff06df88f37ba7586b1b5a3ac8b43008b3eed0ca6a744393e6687
cifar10,vit_small,1,color_opponency,matched_sparse_training,20,3,3,0;1;2,True,10.976503166666667,0.1415839280818386,gpu_raw_to_logits,milliseconds_per_batch,4ba79ef9f76ff06df88f37ba7586b1b5a3ac8b43008b3eed0ca6a744393e6687
cifar10,vit_small,1,color_opponency,matched_sparse_training,40,3,3,0;1;2,True,11.046764166666666,0.07385583741711473,gpu_raw_to_logits,milliseconds_per_batch,4ba79ef9f76ff06df88f37ba7586b1b5a3ac8b43008b3eed0ca6a744393e6687
cifar10,vit_small,1,color_opponency,matched_sparse_training,60,3,3,0;1;2,True,11.078494166666667,0.16458234044873582,gpu_raw_to_logits,milliseconds_per_batch,4ba79ef9f76ff06df88f37ba7586b1b5a3ac8b43008b3eed0ca6a744393e6687
cifar10,vit_small,1,color_opponency,matched_sparse_training,80,3,3,0;1;2,True,10.898601833333332,0.07652304093267083,gpu_raw_to_logits,milliseconds_per_batch,4ba79ef9f76ff06df88f37ba7586b1b5a3ac8b43008b3eed0ca6a744393e6687
cifar10,vit_small,1,single_color,matched_sparse_training,0,3,3,0;1;2,True,10.885372833333333,0.0717863343982224,gpu_raw_to_logits,milliseconds_per_batch,4ba79ef9f76ff06df88f37ba7586b1b5a3ac8b43008b3eed0ca6a744393e6687
cifar10,vit_small,1,single_color,matched_sparse_training,20,3,3,0;1;2,True,11.009955999999999,0.043094324838080414,gpu_raw_to_logits,milliseconds_per_batch,4ba79ef9f76ff06df88f37ba7586b1b5a3ac8b43008b3eed0ca6a744393e6687
cifar10,vit_small,1,single_color,matched_sparse_training,40,3,3,0;1;2,True,11.079925833333334,0.04049216103251765,gpu_raw_to_logits,milliseconds_per_batch,4ba79ef9f76ff06df88f37ba7586b1b5a3ac8b43008b3eed0ca6a744393e6687
cifar10,vit_small,1,single_color,matched_sparse_training,60,3,3,0;1;2,True,10.800527833333334,0.02448847652638573,gpu_raw_to_logits,milliseconds_per_batch,4ba79ef9f76ff06df88f37ba7586b1b5a3ac8b43008b3eed0ca6a744393e6687
cifar10,vit_small,1,single_color,matched_sparse_training,80,3,3,0;1;2,True,10.905124833333334,0.030593749648962217,gpu_raw_to_logits,milliseconds_per_batch,4ba79ef9f76ff06df88f37ba7586b1b5a3ac8b43008b3eed0ca6a744393e6687
cifar10,vit_small,1,grayscale,matched_sparse_training,0,3,3,0;1;2,True,10.8341735,0.041421751082613485,gpu_raw_to_logits,milliseconds_per_batch,4ba79ef9f76ff06df88f37ba7586b1b5a3ac8b43008b3eed0ca6a744393e6687
cifar10,vit_small,1,grayscale,matched_sparse_training,20,3,3,0;1;2,True,11.111450333333334,0.15007925764186578,gpu_raw_to_logits,milliseconds_per_batch,4ba79ef9f76ff06df88f37ba7586b1b5a3ac8b43008b3eed0ca6a744393e6687
cifar10,vit_small,1,grayscale,matched_sparse_training,40,3,3,0;1;2,True,11.057270833333334,0.056549878851182095,gpu_raw_to_logits,milliseconds_per_batch,4ba79ef9f76ff06df88f37ba7586b1b5a3ac8b43008b3eed0ca6a744393e6687
cifar10,vit_small,1,grayscale,matched_sparse_training,60,3,3,0;1;2,True,10.888471166666667,0.03090767465102026,gpu_raw_to_logits,milliseconds_per_batch,4ba79ef9f76ff06df88f37ba7586b1b5a3ac8b43008b3eed0ca6a744393e6687
cifar10,vit_small,1,grayscale,matched_sparse_training,80,3,3,0;1;2,True,10.881704666666666,0.04858126344161169,gpu_raw_to_logits,milliseconds_per_batch,4ba79ef9f76ff06df88f37ba7586b1b5a3ac8b43008b3eed0ca6a744393e6687
cifar10,vit_small,1,color_opponency,dense_trained_sparse_inference,0,3,3,0;1;2,True,10.898627833333332,0.07440785140751835,gpu_raw_to_logits,milliseconds_per_batch,4ba79ef9f76ff06df88f37ba7586b1b5a3ac8b43008b3eed0ca6a744393e6687
cifar10,vit_small,1,color_opponency,dense_trained_sparse_inference,10,3,3,0;1;2,True,10.9905025,0.06666441199958202,gpu_raw_to_logits,milliseconds_per_batch,4ba79ef9f76ff06df88f37ba7586b1b5a3ac8b43008b3eed0ca6a744393e6687
cifar10,vit_small,1,color_opponency,dense_trained_sparse_inference,20,3,3,0;1;2,True,11.002100666666667,0.16232111913144023,gpu_raw_to_logits,milliseconds_per_batch,4ba79ef9f76ff06df88f37ba7586b1b5a3ac8b43008b3eed0ca6a744393e6687
cifar10,vit_small,1,color_opponency,dense_trained_sparse_inference,30,3,3,0;1;2,True,11.119477166666666,0.14980097536926623,gpu_raw_to_logits,milliseconds_per_batch,4ba79ef9f76ff06df88f37ba7586b1b5a3ac8b43008b3eed0ca6a744393e6687
cifar10,vit_small,1,color_opponency,dense_trained_sparse_inference,40,3,0,,False,,,gpu_raw_to_logits,milliseconds_per_batch,4ba79ef9f76ff06df88f37ba7586b1b5a3ac8b43008b3eed0ca6a744393e6687
cifar10,vit_small,1,color_opponency,dense_trained_sparse_inference,50,3,0,,False,,,gpu_raw_to_logits,milliseconds_per_batch,4ba79ef9f76ff06df88f37ba7586b1b5a3ac8b43008b3eed0ca6a744393e6687
cifar10,vit_small,1,color_opponency,dense_trained_sparse_inference,60,3,0,,False,,,gpu_raw_to_logits,milliseconds_per_batch,4ba79ef9f76ff06df88f37ba7586b1b5a3ac8b43008b3eed0ca6a744393e6687
cifar10,vit_small,1,color_opponency,dense_trained_sparse_inference,70,3,0,,False,,,gpu_raw_to_logits,milliseconds_per_batch,4ba79ef9f76ff06df88f37ba7586b1b5a3ac8b43008b3eed0ca6a744393e6687
cifar10,vit_small,1,color_opponency,dense_trained_sparse_inference,80,3,0,,False,,,gpu_raw_to_logits,milliseconds_per_batch,4ba79ef9f76ff06df88f37ba7586b1b5a3ac8b43008b3eed0ca6a744393e6687
cifar10,vit_small,1,color_opponency,dense_trained_sparse_inference,90,3,0,,False,,,gpu_raw_to_logits,milliseconds_per_batch,4ba79ef9f76ff06df88f37ba7586b1b5a3ac8b43008b3eed0ca6a744393e6687
cifar10,vit_small,1,single_color,dense_trained_sparse_inference,0,3,3,0;1;2,True,10.803782666666667,0.09199958152395729,gpu_raw_to_logits,milliseconds_per_batch,4ba79ef9f76ff06df88f37ba7586b1b5a3ac8b43008b3eed0ca6a744393e6687
cifar10,vit_small,1,single_color,dense_trained_sparse_inference,10,3,3,0;1;2,True,11.0058215,0.0739065799963033,gpu_raw_to_logits,milliseconds_per_batch,4ba79ef9f76ff06df88f37ba7586b1b5a3ac8b43008b3eed0ca6a744393e6687
cifar10,vit_small,1,single_color,dense_trained_sparse_inference,20,3,3,0;1;2,True,11.021668333333334,0.03161591828625778,gpu_raw_to_logits,milliseconds_per_batch,4ba79ef9f76ff06df88f37ba7586b1b5a3ac8b43008b3eed0ca6a744393e6687
cifar10,vit_small,1,single_color,dense_trained_sparse_inference,30,3,3,0;1;2,True,11.069533833333333,0.12339046717770875,gpu_raw_to_logits,milliseconds_per_batch,4ba79ef9f76ff06df88f37ba7586b1b5a3ac8b43008b3eed0ca6a744393e6687
cifar10,vit_small,1,single_color,dense_trained_sparse_inference,40,3,0,,False,,,gpu_raw_to_logits,milliseconds_per_batch,4ba79ef9f76ff06df88f37ba7586b1b5a3ac8b43008b3eed0ca6a744393e6687
cifar10,vit_small,1,single_color,dense_trained_sparse_inference,50,3,0,,False,,,gpu_raw_to_logits,milliseconds_per_batch,4ba79ef9f76ff06df88f37ba7586b1b5a3ac8b43008b3eed0ca6a744393e6687
cifar10,vit_small,1,single_color,dense_trained_sparse_inference,60,3,0,,False,,,gpu_raw_to_logits,milliseconds_per_batch,4ba79ef9f76ff06df88f37ba7586b1b5a3ac8b43008b3eed0ca6a744393e6687
cifar10,vit_small,1,single_color,dense_trained_sparse_inference,70,3,0,,False,,,gpu_raw_to_logits,milliseconds_per_batch,4ba79ef9f76ff06df88f37ba7586b1b5a3ac8b43008b3eed0ca6a744393e6687
cifar10,vit_small,1,single_color,dense_trained_sparse_inference,80,3,0,,False,,,gpu_raw_to_logits,milliseconds_per_batch,4ba79ef9f76ff06df88f37ba7586b1b5a3ac8b43008b3eed0ca6a744393e6687
cifar10,vit_small,1,single_color,dense_trained_sparse_inference,90,3,0,,False,,,gpu_raw_to_logits,milliseconds_per_batch,4ba79ef9f76ff06df88f37ba7586b1b5a3ac8b43008b3eed0ca6a744393e6687
cifar10,vit_small,1,grayscale,dense_trained_sparse_inference,0,3,3,0;1;2,True,10.856205000000001,0.07894115609585378,gpu_raw_to_logits,milliseconds_per_batch,4ba79ef9f76ff06df88f37ba7586b1b5a3ac8b43008b3eed0ca6a744393e6687
cifar10,vit_small,1,grayscale,dense_trained_sparse_inference,10,3,3,0;1;2,True,11.0168445,0.09011205774340068,gpu_raw_to_logits,milliseconds_per_batch,4ba79ef9f76ff06df88f37ba7586b1b5a3ac8b43008b3eed0ca6a744393e6687
cifar10,vit_small,1,grayscale,dense_trained_sparse_inference,20,3,3,0;1;2,True,11.039961,0.04006556852211088,gpu_raw_to_logits,milliseconds_per_batch,4ba79ef9f76ff06df88f37ba7586b1b5a3ac8b43008b3eed0ca6a744393e6687
cifar10,vit_small,1,grayscale,dense_trained_sparse_inference,30,3,3,0;1;2,True,11.018294166666667,0.06727300881916477,gpu_raw_to_logits,milliseconds_per_batch,4ba79ef9f76ff06df88f37ba7586b1b5a3ac8b43008b3eed0ca6a744393e6687
cifar10,vit_small,1,grayscale,dense_trained_sparse_inference,40,3,0,,False,,,gpu_raw_to_logits,milliseconds_per_batch,4ba79ef9f76ff06df88f37ba7586b1b5a3ac8b43008b3eed0ca6a744393e6687
cifar10,vit_small,1,grayscale,dense_trained_sparse_inference,50,3,0,,False,,,gpu_raw_to_logits,milliseconds_per_batch,4ba79ef9f76ff06df88f37ba7586b1b5a3ac8b43008b3eed0ca6a744393e6687
cifar10,vit_small,1,grayscale,dense_trained_sparse_inference,60,3,0,,False,,,gpu_raw_to_logits,milliseconds_per_batch,4ba79ef9f76ff06df88f37ba7586b1b5a3ac8b43008b3eed0ca6a744393e6687
cifar10,vit_small,1,grayscale,dense_trained_sparse_inference,70,3,0,,False,,,gpu_raw_to_logits,milliseconds_per_batch,4ba79ef9f76ff06df88f37ba7586b1b5a3ac8b43008b3eed0ca6a744393e6687
cifar10,vit_small,1,grayscale,dense_trained_sparse_inference,80,3,0,,False,,,gpu_raw_to_logits,milliseconds_per_batch,4ba79ef9f76ff06df88f37ba7586b1b5a3ac8b43008b3eed0ca6a744393e6687
cifar10,vit_small,1,grayscale,dense_trained_sparse_inference,90,3,0,,False,,,gpu_raw_to_logits,milliseconds_per_batch,4ba79ef9f76ff06df88f37ba7586b1b5a3ac8b43008b3eed0ca6a744393e6687
cifar10,vit_small,8,raw,raw_dense_reference,,3,3,0;1;2,True,11.6472935,0.1339249659053527,gpu_raw_to_logits,milliseconds_per_batch,4ba79ef9f76ff06df88f37ba7586b1b5a3ac8b43008b3eed0ca6a744393e6687
cifar10,vit_small,8,color_opponency,matched_sparse_training,0,3,3,0;1;2,True,12.109338166666666,0.09385555054222015,gpu_raw_to_logits,milliseconds_per_batch,4ba79ef9f76ff06df88f37ba7586b1b5a3ac8b43008b3eed0ca6a744393e6687
cifar10,vit_small,8,color_opponency,matched_sparse_training,20,3,3,0;1;2,True,12.261974666666667,0.12962478851123768,gpu_raw_to_logits,milliseconds_per_batch,4ba79ef9f76ff06df88f37ba7586b1b5a3ac8b43008b3eed0ca6a744393e6687
cifar10,vit_small,8,color_opponency,matched_sparse_training,40,3,3,0;1;2,True,12.294724166666667,0.16305514563663218,gpu_raw_to_logits,milliseconds_per_batch,4ba79ef9f76ff06df88f37ba7586b1b5a3ac8b43008b3eed0ca6a744393e6687
cifar10,vit_small,8,color_opponency,matched_sparse_training,60,3,3,0;1;2,True,12.179112166666668,0.02264207588392267,gpu_raw_to_logits,milliseconds_per_batch,4ba79ef9f76ff06df88f37ba7586b1b5a3ac8b43008b3eed0ca6a744393e6687
cifar10,vit_small,8,color_opponency,matched_sparse_training,80,3,3,0;1;2,True,11.561960166666667,0.1356928436251639,gpu_raw_to_logits,milliseconds_per_batch,4ba79ef9f76ff06df88f37ba7586b1b5a3ac8b43008b3eed0ca6a744393e6687
cifar10,vit_small,8,single_color,matched_sparse_training,0,3,3,0;1;2,True,12.104085666666666,0.1302603623606722,gpu_raw_to_logits,milliseconds_per_batch,4ba79ef9f76ff06df88f37ba7586b1b5a3ac8b43008b3eed0ca6a744393e6687
cifar10,vit_small,8,single_color,matched_sparse_training,20,3,3,0;1;2,True,12.31251,0.11989410759186583,gpu_raw_to_logits,milliseconds_per_batch,4ba79ef9f76ff06df88f37ba7586b1b5a3ac8b43008b3eed0ca6a744393e6687
cifar10,vit_small,8,single_color,matched_sparse_training,40,3,3,0;1;2,True,12.1873975,0.39925593604478865,gpu_raw_to_logits,milliseconds_per_batch,4ba79ef9f76ff06df88f37ba7586b1b5a3ac8b43008b3eed0ca6a744393e6687
cifar10,vit_small,8,single_color,matched_sparse_training,60,3,3,0;1;2,True,11.441477166666667,0.0566419699832502,gpu_raw_to_logits,milliseconds_per_batch,4ba79ef9f76ff06df88f37ba7586b1b5a3ac8b43008b3eed0ca6a744393e6687
cifar10,vit_small,8,single_color,matched_sparse_training,80,3,3,0;1;2,True,11.404100333333334,0.06127676154410647,gpu_raw_to_logits,milliseconds_per_batch,4ba79ef9f76ff06df88f37ba7586b1b5a3ac8b43008b3eed0ca6a744393e6687
cifar10,vit_small,8,grayscale,matched_sparse_training,0,3,3,0;1;2,True,12.037376333333333,0.047597901729839236,gpu_raw_to_logits,milliseconds_per_batch,4ba79ef9f76ff06df88f37ba7586b1b5a3ac8b43008b3eed0ca6a744393e6687
cifar10,vit_small,8,grayscale,matched_sparse_training,20,3,3,0;1;2,True,11.933774833333333,0.07532529478258461,gpu_raw_to_logits,milliseconds_per_batch,4ba79ef9f76ff06df88f37ba7586b1b5a3ac8b43008b3eed0ca6a744393e6687
cifar10,vit_small,8,grayscale,matched_sparse_training,40,3,3,0;1;2,True,11.575713833333333,0.048473121019110665,gpu_raw_to_logits,milliseconds_per_batch,4ba79ef9f76ff06df88f37ba7586b1b5a3ac8b43008b3eed0ca6a744393e6687
cifar10,vit_small,8,grayscale,matched_sparse_training,60,3,3,0;1;2,True,11.566674166666667,0.1443006009354546,gpu_raw_to_logits,milliseconds_per_batch,4ba79ef9f76ff06df88f37ba7586b1b5a3ac8b43008b3eed0ca6a744393e6687
cifar10,vit_small,8,grayscale,matched_sparse_training,80,3,3,0;1;2,True,11.4189745,0.08797896538519917,gpu_raw_to_logits,milliseconds_per_batch,4ba79ef9f76ff06df88f37ba7586b1b5a3ac8b43008b3eed0ca6a744393e6687
cifar10,vit_small,8,color_opponency,dense_trained_sparse_inference,0,3,3,0;1;2,True,12.139810166666667,0.11577577689798993,gpu_raw_to_logits,milliseconds_per_batch,4ba79ef9f76ff06df88f37ba7586b1b5a3ac8b43008b3eed0ca6a744393e6687
cifar10,vit_small,8,color_opponency,dense_trained_sparse_inference,10,3,3,0;1;2,True,12.289547500000001,0.1360583252147763,gpu_raw_to_logits,milliseconds_per_batch,4ba79ef9f76ff06df88f37ba7586b1b5a3ac8b43008b3eed0ca6a744393e6687
cifar10,vit_small,8,color_opponency,dense_trained_sparse_inference,20,3,3,0;1;2,True,12.274277,0.018432936099547808,gpu_raw_to_logits,milliseconds_per_batch,4ba79ef9f76ff06df88f37ba7586b1b5a3ac8b43008b3eed0ca6a744393e6687
cifar10,vit_small,8,color_opponency,dense_trained_sparse_inference,30,3,3,0;1;2,True,12.262964833333333,0.05059158335467831,gpu_raw_to_logits,milliseconds_per_batch,4ba79ef9f76ff06df88f37ba7586b1b5a3ac8b43008b3eed0ca6a744393e6687
cifar10,vit_small,8,color_opponency,dense_trained_sparse_inference,40,3,0,,False,,,gpu_raw_to_logits,milliseconds_per_batch,4ba79ef9f76ff06df88f37ba7586b1b5a3ac8b43008b3eed0ca6a744393e6687
cifar10,vit_small,8,color_opponency,dense_trained_sparse_inference,50,3,0,,False,,,gpu_raw_to_logits,milliseconds_per_batch,4ba79ef9f76ff06df88f37ba7586b1b5a3ac8b43008b3eed0ca6a744393e6687
cifar10,vit_small,8,color_opponency,dense_trained_sparse_inference,60,3,0,,False,,,gpu_raw_to_logits,milliseconds_per_batch,4ba79ef9f76ff06df88f37ba7586b1b5a3ac8b43008b3eed0ca6a744393e6687
cifar10,vit_small,8,color_opponency,dense_trained_sparse_inference,70,3,0,,False,,,gpu_raw_to_logits,milliseconds_per_batch,4ba79ef9f76ff06df88f37ba7586b1b5a3ac8b43008b3eed0ca6a744393e6687
cifar10,vit_small,8,color_opponency,dense_trained_sparse_inference,80,3,0,,False,,,gpu_raw_to_logits,milliseconds_per_batch,4ba79ef9f76ff06df88f37ba7586b1b5a3ac8b43008b3eed0ca6a744393e6687
cifar10,vit_small,8,color_opponency,dense_trained_sparse_inference,90,3,0,,False,,,gpu_raw_to_logits,milliseconds_per_batch,4ba79ef9f76ff06df88f37ba7586b1b5a3ac8b43008b3eed0ca6a744393e6687
cifar10,vit_small,8,single_color,dense_trained_sparse_inference,0,3,3,0;1;2,True,12.111684833333333,0.06374191722550605,gpu_raw_to_logits,milliseconds_per_batch,4ba79ef9f76ff06df88f37ba7586b1b5a3ac8b43008b3eed0ca6a744393e6687
cifar10,vit_small,8,single_color,dense_trained_sparse_inference,10,3,3,0;1;2,True,12.373069666666666,0.1402003918560257,gpu_raw_to_logits,milliseconds_per_batch,4ba79ef9f76ff06df88f37ba7586b1b5a3ac8b43008b3eed0ca6a744393e6687
cifar10,vit_small,8,single_color,dense_trained_sparse_inference,20,3,3,0;1;2,True,12.303391833333334,0.017847552145416827,gpu_raw_to_logits,milliseconds_per_batch,4ba79ef9f76ff06df88f37ba7586b1b5a3ac8b43008b3eed0ca6a744393e6687
cifar10,vit_small,8,single_color,dense_trained_sparse_inference,30,3,3,0;1;2,True,11.988184333333333,0.13854836700078169,gpu_raw_to_logits,milliseconds_per_batch,4ba79ef9f76ff06df88f37ba7586b1b5a3ac8b43008b3eed0ca6a744393e6687
cifar10,vit_small,8,single_color,dense_trained_sparse_inference,40,3,0,,False,,,gpu_raw_to_logits,milliseconds_per_batch,4ba79ef9f76ff06df88f37ba7586b1b5a3ac8b43008b3eed0ca6a744393e6687
cifar10,vit_small,8,single_color,dense_trained_sparse_inference,50,3,0,,False,,,gpu_raw_to_logits,milliseconds_per_batch,4ba79ef9f76ff06df88f37ba7586b1b5a3ac8b43008b3eed0ca6a744393e6687
cifar10,vit_small,8,single_color,dense_trained_sparse_inference,60,3,0,,False,,,gpu_raw_to_logits,milliseconds_per_batch,4ba79ef9f76ff06df88f37ba7586b1b5a3ac8b43008b3eed0ca6a744393e6687
cifar10,vit_small,8,single_color,dense_trained_sparse_inference,70,3,0,,False,,,gpu_raw_to_logits,milliseconds_per_batch,4ba79ef9f76ff06df88f37ba7586b1b5a3ac8b43008b3eed0ca6a744393e6687
cifar10,vit_small,8,single_color,dense_trained_sparse_inference,80,3,0,,False,,,gpu_raw_to_logits,milliseconds_per_batch,4ba79ef9f76ff06df88f37ba7586b1b5a3ac8b43008b3eed0ca6a744393e6687
cifar10,vit_small,8,single_color,dense_trained_sparse_inference,90,3,0,,False,,,gpu_raw_to_logits,milliseconds_per_batch,4ba79ef9f76ff06df88f37ba7586b1b5a3ac8b43008b3eed0ca6a744393e6687
cifar10,vit_small,8,grayscale,dense_trained_sparse_inference,0,3,3,0;1;2,True,12.085897333333333,0.05125515955573056,gpu_raw_to_logits,milliseconds_per_batch,4ba79ef9f76ff06df88f37ba7586b1b5a3ac8b43008b3eed0ca6a744393e6687
cifar10,vit_small,8,grayscale,dense_trained_sparse_inference,10,3,3,0;1;2,True,12.291733833333334,0.05442763673524066,gpu_raw_to_logits,milliseconds_per_batch,4ba79ef9f76ff06df88f37ba7586b1b5a3ac8b43008b3eed0ca6a744393e6687
cifar10,vit_small,8,grayscale,dense_trained_sparse_inference,20,3,3,0;1;2,True,11.9326595,0.11272568586950422,gpu_raw_to_logits,milliseconds_per_batch,4ba79ef9f76ff06df88f37ba7586b1b5a3ac8b43008b3eed0ca6a744393e6687
cifar10,vit_small,8,grayscale,dense_trained_sparse_inference,30,3,3,0;1;2,True,11.842980500000001,0.06973485643313546,gpu_raw_to_logits,milliseconds_per_batch,4ba79ef9f76ff06df88f37ba7586b1b5a3ac8b43008b3eed0ca6a744393e6687
cifar10,vit_small,8,grayscale,dense_trained_sparse_inference,40,3,0,,False,,,gpu_raw_to_logits,milliseconds_per_batch,4ba79ef9f76ff06df88f37ba7586b1b5a3ac8b43008b3eed0ca6a744393e6687
cifar10,vit_small,8,grayscale,dense_trained_sparse_inference,50,3,0,,False,,,gpu_raw_to_logits,milliseconds_per_batch,4ba79ef9f76ff06df88f37ba7586b1b5a3ac8b43008b3eed0ca6a744393e6687
cifar10,vit_small,8,grayscale,dense_trained_sparse_inference,60,3,0,,False,,,gpu_raw_to_logits,milliseconds_per_batch,4ba79ef9f76ff06df88f37ba7586b1b5a3ac8b43008b3eed0ca6a744393e6687
cifar10,vit_small,8,grayscale,dense_trained_sparse_inference,70,3,0,,False,,,gpu_raw_to_logits,milliseconds_per_batch,4ba79ef9f76ff06df88f37ba7586b1b5a3ac8b43008b3eed0ca6a744393e6687
cifar10,vit_small,8,grayscale,dense_trained_sparse_inference,80,3,0,,False,,,gpu_raw_to_logits,milliseconds_per_batch,4ba79ef9f76ff06df88f37ba7586b1b5a3ac8b43008b3eed0ca6a744393e6687
cifar10,vit_small,8,grayscale,dense_trained_sparse_inference,90,3,0,,False,,,gpu_raw_to_logits,milliseconds_per_batch,4ba79ef9f76ff06df88f37ba7586b1b5a3ac8b43008b3eed0ca6a744393e6687
cifar10,swin_tiny,1,raw,raw_dense_reference,,3,3,0;1;2,True,18.305936666666668,0.06586048176701523,gpu_raw_to_logits,milliseconds_per_batch,4ba79ef9f76ff06df88f37ba7586b1b5a3ac8b43008b3eed0ca6a744393e6687
cifar10,swin_tiny,1,color_opponency,matched_sparse_training,0,3,3,0;1;2,True,23.117904333333332,0.19893766310601735,gpu_raw_to_logits,milliseconds_per_batch,4ba79ef9f76ff06df88f37ba7586b1b5a3ac8b43008b3eed0ca6a744393e6687
cifar10,swin_tiny,1,color_opponency,matched_sparse_training,20,3,3,0;1;2,True,23.056717,0.11839975096996516,gpu_raw_to_logits,milliseconds_per_batch,4ba79ef9f76ff06df88f37ba7586b1b5a3ac8b43008b3eed0ca6a744393e6687
cifar10,swin_tiny,1,color_opponency,matched_sparse_training,40,3,3,0;1;2,True,23.191344833333332,0.05066735410087312,gpu_raw_to_logits,milliseconds_per_batch,4ba79ef9f76ff06df88f37ba7586b1b5a3ac8b43008b3eed0ca6a744393e6687
cifar10,swin_tiny,1,color_opponency,matched_sparse_training,60,3,3,0;1;2,True,25.4994625,0.11396090963462162,gpu_raw_to_logits,milliseconds_per_batch,4ba79ef9f76ff06df88f37ba7586b1b5a3ac8b43008b3eed0ca6a744393e6687
cifar10,swin_tiny,1,color_opponency,matched_sparse_training,80,3,3,0;1;2,True,31.552198666666666,0.16138519668508475,gpu_raw_to_logits,milliseconds_per_batch,4ba79ef9f76ff06df88f37ba7586b1b5a3ac8b43008b3eed0ca6a744393e6687
cifar10,swin_tiny,1,single_color,matched_sparse_training,0,3,3,0;1;2,True,23.026673,0.2031354716833084,gpu_raw_to_logits,milliseconds_per_batch,4ba79ef9f76ff06df88f37ba7586b1b5a3ac8b43008b3eed0ca6a744393e6687
cifar10,swin_tiny,1,single_color,matched_sparse_training,20,3,3,0;1;2,True,24.292955,0.04441007860553621,gpu_raw_to_logits,milliseconds_per_batch,4ba79ef9f76ff06df88f37ba7586b1b5a3ac8b43008b3eed0ca6a744393e6687
cifar10,swin_tiny,1,single_color,matched_sparse_training,40,3,3,0;1;2,True,28.478053333333335,0.103417782424414,gpu_raw_to_logits,milliseconds_per_batch,4ba79ef9f76ff06df88f37ba7586b1b5a3ac8b43008b3eed0ca6a744393e6687
cifar10,swin_tiny,1,single_color,matched_sparse_training,60,3,3,0;1;2,True,33.914846833333335,0.21078175164274482,gpu_raw_to_logits,milliseconds_per_batch,4ba79ef9f76ff06df88f37ba7586b1b5a3ac8b43008b3eed0ca6a744393e6687
cifar10,swin_tiny,1,single_color,matched_sparse_training,80,3,3,0;1;2,True,35.359490666666666,0.12888836301363374,gpu_raw_to_logits,milliseconds_per_batch,4ba79ef9f76ff06df88f37ba7586b1b5a3ac8b43008b3eed0ca6a744393e6687
cifar10,swin_tiny,1,grayscale,matched_sparse_training,0,3,3,0;1;2,True,23.080665,0.09923453286532849,gpu_raw_to_logits,milliseconds_per_batch,4ba79ef9f76ff06df88f37ba7586b1b5a3ac8b43008b3eed0ca6a744393e6687
cifar10,swin_tiny,1,grayscale,matched_sparse_training,20,3,3,0;1;2,True,25.828980333333334,0.17024707300739053,gpu_raw_to_logits,milliseconds_per_batch,4ba79ef9f76ff06df88f37ba7586b1b5a3ac8b43008b3eed0ca6a744393e6687
cifar10,swin_tiny,1,grayscale,matched_sparse_training,40,3,3,0;1;2,True,30.142991,0.1782262205548048,gpu_raw_to_logits,milliseconds_per_batch,4ba79ef9f76ff06df88f37ba7586b1b5a3ac8b43008b3eed0ca6a744393e6687
cifar10,swin_tiny,1,grayscale,matched_sparse_training,60,3,3,0;1;2,True,34.919011,0.1355902539648396,gpu_raw_to_logits,milliseconds_per_batch,4ba79ef9f76ff06df88f37ba7586b1b5a3ac8b43008b3eed0ca6a744393e6687
cifar10,swin_tiny,1,grayscale,matched_sparse_training,80,3,3,0;1;2,True,35.350446500000004,0.16782803484295936,gpu_raw_to_logits,milliseconds_per_batch,4ba79ef9f76ff06df88f37ba7586b1b5a3ac8b43008b3eed0ca6a744393e6687
cifar10,swin_tiny,1,color_opponency,dense_trained_sparse_inference,0,3,3,0;1;2,True,22.943225833333333,0.11485785703896385,gpu_raw_to_logits,milliseconds_per_batch,4ba79ef9f76ff06df88f37ba7586b1b5a3ac8b43008b3eed0ca6a744393e6687
cifar10,swin_tiny,1,color_opponency,dense_trained_sparse_inference,10,3,3,0;1;2,True,23.009152166666667,0.20738414081260742,gpu_raw_to_logits,milliseconds_per_batch,4ba79ef9f76ff06df88f37ba7586b1b5a3ac8b43008b3eed0ca6a744393e6687
cifar10,swin_tiny,1,color_opponency,dense_trained_sparse_inference,20,3,3,0;1;2,True,23.130076333333335,0.1702666385866083,gpu_raw_to_logits,milliseconds_per_batch,4ba79ef9f76ff06df88f37ba7586b1b5a3ac8b43008b3eed0ca6a744393e6687
cifar10,swin_tiny,1,color_opponency,dense_trained_sparse_inference,30,3,3,0;1;2,True,23.1443045,0.16381029258031923,gpu_raw_to_logits,milliseconds_per_batch,4ba79ef9f76ff06df88f37ba7586b1b5a3ac8b43008b3eed0ca6a744393e6687
cifar10,swin_tiny,1,color_opponency,dense_trained_sparse_inference,40,3,0,,False,,,gpu_raw_to_logits,milliseconds_per_batch,4ba79ef9f76ff06df88f37ba7586b1b5a3ac8b43008b3eed0ca6a744393e6687
cifar10,swin_tiny,1,color_opponency,dense_trained_sparse_inference,50,3,0,,False,,,gpu_raw_to_logits,milliseconds_per_batch,4ba79ef9f76ff06df88f37ba7586b1b5a3ac8b43008b3eed0ca6a744393e6687
cifar10,swin_tiny,1,color_opponency,dense_trained_sparse_inference,60,3,0,,False,,,gpu_raw_to_logits,milliseconds_per_batch,4ba79ef9f76ff06df88f37ba7586b1b5a3ac8b43008b3eed0ca6a744393e6687
cifar10,swin_tiny,1,color_opponency,dense_trained_sparse_inference,70,3,0,,False,,,gpu_raw_to_logits,milliseconds_per_batch,4ba79ef9f76ff06df88f37ba7586b1b5a3ac8b43008b3eed0ca6a744393e6687
cifar10,swin_tiny,1,color_opponency,dense_trained_sparse_inference,80,3,0,,False,,,gpu_raw_to_logits,milliseconds_per_batch,4ba79ef9f76ff06df88f37ba7586b1b5a3ac8b43008b3eed0ca6a744393e6687
cifar10,swin_tiny,1,color_opponency,dense_trained_sparse_inference,90,3,0,,False,,,gpu_raw_to_logits,milliseconds_per_batch,4ba79ef9f76ff06df88f37ba7586b1b5a3ac8b43008b3eed0ca6a744393e6687
cifar10,swin_tiny,1,single_color,dense_trained_sparse_inference,0,3,3,0;1;2,True,23.067391666666666,0.07807216117370766,gpu_raw_to_logits,milliseconds_per_batch,4ba79ef9f76ff06df88f37ba7586b1b5a3ac8b43008b3eed0ca6a744393e6687
cifar10,swin_tiny,1,single_color,dense_trained_sparse_inference,10,3,3,0;1;2,True,23.169444,0.1046526274001289,gpu_raw_to_logits,milliseconds_per_batch,4ba79ef9f76ff06df88f37ba7586b1b5a3ac8b43008b3eed0ca6a744393e6687
cifar10,swin_tiny,1,single_color,dense_trained_sparse_inference,20,3,3,0;1;2,True,24.178759833333334,0.3102708554321255,gpu_raw_to_logits,milliseconds_per_batch,4ba79ef9f76ff06df88f37ba7586b1b5a3ac8b43008b3eed0ca6a744393e6687
cifar10,swin_tiny,1,single_color,dense_trained_sparse_inference,30,3,3,0;1;2,True,26.253382833333333,0.1462662119136987,gpu_raw_to_logits,milliseconds_per_batch,4ba79ef9f76ff06df88f37ba7586b1b5a3ac8b43008b3eed0ca6a744393e6687
cifar10,swin_tiny,1,single_color,dense_trained_sparse_inference,40,3,0,,False,,,gpu_raw_to_logits,milliseconds_per_batch,4ba79ef9f76ff06df88f37ba7586b1b5a3ac8b43008b3eed0ca6a744393e6687
cifar10,swin_tiny,1,single_color,dense_trained_sparse_inference,50,3,0,,False,,,gpu_raw_to_logits,milliseconds_per_batch,4ba79ef9f76ff06df88f37ba7586b1b5a3ac8b43008b3eed0ca6a744393e6687
cifar10,swin_tiny,1,single_color,dense_trained_sparse_inference,60,3,0,,False,,,gpu_raw_to_logits,milliseconds_per_batch,4ba79ef9f76ff06df88f37ba7586b1b5a3ac8b43008b3eed0ca6a744393e6687
cifar10,swin_tiny,1,single_color,dense_trained_sparse_inference,70,3,0,,False,,,gpu_raw_to_logits,milliseconds_per_batch,4ba79ef9f76ff06df88f37ba7586b1b5a3ac8b43008b3eed0ca6a744393e6687
cifar10,swin_tiny,1,single_color,dense_trained_sparse_inference,80,3,0,,False,,,gpu_raw_to_logits,milliseconds_per_batch,4ba79ef9f76ff06df88f37ba7586b1b5a3ac8b43008b3eed0ca6a744393e6687
cifar10,swin_tiny,1,single_color,dense_trained_sparse_inference,90,3,0,,False,,,gpu_raw_to_logits,milliseconds_per_batch,4ba79ef9f76ff06df88f37ba7586b1b5a3ac8b43008b3eed0ca6a744393e6687
cifar10,swin_tiny,1,grayscale,dense_trained_sparse_inference,0,3,3,0;1;2,True,23.049964833333334,0.08166806963913846,gpu_raw_to_logits,milliseconds_per_batch,4ba79ef9f76ff06df88f37ba7586b1b5a3ac8b43008b3eed0ca6a744393e6687
cifar10,swin_tiny,1,grayscale,dense_trained_sparse_inference,10,3,3,0;1;2,True,23.692274333333334,0.19661274714672783,gpu_raw_to_logits,milliseconds_per_batch,4ba79ef9f76ff06df88f37ba7586b1b5a3ac8b43008b3eed0ca6a744393e6687
cifar10,swin_tiny,1,grayscale,dense_trained_sparse_inference,20,3,3,0;1;2,True,25.464372,0.21092202252076533,gpu_raw_to_logits,milliseconds_per_batch,4ba79ef9f76ff06df88f37ba7586b1b5a3ac8b43008b3eed0ca6a744393e6687
cifar10,swin_tiny,1,grayscale,dense_trained_sparse_inference,30,3,3,0;1;2,True,27.861527333333335,0.19685604262781112,gpu_raw_to_logits,milliseconds_per_batch,4ba79ef9f76ff06df88f37ba7586b1b5a3ac8b43008b3eed0ca6a744393e6687
cifar10,swin_tiny,1,grayscale,dense_trained_sparse_inference,40,3,0,,False,,,gpu_raw_to_logits,milliseconds_per_batch,4ba79ef9f76ff06df88f37ba7586b1b5a3ac8b43008b3eed0ca6a744393e6687
cifar10,swin_tiny,1,grayscale,dense_trained_sparse_inference,50,3,0,,False,,,gpu_raw_to_logits,milliseconds_per_batch,4ba79ef9f76ff06df88f37ba7586b1b5a3ac8b43008b3eed0ca6a744393e6687
cifar10,swin_tiny,1,grayscale,dense_trained_sparse_inference,60,3,0,,False,,,gpu_raw_to_logits,milliseconds_per_batch,4ba79ef9f76ff06df88f37ba7586b1b5a3ac8b43008b3eed0ca6a744393e6687
cifar10,swin_tiny,1,grayscale,dense_trained_sparse_inference,70,3,0,,False,,,gpu_raw_to_logits,milliseconds_per_batch,4ba79ef9f76ff06df88f37ba7586b1b5a3ac8b43008b3eed0ca6a744393e6687
cifar10,swin_tiny,1,grayscale,dense_trained_sparse_inference,80,3,0,,False,,,gpu_raw_to_logits,milliseconds_per_batch,4ba79ef9f76ff06df88f37ba7586b1b5a3ac8b43008b3eed0ca6a744393e6687
cifar10,swin_tiny,1,grayscale,dense_trained_sparse_inference,90,3,0,,False,,,gpu_raw_to_logits,milliseconds_per_batch,4ba79ef9f76ff06df88f37ba7586b1b5a3ac8b43008b3eed0ca6a744393e6687
cifar10,swin_tiny,8,raw,raw_dense_reference,,3,3,0;1;2,True,18.748288,0.22072780514074472,gpu_raw_to_logits,milliseconds_per_batch,4ba79ef9f76ff06df88f37ba7586b1b5a3ac8b43008b3eed0ca6a744393e6687
cifar10,swin_tiny,8,color_opponency,matched_sparse_training,0,3,3,0;1;2,True,23.33384433333333,0.048096353266992665,gpu_raw_to_logits,milliseconds_per_batch,4ba79ef9f76ff06df88f37ba7586b1b5a3ac8b43008b3eed0ca6a744393e6687
cifar10,swin_tiny,8,color_opponency,matched_sparse_training,20,3,3,0;1;2,True,24.954115333333334,0.2831370144476577,gpu_raw_to_logits,milliseconds_per_batch,4ba79ef9f76ff06df88f37ba7586b1b5a3ac8b43008b3eed0ca6a744393e6687
cifar10,swin_tiny,8,color_opponency,matched_sparse_training,40,3,3,0;1;2,True,28.21607733333333,0.16311253817712407,gpu_raw_to_logits,milliseconds_per_batch,4ba79ef9f76ff06df88f37ba7586b1b5a3ac8b43008b3eed0ca6a744393e6687
cifar10,swin_tiny,8,color_opponency,matched_sparse_training,60,3,3,0;1;2,True,34.982426333333336,0.18546696631498605,gpu_raw_to_logits,milliseconds_per_batch,4ba79ef9f76ff06df88f37ba7586b1b5a3ac8b43008b3eed0ca6a744393e6687
cifar10,swin_tiny,8,color_opponency,matched_sparse_training,80,3,3,0;1;2,True,43.0816495,0.21216531208057873,gpu_raw_to_logits,milliseconds_per_batch,4ba79ef9f76ff06df88f37ba7586b1b5a3ac8b43008b3eed0ca6a744393e6687
cifar10,swin_tiny,8,single_color,matched_sparse_training,0,3,3,0;1;2,True,23.379483166666667,0.126079840220723,gpu_raw_to_logits,milliseconds_per_batch,4ba79ef9f76ff06df88f37ba7586b1b5a3ac8b43008b3eed0ca6a744393e6687
cifar10,swin_tiny,8,single_color,matched_sparse_training,20,3,3,0;1;2,True,28.8706425,0.09259099682069523,gpu_raw_to_logits,milliseconds_per_batch,4ba79ef9f76ff06df88f37ba7586b1b5a3ac8b43008b3eed0ca6a744393e6687
cifar10,swin_tiny,8,single_color,matched_sparse_training,40,3,3,0;1;2,True,38.075155,0.43811308401684235,gpu_raw_to_logits,milliseconds_per_batch,4ba79ef9f76ff06df88f37ba7586b1b5a3ac8b43008b3eed0ca6a744393e6687
cifar10,swin_tiny,8,single_color,matched_sparse_training,60,3,3,0;1;2,True,45.382343999999996,0.30403901757052576,gpu_raw_to_logits,milliseconds_per_batch,4ba79ef9f76ff06df88f37ba7586b1b5a3ac8b43008b3eed0ca6a744393e6687
cifar10,swin_tiny,8,single_color,matched_sparse_training,80,3,3,0;1;2,True,55.00161816666667,0.1778775420017461,gpu_raw_to_logits,milliseconds_per_batch,4ba79ef9f76ff06df88f37ba7586b1b5a3ac8b43008b3eed0ca6a744393e6687
cifar10,swin_tiny,8,grayscale,matched_sparse_training,0,3,3,0;1;2,True,23.475969,0.1270092936599526,gpu_raw_to_logits,milliseconds_per_batch,4ba79ef9f76ff06df88f37ba7586b1b5a3ac8b43008b3eed0ca6a744393e6687
cifar10,swin_tiny,8,grayscale,matched_sparse_training,20,3,3,0;1;2,True,31.503461166666668,0.11321130533689347,gpu_raw_to_logits,milliseconds_per_batch,4ba79ef9f76ff06df88f37ba7586b1b5a3ac8b43008b3eed0ca6a744393e6687
cifar10,swin_tiny,8,grayscale,matched_sparse_training,40,3,3,0;1;2,True,40.23703233333333,0.2838222348453022,gpu_raw_to_logits,milliseconds_per_batch,4ba79ef9f76ff06df88f37ba7586b1b5a3ac8b43008b3eed0ca6a744393e6687
cifar10,swin_tiny,8,grayscale,matched_sparse_training,60,3,3,0;1;2,True,46.825905166666665,0.05077563813566203,gpu_raw_to_logits,milliseconds_per_batch,4ba79ef9f76ff06df88f37ba7586b1b5a3ac8b43008b3eed0ca6a744393e6687
cifar10,swin_tiny,8,grayscale,matched_sparse_training,80,3,3,0;1;2,True,55.8165675,0.30509722718299315,gpu_raw_to_logits,milliseconds_per_batch,4ba79ef9f76ff06df88f37ba7586b1b5a3ac8b43008b3eed0ca6a744393e6687
cifar10,swin_tiny,8,color_opponency,dense_trained_sparse_inference,0,3,3,0;1;2,True,23.311826,0.0625151968964342,gpu_raw_to_logits,milliseconds_per_batch,4ba79ef9f76ff06df88f37ba7586b1b5a3ac8b43008b3eed0ca6a744393e6687
cifar10,swin_tiny,8,color_opponency,dense_trained_sparse_inference,10,3,3,0;1;2,True,23.620523333333335,0.2936829664456781,gpu_raw_to_logits,milliseconds_per_batch,4ba79ef9f76ff06df88f37ba7586b1b5a3ac8b43008b3eed0ca6a744393e6687
cifar10,swin_tiny,8,color_opponency,dense_trained_sparse_inference,20,3,3,0;1;2,True,24.937741166666665,0.20258237162715498,gpu_raw_to_logits,milliseconds_per_batch,4ba79ef9f76ff06df88f37ba7586b1b5a3ac8b43008b3eed0ca6a744393e6687
cifar10,swin_tiny,8,color_opponency,dense_trained_sparse_inference,30,3,3,0;1;2,True,25.915927500000002,0.07020297157706311,gpu_raw_to_logits,milliseconds_per_batch,4ba79ef9f76ff06df88f37ba7586b1b5a3ac8b43008b3eed0ca6a744393e6687
cifar10,swin_tiny,8,color_opponency,dense_trained_sparse_inference,40,3,0,,False,,,gpu_raw_to_logits,milliseconds_per_batch,4ba79ef9f76ff06df88f37ba7586b1b5a3ac8b43008b3eed0ca6a744393e6687
cifar10,swin_tiny,8,color_opponency,dense_trained_sparse_inference,50,3,0,,False,,,gpu_raw_to_logits,milliseconds_per_batch,4ba79ef9f76ff06df88f37ba7586b1b5a3ac8b43008b3eed0ca6a744393e6687
cifar10,swin_tiny,8,color_opponency,dense_trained_sparse_inference,60,3,0,,False,,,gpu_raw_to_logits,milliseconds_per_batch,4ba79ef9f76ff06df88f37ba7586b1b5a3ac8b43008b3eed0ca6a744393e6687
cifar10,swin_tiny,8,color_opponency,dense_trained_sparse_inference,70,3,0,,False,,,gpu_raw_to_logits,milliseconds_per_batch,4ba79ef9f76ff06df88f37ba7586b1b5a3ac8b43008b3eed0ca6a744393e6687
cifar10,swin_tiny,8,color_opponency,dense_trained_sparse_inference,80,3,0,,False,,,gpu_raw_to_logits,milliseconds_per_batch,4ba79ef9f76ff06df88f37ba7586b1b5a3ac8b43008b3eed0ca6a744393e6687
cifar10,swin_tiny,8,color_opponency,dense_trained_sparse_inference,90,3,0,,False,,,gpu_raw_to_logits,milliseconds_per_batch,4ba79ef9f76ff06df88f37ba7586b1b5a3ac8b43008b3eed0ca6a744393e6687
cifar10,swin_tiny,8,single_color,dense_trained_sparse_inference,0,3,3,0;1;2,True,23.663127833333334,0.15005143042164948,gpu_raw_to_logits,milliseconds_per_batch,4ba79ef9f76ff06df88f37ba7586b1b5a3ac8b43008b3eed0ca6a744393e6687
cifar10,swin_tiny,8,single_color,dense_trained_sparse_inference,10,3,3,0;1;2,True,25.627318999999996,0.1169090611982241,gpu_raw_to_logits,milliseconds_per_batch,4ba79ef9f76ff06df88f37ba7586b1b5a3ac8b43008b3eed0ca6a744393e6687
cifar10,swin_tiny,8,single_color,dense_trained_sparse_inference,20,3,3,0;1;2,True,28.727938166666668,0.24578612493402302,gpu_raw_to_logits,milliseconds_per_batch,4ba79ef9f76ff06df88f37ba7586b1b5a3ac8b43008b3eed0ca6a744393e6687
cifar10,swin_tiny,8,single_color,dense_trained_sparse_inference,30,3,3,0;1;2,True,33.679816333333335,0.18692207023271123,gpu_raw_to_logits,milliseconds_per_batch,4ba79ef9f76ff06df88f37ba7586b1b5a3ac8b43008b3eed0ca6a744393e6687
cifar10,swin_tiny,8,single_color,dense_trained_sparse_inference,40,3,0,,False,,,gpu_raw_to_logits,milliseconds_per_batch,4ba79ef9f76ff06df88f37ba7586b1b5a3ac8b43008b3eed0ca6a744393e6687
cifar10,swin_tiny,8,single_color,dense_trained_sparse_inference,50,3,0,,False,,,gpu_raw_to_logits,milliseconds_per_batch,4ba79ef9f76ff06df88f37ba7586b1b5a3ac8b43008b3eed0ca6a744393e6687
cifar10,swin_tiny,8,single_color,dense_trained_sparse_inference,60,3,0,,False,,,gpu_raw_to_logits,milliseconds_per_batch,4ba79ef9f76ff06df88f37ba7586b1b5a3ac8b43008b3eed0ca6a744393e6687
cifar10,swin_tiny,8,single_color,dense_trained_sparse_inference,70,3,0,,False,,,gpu_raw_to_logits,milliseconds_per_batch,4ba79ef9f76ff06df88f37ba7586b1b5a3ac8b43008b3eed0ca6a744393e6687
cifar10,swin_tiny,8,single_color,dense_trained_sparse_inference,80,3,0,,False,,,gpu_raw_to_logits,milliseconds_per_batch,4ba79ef9f76ff06df88f37ba7586b1b5a3ac8b43008b3eed0ca6a744393e6687
cifar10,swin_tiny,8,single_color,dense_trained_sparse_inference,90,3,0,,False,,,gpu_raw_to_logits,milliseconds_per_batch,4ba79ef9f76ff06df88f37ba7586b1b5a3ac8b43008b3eed0ca6a744393e6687
cifar10,swin_tiny,8,grayscale,dense_trained_sparse_inference,0,3,3,0;1;2,True,23.35673183333333,0.17060560700951047,gpu_raw_to_logits,milliseconds_per_batch,4ba79ef9f76ff06df88f37ba7586b1b5a3ac8b43008b3eed0ca6a744393e6687
cifar10,swin_tiny,8,grayscale,dense_trained_sparse_inference,10,3,3,0;1;2,True,26.981327166666667,0.07134565236637336,gpu_raw_to_logits,milliseconds_per_batch,4ba79ef9f76ff06df88f37ba7586b1b5a3ac8b43008b3eed0ca6a744393e6687
cifar10,swin_tiny,8,grayscale,dense_trained_sparse_inference,20,3,3,0;1;2,True,32.02323166666667,0.11439230684942789,gpu_raw_to_logits,milliseconds_per_batch,4ba79ef9f76ff06df88f37ba7586b1b5a3ac8b43008b3eed0ca6a744393e6687
cifar10,swin_tiny,8,grayscale,dense_trained_sparse_inference,30,3,3,0;1;2,True,36.3159785,0.5215818030992346,gpu_raw_to_logits,milliseconds_per_batch,4ba79ef9f76ff06df88f37ba7586b1b5a3ac8b43008b3eed0ca6a744393e6687
cifar10,swin_tiny,8,grayscale,dense_trained_sparse_inference,40,3,0,,False,,,gpu_raw_to_logits,milliseconds_per_batch,4ba79ef9f76ff06df88f37ba7586b1b5a3ac8b43008b3eed0ca6a744393e6687
cifar10,swin_tiny,8,grayscale,dense_trained_sparse_inference,50,3,0,,False,,,gpu_raw_to_logits,milliseconds_per_batch,4ba79ef9f76ff06df88f37ba7586b1b5a3ac8b43008b3eed0ca6a744393e6687
cifar10,swin_tiny,8,grayscale,dense_trained_sparse_inference,60,3,0,,False,,,gpu_raw_to_logits,milliseconds_per_batch,4ba79ef9f76ff06df88f37ba7586b1b5a3ac8b43008b3eed0ca6a744393e6687
cifar10,swin_tiny,8,grayscale,dense_trained_sparse_inference,70,3,0,,False,,,gpu_raw_to_logits,milliseconds_per_batch,4ba79ef9f76ff06df88f37ba7586b1b5a3ac8b43008b3eed0ca6a744393e6687
cifar10,swin_tiny,8,grayscale,dense_trained_sparse_inference,80,3,0,,False,,,gpu_raw_to_logits,milliseconds_per_batch,4ba79ef9f76ff06df88f37ba7586b1b5a3ac8b43008b3eed0ca6a744393e6687
cifar10,swin_tiny,8,grayscale,dense_trained_sparse_inference,90,3,0,,False,,,gpu_raw_to_logits,milliseconds_per_batch,4ba79ef9f76ff06df88f37ba7586b1b5a3ac8b43008b3eed0ca6a744393e6687
