dataset,architecture,batch_size,seed,original_median_ms,followup_median_ms,followup_minus_original_ms,same_checkpoint_sha256,same_panel_sha256
cifar10,swin_tiny,1,0,18.233408,18.212462000000002,-0.020945999999998577,3292edaad6d1f81f87a8b508f23007e265f1506e12d81c7b47715ededb9a6546,e93bb56e1080beaaba80d134d944324ca2a0f9d37dac6b65bf6a98c287cfff3c
cifar10,swin_tiny,8,0,19.0029845,18.517595,-0.48538950000000014,3292edaad6d1f81f87a8b508f23007e265f1506e12d81c7b47715ededb9a6546,739b91120d5b1c1b1047eb58a3f22d696a604fc4ea92b68c291e3a2afa30516f
cifar10,swin_tiny,1,1,18.3223945,18.552084999999998,0.2296904999999967,fe659f7e7cc2bcded57c75ed5272930ea1d37c77549aaf2b6da6e7cb4dbf548b,e93bb56e1080beaaba80d134d944324ca2a0f9d37dac6b65bf6a98c287cfff3c
cifar10,swin_tiny,8,1,18.629188,18.654771,0.02558300000000102,fe659f7e7cc2bcded57c75ed5272930ea1d37c77549aaf2b6da6e7cb4dbf548b,739b91120d5b1c1b1047eb58a3f22d696a604fc4ea92b68c291e3a2afa30516f
cifar10,swin_tiny,1,2,18.3620075,18.2799045,-0.08210300000000004,c0d05e70330b2102f46e929b2604e920636f02760a2b7ccac6c5cbb3b9b9012e,e93bb56e1080beaaba80d134d944324ca2a0f9d37dac6b65bf6a98c287cfff3c
cifar10,swin_tiny,8,2,18.612691499999997,18.681824,0.06913250000000204,c0d05e70330b2102f46e929b2604e920636f02760a2b7ccac6c5cbb3b9b9012e,739b91120d5b1c1b1047eb58a3f22d696a604fc4ea92b68c291e3a2afa30516f
cifar10,vit_small,1,0,10.1736895,10.1388745,-0.03481500000000004,a8369ed680009e45868b72c0316b8d39c74371d912ed437ff6bf9dc89488db33,e93bb56e1080beaaba80d134d944324ca2a0f9d37dac6b65bf6a98c287cfff3c
cifar10,vit_small,8,0,11.495079,11.6006795,0.10560049999999954,a8369ed680009e45868b72c0316b8d39c74371d912ed437ff6bf9dc89488db33,739b91120d5b1c1b1047eb58a3f22d696a604fc4ea92b68c291e3a2afa30516f
cifar10,vit_small,1,1,10.255769,10.205367,-0.05040200000000006,51013aa13debf7716aa0c9fa9d431e2a16cb1727a003497460469b5e728eaeb4,e93bb56e1080beaaba80d134d944324ca2a0f9d37dac6b65bf6a98c287cfff3c
cifar10,vit_small,8,1,11.747043,11.536771,-0.2102719999999998,51013aa13debf7716aa0c9fa9d431e2a16cb1727a003497460469b5e728eaeb4,739b91120d5b1c1b1047eb58a3f22d696a604fc4ea92b68c291e3a2afa30516f
cifar10,vit_small,1,2,10.1283215,10.160741999999999,0.03242049999999885,92f9655eb068a90ffb82799f9d4939a1b20fefa95c7967c571e933859172321e,e93bb56e1080beaaba80d134d944324ca2a0f9d37dac6b65bf6a98c287cfff3c
cifar10,vit_small,8,2,11.6997585,11.511031,-0.1887275000000006,92f9655eb068a90ffb82799f9d4939a1b20fefa95c7967c571e933859172321e,739b91120d5b1c1b1047eb58a3f22d696a604fc4ea92b68c291e3a2afa30516f
mnist,swin_tiny,1,0,18.2120205,18.202407,-0.009613500000000386,4f4de1c96ce3171d528465ea583fe366ccbf1eeed9fc126ed5b29d61cc878836,940ba5186655a8fb7198592a791463aafd7e08504e628572ceb220ca146031c6
mnist,swin_tiny,8,0,18.691581499999998,18.6044505,-0.0871309999999994,4f4de1c96ce3171d528465ea583fe366ccbf1eeed9fc126ed5b29d61cc878836,e073550ebb5bd1b3bdebcda1e5ca1379e29266c839f76e0d4799e913b6a19f13
mnist,swin_tiny,1,1,18.2302495,18.199769,-0.030480499999999466,485f892a847b6dbcfdab4e13b46349e10ca7e3c0d81810dc50d69b0ada0c05f0,940ba5186655a8fb7198592a791463aafd7e08504e628572ceb220ca146031c6
mnist,swin_tiny,8,1,18.8559855,18.646209499999998,-0.20977600000000152,485f892a847b6dbcfdab4e13b46349e10ca7e3c0d81810dc50d69b0ada0c05f0,e073550ebb5bd1b3bdebcda1e5ca1379e29266c839f76e0d4799e913b6a19f13
mnist,swin_tiny,1,2,18.141819499999997,18.3547945,0.2129750000000037,dc141a26cd438bb05b5097a229bc10b348f6a1d7cb9696567fc85afbb8440cbe,940ba5186655a8fb7198592a791463aafd7e08504e628572ceb220ca146031c6
mnist,swin_tiny,8,2,18.791987,18.625651,-0.1663359999999976,dc141a26cd438bb05b5097a229bc10b348f6a1d7cb9696567fc85afbb8440cbe,e073550ebb5bd1b3bdebcda1e5ca1379e29266c839f76e0d4799e913b6a19f13
mnist,vit_small,1,0,10.093811,10.1172825,0.023471499999999423,3db92cbcafbbc2751e66333d710ad6f6ab62881147312fbf9142265b64fd326b,940ba5186655a8fb7198592a791463aafd7e08504e628572ceb220ca146031c6
mnist,vit_small,8,0,10.557423,10.572263,0.01483999999999952,3db92cbcafbbc2751e66333d710ad6f6ab62881147312fbf9142265b64fd326b,e073550ebb5bd1b3bdebcda1e5ca1379e29266c839f76e0d4799e913b6a19f13
mnist,vit_small,1,1,10.118508,10.108343,-0.010165000000000646,acbec74b30d2bb2dbba09b75e00a22ce88387ed47cb09fa6403be759a89ac248,940ba5186655a8fb7198592a791463aafd7e08504e628572ceb220ca146031c6
mnist,vit_small,8,1,10.56249,10.506478000000001,-0.05601199999999906,acbec74b30d2bb2dbba09b75e00a22ce88387ed47cb09fa6403be759a89ac248,e073550ebb5bd1b3bdebcda1e5ca1379e29266c839f76e0d4799e913b6a19f13
mnist,vit_small,1,2,10.052800000000001,10.094899,0.042098999999998554,63bb2214a8ab262e48865109fcf46769e97d9659bc9e8d3557e8cd23394adc56,940ba5186655a8fb7198592a791463aafd7e08504e628572ceb220ca146031c6
mnist,vit_small,8,2,10.7067045,10.737671500000001,0.03096700000000041,63bb2214a8ab262e48865109fcf46769e97d9659bc9e8d3557e8cd23394adc56,e073550ebb5bd1b3bdebcda1e5ca1379e29266c839f76e0d4799e913b6a19f13
