dataset,architecture,representation,family,trained_execution,inference_execution,sparsity_percent,protocol,training_count,corruption,severity_aggregation,severity_count,test_images_per_severity,error_percent_mean,error_percent_sample_sd,seeds,error_percent_seed0,error_percent_seed1,error_percent_seed2
mnist,swin_tiny,grayscale,training_dense_testing_sparse,dense,compact,0,heldout_val,55000,brightness,fixed,1,10000,36.45333333333333,6.9634210940695915,3,44.15,30.589999999999996,34.62
mnist,swin_tiny,grayscale,training_dense_testing_sparse,dense,compact,0,heldout_val,55000,canny_edges,fixed,1,10000,36.846666666666664,4.19486988276553,3,32.940000000000005,36.31999999999999,41.279999999999994
mnist,swin_tiny,grayscale,training_dense_testing_sparse,dense,compact,0,heldout_val,55000,clean,clean,1,10000,9.68,2.91499571183218,3,6.540000000000001,12.3,10.199999999999998
mnist,swin_tiny,grayscale,training_dense_testing_sparse,dense,compact,0,heldout_val,55000,dotted_line,fixed,1,10000,21.993333333333336,3.6312302782023234,3,17.910000000000004,24.860000000000003,23.209999999999997
mnist,swin_tiny,grayscale,training_dense_testing_sparse,dense,compact,0,heldout_val,55000,fog,fixed,1,10000,42.75666666666666,8.209417356507908,3,52.06999999999999,36.57,39.629999999999995
mnist,swin_tiny,grayscale,training_dense_testing_sparse,dense,compact,0,heldout_val,55000,glass_blur,fixed,1,10000,39.906666666666666,1.117333134447082,3,39.09,41.18000000000001,39.449999999999996
mnist,swin_tiny,grayscale,training_dense_testing_sparse,dense,compact,0,heldout_val,55000,impulse_noise,fixed,1,10000,63.6,4.043031041186788,3,61.99,68.19999999999999,60.61000000000001
mnist,swin_tiny,grayscale,training_dense_testing_sparse,dense,compact,0,heldout_val,55000,motion_blur,fixed,1,10000,15.7,1.4795945390545342,3,14.52,17.36,15.22
mnist,swin_tiny,grayscale,training_dense_testing_sparse,dense,compact,0,heldout_val,55000,rotate,fixed,1,10000,21.883333333333333,1.8576957052578125,3,19.740000000000002,23.029999999999994,22.88
mnist,swin_tiny,grayscale,training_dense_testing_sparse,dense,compact,0,heldout_val,55000,scale,fixed,1,10000,30.279999999999998,5.856867763574661,3,25.249999999999993,28.879999999999995,36.71
mnist,swin_tiny,grayscale,training_dense_testing_sparse,dense,compact,0,heldout_val,55000,shear,fixed,1,10000,15.443333333333335,2.3271083630405633,3,12.870000000000005,17.400000000000006,16.059999999999995
mnist,swin_tiny,grayscale,training_dense_testing_sparse,dense,compact,0,heldout_val,55000,shot_noise,fixed,1,10000,31.183333333333334,3.4811683862366296,3,27.41,31.869999999999997,34.27
mnist,swin_tiny,grayscale,training_dense_testing_sparse,dense,compact,0,heldout_val,55000,spatter,fixed,1,10000,42.32666666666667,2.319964080181703,3,40.510000000000005,41.53,44.940000000000005
mnist,swin_tiny,grayscale,training_dense_testing_sparse,dense,compact,0,heldout_val,55000,stripe,fixed,1,10000,43.43333333333333,5.140937009274999,3,49.2,41.769999999999996,39.33
mnist,swin_tiny,grayscale,training_dense_testing_sparse,dense,compact,0,heldout_val,55000,translate,fixed,1,10000,66.52666666666667,1.033650488962947,3,66.72,65.41,67.45
mnist,swin_tiny,grayscale,training_dense_testing_sparse,dense,compact,0,heldout_val,55000,zigzag,fixed,1,10000,32.083333333333336,1.9106107226050346,3,30.64,34.25,31.36
mnist,swin_tiny,grayscale,training_dense_testing_sparse,dense,compact,10,heldout_val,55000,brightness,fixed,1,10000,40.48333333333333,5.671986718367148,3,46.699999999999996,35.589999999999996,39.16
mnist,swin_tiny,grayscale,training_dense_testing_sparse,dense,compact,10,heldout_val,55000,canny_edges,fixed,1,10000,36.846666666666664,4.19486988276553,3,32.940000000000005,36.31999999999999,41.279999999999994
mnist,swin_tiny,grayscale,training_dense_testing_sparse,dense,compact,10,heldout_val,55000,clean,clean,1,10000,9.68,2.91499571183218,3,6.540000000000001,12.3,10.199999999999998
mnist,swin_tiny,grayscale,training_dense_testing_sparse,dense,compact,10,heldout_val,55000,dotted_line,fixed,1,10000,21.993333333333336,3.6312302782023234,3,17.910000000000004,24.860000000000003,23.209999999999997
mnist,swin_tiny,grayscale,training_dense_testing_sparse,dense,compact,10,heldout_val,55000,fog,fixed,1,10000,42.736666666666665,8.211286947448212,3,52.05,36.53999999999999,39.62
mnist,swin_tiny,grayscale,training_dense_testing_sparse,dense,compact,10,heldout_val,55000,glass_blur,fixed,1,10000,39.906666666666666,1.117333134447082,3,39.09,41.18000000000001,39.449999999999996
mnist,swin_tiny,grayscale,training_dense_testing_sparse,dense,compact,10,heldout_val,55000,impulse_noise,fixed,1,10000,63.6,4.043031041186788,3,61.99,68.19999999999999,60.61000000000001
mnist,swin_tiny,grayscale,training_dense_testing_sparse,dense,compact,10,heldout_val,55000,motion_blur,fixed,1,10000,15.7,1.4795945390545342,3,14.52,17.36,15.22
mnist,swin_tiny,grayscale,training_dense_testing_sparse,dense,compact,10,heldout_val,55000,rotate,fixed,1,10000,21.883333333333333,1.8576957052578125,3,19.740000000000002,23.029999999999994,22.88
mnist,swin_tiny,grayscale,training_dense_testing_sparse,dense,compact,10,heldout_val,55000,scale,fixed,1,10000,30.279999999999998,5.856867763574661,3,25.249999999999993,28.879999999999995,36.71
mnist,swin_tiny,grayscale,training_dense_testing_sparse,dense,compact,10,heldout_val,55000,shear,fixed,1,10000,15.443333333333335,2.3271083630405633,3,12.870000000000005,17.400000000000006,16.059999999999995
mnist,swin_tiny,grayscale,training_dense_testing_sparse,dense,compact,10,heldout_val,55000,shot_noise,fixed,1,10000,31.183333333333334,3.4811683862366296,3,27.41,31.869999999999997,34.27
mnist,swin_tiny,grayscale,training_dense_testing_sparse,dense,compact,10,heldout_val,55000,spatter,fixed,1,10000,42.32666666666667,2.319964080181703,3,40.510000000000005,41.53,44.940000000000005
mnist,swin_tiny,grayscale,training_dense_testing_sparse,dense,compact,10,heldout_val,55000,stripe,fixed,1,10000,43.43333333333333,5.140937009274999,3,49.2,41.769999999999996,39.33
mnist,swin_tiny,grayscale,training_dense_testing_sparse,dense,compact,10,heldout_val,55000,translate,fixed,1,10000,66.52666666666667,1.033650488962947,3,66.72,65.41,67.45
mnist,swin_tiny,grayscale,training_dense_testing_sparse,dense,compact,10,heldout_val,55000,zigzag,fixed,1,10000,32.083333333333336,1.9106107226050346,3,30.64,34.25,31.36
mnist,swin_tiny,grayscale,training_dense_testing_sparse,dense,compact,20,heldout_val,55000,brightness,fixed,1,10000,41.96333333333333,4.891853772685082,3,47.099999999999994,37.36000000000001,41.43
mnist,swin_tiny,grayscale,training_dense_testing_sparse,dense,compact,20,heldout_val,55000,canny_edges,fixed,1,10000,36.846666666666664,4.19486988276553,3,32.940000000000005,36.31999999999999,41.279999999999994
mnist,swin_tiny,grayscale,training_dense_testing_sparse,dense,compact,20,heldout_val,55000,clean,clean,1,10000,9.68,2.91499571183218,3,6.540000000000001,12.3,10.199999999999998
mnist,swin_tiny,grayscale,training_dense_testing_sparse,dense,compact,20,heldout_val,55000,dotted_line,fixed,1,10000,21.993333333333336,3.6312302782023234,3,17.910000000000004,24.860000000000003,23.209999999999997
mnist,swin_tiny,grayscale,training_dense_testing_sparse,dense,compact,20,heldout_val,55000,fog,fixed,1,10000,42.93,8.107447193784244,3,52.160000000000004,36.96,39.67
mnist,swin_tiny,grayscale,training_dense_testing_sparse,dense,compact,20,heldout_val,55000,glass_blur,fixed,1,10000,39.906666666666666,1.117333134447082,3,39.09,41.18000000000001,39.449999999999996
mnist,swin_tiny,grayscale,training_dense_testing_sparse,dense,compact,20,heldout_val,55000,impulse_noise,fixed,1,10000,63.60333333333333,4.039335753974069,3,61.99,68.19999999999999,60.620000000000005
mnist,swin_tiny,grayscale,training_dense_testing_sparse,dense,compact,20,heldout_val,55000,motion_blur,fixed,1,10000,15.7,1.4795945390545342,3,14.52,17.36,15.22
mnist,swin_tiny,grayscale,training_dense_testing_sparse,dense,compact,20,heldout_val,55000,rotate,fixed,1,10000,21.886666666666667,1.860385264759244,3,19.740000000000002,23.029999999999994,22.89
mnist,swin_tiny,grayscale,training_dense_testing_sparse,dense,compact,20,heldout_val,55000,scale,fixed,1,10000,30.279999999999998,5.856867763574661,3,25.249999999999993,28.879999999999995,36.71
mnist,swin_tiny,grayscale,training_dense_testing_sparse,dense,compact,20,heldout_val,55000,shear,fixed,1,10000,15.443333333333335,2.3271083630405633,3,12.870000000000005,17.400000000000006,16.059999999999995
mnist,swin_tiny,grayscale,training_dense_testing_sparse,dense,compact,20,heldout_val,55000,shot_noise,fixed,1,10000,31.183333333333334,3.4811683862366296,3,27.41,31.869999999999997,34.27
mnist,swin_tiny,grayscale,training_dense_testing_sparse,dense,compact,20,heldout_val,55000,spatter,fixed,1,10000,42.32666666666667,2.319964080181703,3,40.510000000000005,41.53,44.940000000000005
mnist,swin_tiny,grayscale,training_dense_testing_sparse,dense,compact,20,heldout_val,55000,stripe,fixed,1,10000,44.15,4.7472834337123775,3,49.22,43.42,39.81
mnist,swin_tiny,grayscale,training_dense_testing_sparse,dense,compact,20,heldout_val,55000,translate,fixed,1,10000,66.52666666666667,1.033650488962947,3,66.72,65.41,67.45
mnist,swin_tiny,grayscale,training_dense_testing_sparse,dense,compact,20,heldout_val,55000,zigzag,fixed,1,10000,32.083333333333336,1.9106107226050346,3,30.64,34.25,31.36
mnist,swin_tiny,grayscale,training_dense_testing_sparse,dense,compact,30,heldout_val,55000,brightness,fixed,1,10000,49.10333333333333,6.119921023455555,3,56.169999999999995,45.56,45.58
mnist,swin_tiny,grayscale,training_dense_testing_sparse,dense,compact,30,heldout_val,55000,canny_edges,fixed,1,10000,36.846666666666664,4.19486988276553,3,32.940000000000005,36.31999999999999,41.279999999999994
mnist,swin_tiny,grayscale,training_dense_testing_sparse,dense,compact,30,heldout_val,55000,clean,clean,1,10000,9.68,2.91499571183218,3,6.540000000000001,12.3,10.199999999999998
mnist,swin_tiny,grayscale,training_dense_testing_sparse,dense,compact,30,heldout_val,55000,dotted_line,fixed,1,10000,21.993333333333336,3.6312302782023234,3,17.910000000000004,24.860000000000003,23.209999999999997
mnist,swin_tiny,grayscale,training_dense_testing_sparse,dense,compact,30,heldout_val,55000,fog,fixed,1,10000,44.269999999999996,7.903435961656172,3,53.339999999999996,38.85999999999999,40.61
mnist,swin_tiny,grayscale,training_dense_testing_sparse,dense,compact,30,heldout_val,55000,glass_blur,fixed,1,10000,40.0,1.0530432089900217,3,39.23,41.2,39.57000000000001
mnist,swin_tiny,grayscale,training_dense_testing_sparse,dense,compact,30,heldout_val,55000,impulse_noise,fixed,1,10000,63.94666666666667,3.8345056178513213,3,62.519999999999996,68.29,61.03000000000001
mnist,swin_tiny,grayscale,training_dense_testing_sparse,dense,compact,30,heldout_val,55000,motion_blur,fixed,1,10000,15.703333333333333,1.475612867026218,3,14.529999999999998,17.36,15.22
mnist,swin_tiny,grayscale,training_dense_testing_sparse,dense,compact,30,heldout_val,55000,rotate,fixed,1,10000,21.886666666666667,1.860385264759244,3,19.740000000000002,23.029999999999994,22.89
mnist,swin_tiny,grayscale,training_dense_testing_sparse,dense,compact,30,heldout_val,55000,scale,fixed,1,10000,30.279999999999998,5.856867763574661,3,25.249999999999993,28.879999999999995,36.71
mnist,swin_tiny,grayscale,training_dense_testing_sparse,dense,compact,30,heldout_val,55000,shear,fixed,1,10000,15.443333333333335,2.3271083630405633,3,12.870000000000005,17.400000000000006,16.059999999999995
mnist,swin_tiny,grayscale,training_dense_testing_sparse,dense,compact,30,heldout_val,55000,shot_noise,fixed,1,10000,31.183333333333334,3.4811683862366296,3,27.41,31.869999999999997,34.27
mnist,swin_tiny,grayscale,training_dense_testing_sparse,dense,compact,30,heldout_val,55000,spatter,fixed,1,10000,42.330000000000005,2.3255966976240736,3,40.510000000000005,41.53,44.95
mnist,swin_tiny,grayscale,training_dense_testing_sparse,dense,compact,30,heldout_val,55000,stripe,fixed,1,10000,48.21666666666667,4.72538181878812,3,52.0,49.73,42.92
mnist,swin_tiny,grayscale,training_dense_testing_sparse,dense,compact,30,heldout_val,55000,translate,fixed,1,10000,66.52666666666667,1.033650488962947,3,66.72,65.41,67.45
mnist,swin_tiny,grayscale,training_dense_testing_sparse,dense,compact,30,heldout_val,55000,zigzag,fixed,1,10000,32.083333333333336,1.9106107226050346,3,30.64,34.25,31.36
mnist,swin_tiny,grayscale,training_dense_testing_sparse,dense,compact,40,heldout_val,55000,brightness,fixed,1,10000,53.10666666666666,5.445221146412087,3,59.35,50.629999999999995,49.339999999999996
mnist,swin_tiny,grayscale,training_dense_testing_sparse,dense,compact,40,heldout_val,55000,canny_edges,fixed,1,10000,36.846666666666664,4.19486988276553,3,32.940000000000005,36.31999999999999,41.279999999999994
mnist,swin_tiny,grayscale,training_dense_testing_sparse,dense,compact,40,heldout_val,55000,clean,clean,1,10000,9.68,2.91499571183218,3,6.540000000000001,12.3,10.199999999999998
mnist,swin_tiny,grayscale,training_dense_testing_sparse,dense,compact,40,heldout_val,55000,dotted_line,fixed,1,10000,21.993333333333336,3.6312302782023234,3,17.910000000000004,24.860000000000003,23.209999999999997
mnist,swin_tiny,grayscale,training_dense_testing_sparse,dense,compact,40,heldout_val,55000,fog,fixed,1,10000,48.416666666666664,7.223692499915358,3,56.730000000000004,44.85,43.669999999999995
mnist,swin_tiny,grayscale,training_dense_testing_sparse,dense,compact,40,heldout_val,55000,glass_blur,fixed,1,10000,40.79,1.1914696806885163,3,39.93,42.15,40.290000000000006
mnist,swin_tiny,grayscale,training_dense_testing_sparse,dense,compact,40,heldout_val,55000,impulse_noise,fixed,1,10000,67.55666666666667,3.405794082638196,3,66.88000000000001,71.25,64.53999999999999
mnist,swin_tiny,grayscale,training_dense_testing_sparse,dense,compact,40,heldout_val,55000,motion_blur,fixed,1,10000,15.739999999999998,1.4561593319413924,3,14.539999999999997,17.36,15.32
mnist,swin_tiny,grayscale,training_dense_testing_sparse,dense,compact,40,heldout_val,55000,rotate,fixed,1,10000,21.886666666666667,1.860385264759244,3,19.740000000000002,23.029999999999994,22.89
mnist,swin_tiny,grayscale,training_dense_testing_sparse,dense,compact,40,heldout_val,55000,scale,fixed,1,10000,30.279999999999998,5.856867763574661,3,25.249999999999993,28.879999999999995,36.71
mnist,swin_tiny,grayscale,training_dense_testing_sparse,dense,compact,40,heldout_val,55000,shear,fixed,1,10000,15.443333333333335,2.3271083630405633,3,12.870000000000005,17.400000000000006,16.059999999999995
mnist,swin_tiny,grayscale,training_dense_testing_sparse,dense,compact,40,heldout_val,55000,shot_noise,fixed,1,10000,31.183333333333334,3.4811683862366296,3,27.41,31.869999999999997,34.27
mnist,swin_tiny,grayscale,training_dense_testing_sparse,dense,compact,40,heldout_val,55000,spatter,fixed,1,10000,42.43,2.361122614351064,3,40.55,41.66,45.08
mnist,swin_tiny,grayscale,training_dense_testing_sparse,dense,compact,40,heldout_val,55000,stripe,fixed,1,10000,53.42333333333334,4.3179779218209715,3,53.99,57.43000000000001,48.85
mnist,swin_tiny,grayscale,training_dense_testing_sparse,dense,compact,40,heldout_val,55000,translate,fixed,1,10000,66.52666666666667,1.033650488962947,3,66.72,65.41,67.45
mnist,swin_tiny,grayscale,training_dense_testing_sparse,dense,compact,40,heldout_val,55000,zigzag,fixed,1,10000,32.089999999999996,1.9049409439665062,3,30.65,34.25,31.369999999999997
mnist,swin_tiny,grayscale,training_dense_testing_sparse,dense,compact,50,heldout_val,55000,brightness,fixed,1,10000,56.14666666666667,4.675150621459521,3,60.8,56.190000000000005,51.449999999999996
mnist,swin_tiny,grayscale,training_dense_testing_sparse,dense,compact,50,heldout_val,55000,canny_edges,fixed,1,10000,36.843333333333334,4.199527751227903,3,32.93000000000001,36.31999999999999,41.279999999999994
mnist,swin_tiny,grayscale,training_dense_testing_sparse,dense,compact,50,heldout_val,55000,clean,clean,1,10000,9.68,2.91499571183218,3,6.540000000000001,12.3,10.199999999999998
mnist,swin_tiny,grayscale,training_dense_testing_sparse,dense,compact,50,heldout_val,55000,dotted_line,fixed,1,10000,21.99,3.6533683088350157,3,17.889999999999993,24.9,23.18
mnist,swin_tiny,grayscale,training_dense_testing_sparse,dense,compact,50,heldout_val,55000,fog,fixed,1,10000,55.60999999999999,6.659106546677266,3,62.129999999999995,55.879999999999995,48.81999999999999
mnist,swin_tiny,grayscale,training_dense_testing_sparse,dense,compact,50,heldout_val,55000,glass_blur,fixed,1,10000,44.68,2.0121878639928212,3,43.63,47.0,43.410000000000004
mnist,swin_tiny,grayscale,training_dense_testing_sparse,dense,compact,50,heldout_val,55000,impulse_noise,fixed,1,10000,76.05333333333333,1.56142029362159,3,75.89,77.69,74.58
mnist,swin_tiny,grayscale,training_dense_testing_sparse,dense,compact,50,heldout_val,55000,motion_blur,fixed,1,10000,16.273333333333333,1.3515299972007058,3,15.059999999999995,17.73,16.03
mnist,swin_tiny,grayscale,training_dense_testing_sparse,dense,compact,50,heldout_val,55000,rotate,fixed,1,10000,21.906666666666666,1.8692333544352702,3,19.75,23.060000000000002,22.909999999999997
mnist,swin_tiny,grayscale,training_dense_testing_sparse,dense,compact,50,heldout_val,55000,scale,fixed,1,10000,30.279999999999998,5.856867763574661,3,25.249999999999993,28.879999999999995,36.71
mnist,swin_tiny,grayscale,training_dense_testing_sparse,dense,compact,50,heldout_val,55000,shear,fixed,1,10000,15.483333333333334,2.320265789372705,3,12.919999999999998,17.44,16.090000000000003
mnist,swin_tiny,grayscale,training_dense_testing_sparse,dense,compact,50,heldout_val,55000,shot_noise,fixed,1,10000,31.183333333333334,3.4811683862366296,3,27.41,31.869999999999997,34.27
mnist,swin_tiny,grayscale,training_dense_testing_sparse,dense,compact,50,heldout_val,55000,spatter,fixed,1,10000,43.986666666666665,2.05801684476423,3,42.43,43.21,46.31999999999999
mnist,swin_tiny,grayscale,training_dense_testing_sparse,dense,compact,50,heldout_val,55000,stripe,fixed,1,10000,58.86333333333333,4.293650350614657,3,56.28999999999999,63.82,56.48
mnist,swin_tiny,grayscale,training_dense_testing_sparse,dense,compact,50,heldout_val,55000,translate,fixed,1,10000,66.52666666666667,1.033650488962947,3,66.72,65.41,67.45
mnist,swin_tiny,grayscale,training_dense_testing_sparse,dense,compact,50,heldout_val,55000,zigzag,fixed,1,10000,32.209999999999994,1.8954946583939523,3,30.779999999999998,34.36,31.489999999999995
mnist,swin_tiny,grayscale,training_dense_testing_sparse,dense,compact,60,heldout_val,55000,brightness,fixed,1,10000,58.82333333333333,5.133793269438627,3,63.339999999999996,59.89,53.239999999999995
mnist,swin_tiny,grayscale,training_dense_testing_sparse,dense,compact,60,heldout_val,55000,canny_edges,fixed,1,10000,37.093333333333334,4.151292971272124,3,33.13,36.739999999999995,41.410000000000004
mnist,swin_tiny,grayscale,training_dense_testing_sparse,dense,compact,60,heldout_val,55000,clean,clean,1,10000,9.703333333333335,2.9491411179076077,3,6.530000000000003,12.360000000000005,10.219999999999995
mnist,swin_tiny,grayscale,training_dense_testing_sparse,dense,compact,60,heldout_val,55000,dotted_line,fixed,1,10000,22.933333333333334,3.8568424045238556,3,18.669999999999998,26.180000000000003,23.950000000000003
mnist,swin_tiny,grayscale,training_dense_testing_sparse,dense,compact,60,heldout_val,55000,fog,fixed,1,10000,62.736666666666665,6.447211283441341,3,65.78999999999999,67.09,55.33
mnist,swin_tiny,grayscale,training_dense_testing_sparse,dense,compact,60,heldout_val,55000,glass_blur,fixed,1,10000,53.21666666666666,2.133010392223474,3,52.33,55.65,51.669999999999995
mnist,swin_tiny,grayscale,training_dense_testing_sparse,dense,compact,60,heldout_val,55000,impulse_noise,fixed,1,10000,81.43333333333334,0.6459360133429082,3,82.0,81.57,80.73
mnist,swin_tiny,grayscale,training_dense_testing_sparse,dense,compact,60,heldout_val,55000,motion_blur,fixed,1,10000,18.513333333333335,1.4014754130320395,3,17.020000000000003,19.799999999999997,18.720000000000002
mnist,swin_tiny,grayscale,training_dense_testing_sparse,dense,compact,60,heldout_val,55000,rotate,fixed,1,10000,22.343333333333334,2.078108113966482,3,19.950000000000003,23.69,23.39
mnist,swin_tiny,grayscale,training_dense_testing_sparse,dense,compact,60,heldout_val,55000,scale,fixed,1,10000,30.279999999999998,5.856867763574661,3,25.249999999999993,28.879999999999995,36.71
mnist,swin_tiny,grayscale,training_dense_testing_sparse,dense,compact,60,heldout_val,55000,shear,fixed,1,10000,16.200000000000003,2.5169624550239145,3,13.41,18.300000000000004,16.890000000000004
mnist,swin_tiny,grayscale,training_dense_testing_sparse,dense,compact,60,heldout_val,55000,shot_noise,fixed,1,10000,31.259999999999998,3.4665400617907154,3,27.490000000000002,31.979999999999997,34.309999999999995
mnist,swin_tiny,grayscale,training_dense_testing_sparse,dense,compact,60,heldout_val,55000,spatter,fixed,1,10000,49.12,2.194470323335454,3,47.629999999999995,48.089999999999996,51.64
mnist,swin_tiny,grayscale,training_dense_testing_sparse,dense,compact,60,heldout_val,55000,stripe,fixed,1,10000,64.03666666666666,3.7402851941173303,3,62.07,68.35,61.69
mnist,swin_tiny,grayscale,training_dense_testing_sparse,dense,compact,60,heldout_val,55000,translate,fixed,1,10000,66.56,1.0868302535354828,3,66.78,65.38,67.52
mnist,swin_tiny,grayscale,training_dense_testing_sparse,dense,compact,60,heldout_val,55000,zigzag,fixed,1,10000,33.64666666666667,1.7100389859103595,3,32.13,35.5,33.309999999999995
mnist,swin_tiny,grayscale,training_dense_testing_sparse,dense,compact,70,heldout_val,55000,brightness,fixed,1,10000,66.17,2.8408449447303523,3,68.97,66.25,63.29
mnist,swin_tiny,grayscale,training_dense_testing_sparse,dense,compact,70,heldout_val,55000,canny_edges,fixed,1,10000,42.11,3.9261558807566472,3,38.239999999999995,42.00000000000001,46.089999999999996
mnist,swin_tiny,grayscale,training_dense_testing_sparse,dense,compact,70,heldout_val,55000,clean,clean,1,10000,10.14,2.967086112670139,3,6.940000000000001,12.8,10.68
mnist,swin_tiny,grayscale,training_dense_testing_sparse,dense,compact,70,heldout_val,55000,dotted_line,fixed,1,10000,28.343333333333334,4.011450278058218,3,23.729999999999997,31.010000000000005,30.289999999999996
mnist,swin_tiny,grayscale,training_dense_testing_sparse,dense,compact,70,heldout_val,55000,fog,fixed,1,10000,67.63666666666666,4.756430734630039,3,69.67999999999999,71.02999999999999,62.2
mnist,swin_tiny,grayscale,training_dense_testing_sparse,dense,compact,70,heldout_val,55000,glass_blur,fixed,1,10000,63.89666666666667,1.0722561882933326,3,63.71,65.05000000000001,62.93
mnist,swin_tiny,grayscale,training_dense_testing_sparse,dense,compact,70,heldout_val,55000,impulse_noise,fixed,1,10000,86.44,0.6219324722186472,3,86.98,85.76,86.58
mnist,swin_tiny,grayscale,training_dense_testing_sparse,dense,compact,70,heldout_val,55000,motion_blur,fixed,1,10000,21.936666666666667,1.925937001392652,3,19.720000000000006,23.2,22.89
mnist,swin_tiny,grayscale,training_dense_testing_sparse,dense,compact,70,heldout_val,55000,rotate,fixed,1,10000,24.46666666666666,2.406747459401033,3,21.709999999999997,26.149999999999995,25.539999999999996
mnist,swin_tiny,grayscale,training_dense_testing_sparse,dense,compact,70,heldout_val,55000,scale,fixed,1,10000,30.28,5.853776558769559,3,25.260000000000005,28.869999999999997,36.71
mnist,swin_tiny,grayscale,training_dense_testing_sparse,dense,compact,70,heldout_val,55000,shear,fixed,1,10000,18.556666666666665,3.0440816896616516,3,15.139999999999997,20.979999999999997,19.55
mnist,swin_tiny,grayscale,training_dense_testing_sparse,dense,compact,70,heldout_val,55000,shot_noise,fixed,1,10000,33.013333333333335,3.6671560279504503,3,29.01,33.81999999999999,36.21
mnist,swin_tiny,grayscale,training_dense_testing_sparse,dense,compact,70,heldout_val,55000,spatter,fixed,1,10000,53.133333333333326,2.6066133839396524,3,52.08999999999999,51.21,56.099999999999994
mnist,swin_tiny,grayscale,training_dense_testing_sparse,dense,compact,70,heldout_val,55000,stripe,fixed,1,10000,79.91333333333333,2.5032845090666993,3,78.23,82.78999999999999,78.72
mnist,swin_tiny,grayscale,training_dense_testing_sparse,dense,compact,70,heldout_val,55000,translate,fixed,1,10000,67.02,0.8216446920658595,3,66.96,66.23,67.87
mnist,swin_tiny,grayscale,training_dense_testing_sparse,dense,compact,70,heldout_val,55000,zigzag,fixed,1,10000,39.093333333333334,1.3009355607920479,3,37.870000000000005,40.459999999999994,38.949999999999996
mnist,swin_tiny,grayscale,training_dense_testing_sparse,dense,compact,80,heldout_val,55000,brightness,fixed,1,10000,84.39666666666666,0.7215492591177225,3,83.57,84.72,84.89999999999999
mnist,swin_tiny,grayscale,training_dense_testing_sparse,dense,compact,80,heldout_val,55000,canny_edges,fixed,1,10000,48.61333333333334,1.9345369816401319,3,46.830000000000005,48.34,50.669999999999995
mnist,swin_tiny,grayscale,training_dense_testing_sparse,dense,compact,80,heldout_val,55000,clean,clean,1,10000,13.053333333333333,3.20643623565686,3,9.389999999999999,15.349999999999998,14.42
mnist,swin_tiny,grayscale,training_dense_testing_sparse,dense,compact,80,heldout_val,55000,dotted_line,fixed,1,10000,42.88,3.172128622865092,3,39.480000000000004,43.400000000000006,45.76
mnist,swin_tiny,grayscale,training_dense_testing_sparse,dense,compact,80,heldout_val,55000,fog,fixed,1,10000,78.65666666666667,0.3521836642056742,3,78.41,79.06,78.5
mnist,swin_tiny,grayscale,training_dense_testing_sparse,dense,compact,80,heldout_val,55000,glass_blur,fixed,1,10000,73.49000000000001,1.0168087332433728,3,73.12,72.71000000000001,74.64
mnist,swin_tiny,grayscale,training_dense_testing_sparse,dense,compact,80,heldout_val,55000,impulse_noise,fixed,1,10000,89.26333333333334,0.21733231083604423,3,89.51,89.1,89.18
mnist,swin_tiny,grayscale,training_dense_testing_sparse,dense,compact,80,heldout_val,55000,motion_blur,fixed,1,10000,28.153333333333332,2.4153122641458484,3,25.419999999999998,29.04,30.000000000000004
mnist,swin_tiny,grayscale,training_dense_testing_sparse,dense,compact,80,heldout_val,55000,rotate,fixed,1,10000,29.333333333333332,2.570998509010325,3,26.370000000000005,30.659999999999997,30.97
mnist,swin_tiny,grayscale,training_dense_testing_sparse,dense,compact,80,heldout_val,55000,scale,fixed,1,10000,31.406666666666666,5.354944755395086,3,26.249999999999996,31.03,36.94
mnist,swin_tiny,grayscale,training_dense_testing_sparse,dense,compact,80,heldout_val,55000,shear,fixed,1,10000,24.076666666666664,3.9967028077320594,3,19.47,26.139999999999997,26.619999999999997
mnist,swin_tiny,grayscale,training_dense_testing_sparse,dense,compact,80,heldout_val,55000,shot_noise,fixed,1,10000,45.45666666666667,3.4955161755216277,3,42.08,45.230000000000004,49.06
mnist,swin_tiny,grayscale,training_dense_testing_sparse,dense,compact,80,heldout_val,55000,spatter,fixed,1,10000,45.92333333333333,3.3587100698532097,3,44.989999999999995,43.13,49.650000000000006
mnist,swin_tiny,grayscale,training_dense_testing_sparse,dense,compact,80,heldout_val,55000,stripe,fixed,1,10000,89.89666666666666,1.1872798041461483,3,89.09,91.25999999999999,89.34
mnist,swin_tiny,grayscale,training_dense_testing_sparse,dense,compact,80,heldout_val,55000,translate,fixed,1,10000,69.63333333333333,0.9046730532813155,3,70.19999999999999,68.58999999999999,70.11
mnist,swin_tiny,grayscale,training_dense_testing_sparse,dense,compact,80,heldout_val,55000,zigzag,fixed,1,10000,53.596666666666664,0.8663909817936268,3,53.54,52.760000000000005,54.489999999999995
mnist,swin_tiny,grayscale,training_dense_testing_sparse,dense,compact,90,heldout_val,55000,brightness,fixed,1,10000,82.90333333333334,1.0969655114602923,3,82.27,82.27,84.17
mnist,swin_tiny,grayscale,training_dense_testing_sparse,dense,compact,90,heldout_val,55000,canny_edges,fixed,1,10000,41.949999999999996,1.8474577126418914,3,40.16,41.839999999999996,43.85
mnist,swin_tiny,grayscale,training_dense_testing_sparse,dense,compact,90,heldout_val,55000,clean,clean,1,10000,36.510000000000005,3.0966594904832543,3,33.830000000000005,35.8,39.900000000000006
mnist,swin_tiny,grayscale,training_dense_testing_sparse,dense,compact,90,heldout_val,55000,dotted_line,fixed,1,10000,70.34,2.1200707535363126,3,68.80999999999999,69.45,72.76
mnist,swin_tiny,grayscale,training_dense_testing_sparse,dense,compact,90,heldout_val,55000,fog,fixed,1,10000,86.99666666666667,0.5036202272877179,3,86.84,86.59,87.56
mnist,swin_tiny,grayscale,training_dense_testing_sparse,dense,compact,90,heldout_val,55000,glass_blur,fixed,1,10000,80.44,1.2812884140582854,3,79.56,79.85,81.91
mnist,swin_tiny,grayscale,training_dense_testing_sparse,dense,compact,90,heldout_val,55000,impulse_noise,fixed,1,10000,91.41,0.7308214556237357,3,91.36999999999999,92.16,90.7
mnist,swin_tiny,grayscale,training_dense_testing_sparse,dense,compact,90,heldout_val,55000,motion_blur,fixed,1,10000,46.94333333333333,2.0650988676897137,3,44.88999999999999,46.919999999999995,49.019999999999996
mnist,swin_tiny,grayscale,training_dense_testing_sparse,dense,compact,90,heldout_val,55000,rotate,fixed,1,10000,45.483333333333334,2.326377727999761,3,43.36,45.120000000000005,47.97
mnist,swin_tiny,grayscale,training_dense_testing_sparse,dense,compact,90,heldout_val,55000,scale,fixed,1,10000,40.763333333333335,3.231475411222147,3,37.32,41.24,43.730000000000004
mnist,swin_tiny,grayscale,training_dense_testing_sparse,dense,compact,90,heldout_val,55000,shear,fixed,1,10000,41.623333333333335,1.9010611072065362,3,39.76,41.55,43.56
mnist,swin_tiny,grayscale,training_dense_testing_sparse,dense,compact,90,heldout_val,55000,shot_noise,fixed,1,10000,64.68666666666667,2.057676683381849,3,62.51,64.95,66.6
mnist,swin_tiny,grayscale,training_dense_testing_sparse,dense,compact,90,heldout_val,55000,spatter,fixed,1,10000,41.64,2.623375687925769,3,39.839999999999996,40.43,44.65
mnist,swin_tiny,grayscale,training_dense_testing_sparse,dense,compact,90,heldout_val,55000,stripe,fixed,1,10000,87.63666666666667,0.1858314648635552,3,87.55,87.85000000000001,87.51
mnist,swin_tiny,grayscale,training_dense_testing_sparse,dense,compact,90,heldout_val,55000,translate,fixed,1,10000,78.62,1.1262326580240862,3,79.84,77.62,78.4
mnist,swin_tiny,grayscale,training_dense_testing_sparse,dense,compact,90,heldout_val,55000,zigzag,fixed,1,10000,76.96000000000001,1.367223463812699,3,77.53,75.4,77.95
mnist,swin_tiny,grayscale,training_sparse_testing_sparse,compact,compact,0,heldout_val,55000,brightness,fixed,1,10000,62.84,10.896848168163125,3,65.28,72.31,50.93
mnist,swin_tiny,grayscale,training_sparse_testing_sparse,compact,compact,0,heldout_val,55000,canny_edges,fixed,1,10000,9.890000000000002,0.4396589587396105,3,10.38,9.760000000000002,9.530000000000005
mnist,swin_tiny,grayscale,training_sparse_testing_sparse,compact,compact,0,heldout_val,55000,clean,clean,1,10000,1.0166666666666657,0.1550268793897817,3,0.8399999999999963,1.1299999999999977,1.0800000000000032
mnist,swin_tiny,grayscale,training_sparse_testing_sparse,compact,compact,0,heldout_val,55000,dotted_line,fixed,1,10000,4.276666666666669,0.31262330900515556,3,4.610000000000003,3.9900000000000047,4.23
mnist,swin_tiny,grayscale,training_sparse_testing_sparse,compact,compact,0,heldout_val,55000,fog,fixed,1,10000,69.05,9.61711495200094,3,71.72,77.05,58.379999999999995
mnist,swin_tiny,grayscale,training_sparse_testing_sparse,compact,compact,0,heldout_val,55000,glass_blur,fixed,1,10000,43.230000000000004,6.157101590846137,3,49.96000000000001,37.88,41.85
mnist,swin_tiny,grayscale,training_sparse_testing_sparse,compact,compact,0,heldout_val,55000,impulse_noise,fixed,1,10000,42.81,0.22605309110914865,3,42.92,42.96,42.55
mnist,swin_tiny,grayscale,training_sparse_testing_sparse,compact,compact,0,heldout_val,55000,motion_blur,fixed,1,10000,11.213333333333335,1.0303559255584143,3,12.070000000000004,10.07,11.5
mnist,swin_tiny,grayscale,training_sparse_testing_sparse,compact,compact,0,heldout_val,55000,rotate,fixed,1,10000,8.013333333333335,0.2956912804486023,3,7.730000000000004,7.989999999999997,8.320000000000006
mnist,swin_tiny,grayscale,training_sparse_testing_sparse,compact,compact,0,heldout_val,55000,scale,fixed,1,10000,7.596666666666667,0.7687218829546443,3,7.730000000000004,6.769999999999998,8.289999999999997
mnist,swin_tiny,grayscale,training_sparse_testing_sparse,compact,compact,0,heldout_val,55000,shear,fixed,1,10000,3.2533333333333303,0.08020806277010867,3,3.2599999999999962,3.3299999999999996,3.169999999999995
mnist,swin_tiny,grayscale,training_sparse_testing_sparse,compact,compact,0,heldout_val,55000,shot_noise,fixed,1,10000,9.520000000000001,0.8612200647918051,3,9.360000000000001,8.750000000000002,10.450000000000003
mnist,swin_tiny,grayscale,training_sparse_testing_sparse,compact,compact,0,heldout_val,55000,spatter,fixed,1,10000,24.14666666666667,0.3971565602295081,3,24.060000000000002,24.580000000000002,23.799999999999997
mnist,swin_tiny,grayscale,training_sparse_testing_sparse,compact,compact,0,heldout_val,55000,stripe,fixed,1,10000,46.74666666666666,8.86489894659456,3,38.29,55.97,45.98
mnist,swin_tiny,grayscale,training_sparse_testing_sparse,compact,compact,0,heldout_val,55000,translate,fixed,1,10000,53.803333333333335,0.8093412959520491,3,52.879999999999995,54.14,54.39000000000001
mnist,swin_tiny,grayscale,training_sparse_testing_sparse,compact,compact,0,heldout_val,55000,zigzag,fixed,1,10000,9.530000000000001,0.2910326442171085,3,9.640000000000004,9.750000000000004,9.199999999999998
mnist,swin_tiny,grayscale,training_sparse_testing_sparse,compact,compact,20,heldout_val,55000,brightness,fixed,1,10000,65.49000000000001,5.872146115348293,3,69.69000000000001,68.0,58.78
mnist,swin_tiny,grayscale,training_sparse_testing_sparse,compact,compact,20,heldout_val,55000,canny_edges,fixed,1,10000,10.013333333333337,0.648254065419827,3,10.750000000000004,9.760000000000002,9.530000000000005
mnist,swin_tiny,grayscale,training_sparse_testing_sparse,compact,compact,20,heldout_val,55000,clean,clean,1,10000,1.0466666666666662,0.10408329997330762,3,0.9299999999999975,1.1299999999999977,1.0800000000000032
mnist,swin_tiny,grayscale,training_sparse_testing_sparse,compact,compact,20,heldout_val,55000,dotted_line,fixed,1,10000,4.080000000000002,0.13076696830621853,3,4.020000000000001,3.9900000000000047,4.23
mnist,swin_tiny,grayscale,training_sparse_testing_sparse,compact,compact,20,heldout_val,55000,fog,fixed,1,10000,70.39666666666666,10.639616221148835,3,76.13,76.94,58.11999999999999
mnist,swin_tiny,grayscale,training_sparse_testing_sparse,compact,compact,20,heldout_val,55000,glass_blur,fixed,1,10000,40.82,2.5838537110293225,3,42.730000000000004,37.88,41.85
mnist,swin_tiny,grayscale,training_sparse_testing_sparse,compact,compact,20,heldout_val,55000,impulse_noise,fixed,1,10000,42.513333333333335,0.45610671265980607,3,42.04,42.95,42.55
mnist,swin_tiny,grayscale,training_sparse_testing_sparse,compact,compact,20,heldout_val,55000,motion_blur,fixed,1,10000,10.973333333333334,0.7858965156643303,3,11.350000000000005,10.07,11.5
mnist,swin_tiny,grayscale,training_sparse_testing_sparse,compact,compact,20,heldout_val,55000,rotate,fixed,1,10000,7.933333333333333,0.4178915329763655,3,7.489999999999997,7.989999999999997,8.320000000000006
mnist,swin_tiny,grayscale,training_sparse_testing_sparse,compact,compact,20,heldout_val,55000,scale,fixed,1,10000,7.396666666666666,0.7943131204590113,3,7.130000000000003,6.769999999999998,8.289999999999997
mnist,swin_tiny,grayscale,training_sparse_testing_sparse,compact,compact,20,heldout_val,55000,shear,fixed,1,10000,3.2633333333333328,0.08326663997864858,3,3.290000000000004,3.3299999999999996,3.169999999999995
mnist,swin_tiny,grayscale,training_sparse_testing_sparse,compact,compact,20,heldout_val,55000,shot_noise,fixed,1,10000,9.583333333333336,0.8504900548115388,3,9.550000000000002,8.750000000000002,10.450000000000003
mnist,swin_tiny,grayscale,training_sparse_testing_sparse,compact,compact,20,heldout_val,55000,spatter,fixed,1,10000,24.11,0.4138840417314991,3,23.950000000000003,24.580000000000002,23.799999999999997
mnist,swin_tiny,grayscale,training_sparse_testing_sparse,compact,compact,20,heldout_val,55000,stripe,fixed,1,10000,43.443333333333335,12.722650405215623,3,29.910000000000004,55.16,45.26
mnist,swin_tiny,grayscale,training_sparse_testing_sparse,compact,compact,20,heldout_val,55000,translate,fixed,1,10000,54.35333333333334,0.19756855350316682,3,54.53,54.14,54.39000000000001
mnist,swin_tiny,grayscale,training_sparse_testing_sparse,compact,compact,20,heldout_val,55000,zigzag,fixed,1,10000,9.503333333333334,0.2793444707405806,3,9.560000000000002,9.750000000000004,9.199999999999998
mnist,swin_tiny,grayscale,training_sparse_testing_sparse,compact,compact,40,heldout_val,55000,brightness,fixed,1,10000,61.63666666666666,8.242343922291361,3,68.05,64.52,52.339999999999996
mnist,swin_tiny,grayscale,training_sparse_testing_sparse,compact,compact,40,heldout_val,55000,canny_edges,fixed,1,10000,9.993333333333336,0.6141932377789017,3,10.69,9.760000000000002,9.530000000000005
mnist,swin_tiny,grayscale,training_sparse_testing_sparse,compact,compact,40,heldout_val,55000,clean,clean,1,10000,1.0733333333333335,0.060277137733416274,3,1.0099999999999998,1.1299999999999977,1.0800000000000032
mnist,swin_tiny,grayscale,training_sparse_testing_sparse,compact,compact,40,heldout_val,55000,dotted_line,fixed,1,10000,4.183333333333335,0.1747378989610796,3,4.33,3.9900000000000047,4.23
mnist,swin_tiny,grayscale,training_sparse_testing_sparse,compact,compact,40,heldout_val,55000,fog,fixed,1,10000,69.4,9.665345311989638,3,74.25,75.68,58.269999999999996
mnist,swin_tiny,grayscale,training_sparse_testing_sparse,compact,compact,40,heldout_val,55000,glass_blur,fixed,1,10000,40.79333333333334,2.41094034213486,3,42.39000000000001,38.019999999999996,41.97
mnist,swin_tiny,grayscale,training_sparse_testing_sparse,compact,compact,40,heldout_val,55000,impulse_noise,fixed,1,10000,46.67,2.0685018733373175,3,44.34,48.29,47.38
mnist,swin_tiny,grayscale,training_sparse_testing_sparse,compact,compact,40,heldout_val,55000,motion_blur,fixed,1,10000,10.90333333333333,0.7184242015225651,3,11.09,10.109999999999996,11.509999999999998
mnist,swin_tiny,grayscale,training_sparse_testing_sparse,compact,compact,40,heldout_val,55000,rotate,fixed,1,10000,8.233333333333333,0.21361959960016347,3,8.389999999999997,7.989999999999997,8.320000000000006
mnist,swin_tiny,grayscale,training_sparse_testing_sparse,compact,compact,40,heldout_val,55000,scale,fixed,1,10000,7.739999999999998,0.8425556361451751,3,8.16,6.769999999999998,8.289999999999997
mnist,swin_tiny,grayscale,training_sparse_testing_sparse,compact,compact,40,heldout_val,55000,shear,fixed,1,10000,3.3066666666666653,0.12662279942148685,3,3.420000000000001,3.3299999999999996,3.169999999999995
mnist,swin_tiny,grayscale,training_sparse_testing_sparse,compact,compact,40,heldout_val,55000,shot_noise,fixed,1,10000,9.480000000000002,0.8750428560933462,3,9.240000000000004,8.750000000000002,10.450000000000003
mnist,swin_tiny,grayscale,training_sparse_testing_sparse,compact,compact,40,heldout_val,55000,spatter,fixed,1,10000,24.470000000000002,0.6337980750996304,3,24.880000000000003,24.79,23.740000000000006
mnist,swin_tiny,grayscale,training_sparse_testing_sparse,compact,compact,40,heldout_val,55000,stripe,fixed,1,10000,55.910000000000004,5.4962623663722585,3,58.08,59.99,49.660000000000004
mnist,swin_tiny,grayscale,training_sparse_testing_sparse,compact,compact,40,heldout_val,55000,translate,fixed,1,10000,54.49333333333333,0.41476901202154726,3,54.949999999999996,54.14,54.39000000000001
mnist,swin_tiny,grayscale,training_sparse_testing_sparse,compact,compact,40,heldout_val,55000,zigzag,fixed,1,10000,9.82,0.6577993615077472,3,10.509999999999998,9.750000000000004,9.199999999999998
mnist,swin_tiny,grayscale,training_sparse_testing_sparse,compact,compact,60,heldout_val,55000,brightness,fixed,1,10000,62.20333333333333,10.45665497821044,3,56.74,55.61000000000001,74.25999999999999
mnist,swin_tiny,grayscale,training_sparse_testing_sparse,compact,compact,60,heldout_val,55000,canny_edges,fixed,1,10000,11.796666666666667,0.24684678108765085,3,11.729999999999997,11.59,12.070000000000004
mnist,swin_tiny,grayscale,training_sparse_testing_sparse,compact,compact,60,heldout_val,55000,clean,clean,1,10000,0.9633333333333346,0.06429100507328561,3,0.990000000000002,1.0099999999999998,0.8900000000000019
mnist,swin_tiny,grayscale,training_sparse_testing_sparse,compact,compact,60,heldout_val,55000,dotted_line,fixed,1,10000,4.159999999999997,0.3104834939251995,3,4.459999999999997,3.839999999999999,4.179999999999994
mnist,swin_tiny,grayscale,training_sparse_testing_sparse,compact,compact,60,heldout_val,55000,fog,fixed,1,10000,68.39,10.666944267221046,3,59.86,64.96,80.35
mnist,swin_tiny,grayscale,training_sparse_testing_sparse,compact,compact,60,heldout_val,55000,glass_blur,fixed,1,10000,45.339999999999996,3.392388539068014,3,49.21,42.879999999999995,43.93
mnist,swin_tiny,grayscale,training_sparse_testing_sparse,compact,compact,60,heldout_val,55000,impulse_noise,fixed,1,10000,61.03666666666667,3.7642573415394134,3,64.9,57.379999999999995,60.830000000000005
mnist,swin_tiny,grayscale,training_sparse_testing_sparse,compact,compact,60,heldout_val,55000,motion_blur,fixed,1,10000,11.743333333333332,1.714652540118065,3,12.439999999999996,13.0,9.79
mnist,swin_tiny,grayscale,training_sparse_testing_sparse,compact,compact,60,heldout_val,55000,rotate,fixed,1,10000,7.86,0.1705872210923192,3,7.809999999999995,7.720000000000004,8.05
mnist,swin_tiny,grayscale,training_sparse_testing_sparse,compact,compact,60,heldout_val,55000,scale,fixed,1,10000,6.499999999999998,0.47759815745038414,3,6.259999999999999,7.050000000000001,6.189999999999996
mnist,swin_tiny,grayscale,training_sparse_testing_sparse,compact,compact,60,heldout_val,55000,shear,fixed,1,10000,3.2399999999999984,0.08888194417315672,3,3.169999999999995,3.2100000000000017,3.3399999999999985
mnist,swin_tiny,grayscale,training_sparse_testing_sparse,compact,compact,60,heldout_val,55000,shot_noise,fixed,1,10000,8.386666666666668,0.3455912807542076,3,8.720000000000006,8.409999999999995,8.030000000000005
mnist,swin_tiny,grayscale,training_sparse_testing_sparse,compact,compact,60,heldout_val,55000,spatter,fixed,1,10000,24.863333333333333,3.3382979695247945,3,26.700000000000003,21.009999999999994,26.880000000000003
mnist,swin_tiny,grayscale,training_sparse_testing_sparse,compact,compact,60,heldout_val,55000,stripe,fixed,1,10000,51.31666666666667,14.28507029500847,3,39.6,47.12,67.23
mnist,swin_tiny,grayscale,training_sparse_testing_sparse,compact,compact,60,heldout_val,55000,translate,fixed,1,10000,54.06666666666667,0.9495964054972705,3,54.82,54.38000000000001,53.0
mnist,swin_tiny,grayscale,training_sparse_testing_sparse,compact,compact,60,heldout_val,55000,zigzag,fixed,1,10000,10.166666666666668,1.140540807395042,3,10.799999999999999,8.850000000000001,10.850000000000005
mnist,swin_tiny,grayscale,training_sparse_testing_sparse,compact,compact,80,heldout_val,55000,brightness,fixed,1,10000,80.83666666666666,4.493487880626063,3,85.00999999999999,76.08,81.42
mnist,swin_tiny,grayscale,training_sparse_testing_sparse,compact,compact,80,heldout_val,55000,canny_edges,fixed,1,10000,32.15333333333333,0.8444130111108747,3,31.179999999999996,32.589999999999996,32.69
mnist,swin_tiny,grayscale,training_sparse_testing_sparse,compact,compact,80,heldout_val,55000,clean,clean,1,10000,1.1466666666666663,0.050332229568472005,3,1.100000000000001,1.200000000000001,1.1399999999999966
mnist,swin_tiny,grayscale,training_sparse_testing_sparse,compact,compact,80,heldout_val,55000,dotted_line,fixed,1,10000,8.223333333333334,0.11150485789118521,3,8.179999999999998,8.350000000000001,8.140000000000002
mnist,swin_tiny,grayscale,training_sparse_testing_sparse,compact,compact,80,heldout_val,55000,fog,fixed,1,10000,85.29333333333334,1.0876733578300641,3,84.04,85.85000000000001,85.99
mnist,swin_tiny,grayscale,training_sparse_testing_sparse,compact,compact,80,heldout_val,55000,glass_blur,fixed,1,10000,57.1,1.487144915601711,3,58.80000000000001,56.04,56.46
mnist,swin_tiny,grayscale,training_sparse_testing_sparse,compact,compact,80,heldout_val,55000,impulse_noise,fixed,1,10000,86.30333333333333,1.62189189939815,3,84.55,86.61,87.75
mnist,swin_tiny,grayscale,training_sparse_testing_sparse,compact,compact,80,heldout_val,55000,motion_blur,fixed,1,10000,40.24333333333333,7.055454155001881,3,33.42,39.800000000000004,47.51
mnist,swin_tiny,grayscale,training_sparse_testing_sparse,compact,compact,80,heldout_val,55000,rotate,fixed,1,10000,8.99333333333333,0.17097758137642866,3,8.879999999999999,9.189999999999998,8.909999999999997
mnist,swin_tiny,grayscale,training_sparse_testing_sparse,compact,compact,80,heldout_val,55000,scale,fixed,1,10000,8.753333333333332,0.6724086059334256,3,9.199999999999998,7.979999999999999,9.079999999999998
mnist,swin_tiny,grayscale,training_sparse_testing_sparse,compact,compact,80,heldout_val,55000,shear,fixed,1,10000,4.873333333333333,0.444559707276013,3,4.469999999999996,4.800000000000004,5.35
mnist,swin_tiny,grayscale,training_sparse_testing_sparse,compact,compact,80,heldout_val,55000,shot_noise,fixed,1,10000,11.849999999999998,0.5501817881391592,3,11.229999999999995,12.280000000000001,12.039999999999996
mnist,swin_tiny,grayscale,training_sparse_testing_sparse,compact,compact,80,heldout_val,55000,spatter,fixed,1,10000,11.139999999999997,1.2384264209067894,3,12.509999999999998,10.099999999999998,10.809999999999997
mnist,swin_tiny,grayscale,training_sparse_testing_sparse,compact,compact,80,heldout_val,55000,stripe,fixed,1,10000,86.91,0.5370288632838961,3,86.81,86.43,87.49
mnist,swin_tiny,grayscale,training_sparse_testing_sparse,compact,compact,80,heldout_val,55000,translate,fixed,1,10000,54.79666666666667,0.34789845261703883,3,54.400000000000006,55.05,54.94
mnist,swin_tiny,grayscale,training_sparse_testing_sparse,compact,compact,80,heldout_val,55000,zigzag,fixed,1,10000,22.01,0.8770974860299154,3,21.330000000000005,21.699999999999996,23.0
mnist,swin_tiny,raw,raw_dense_reference,dense,dense,0,heldout_val,55000,brightness,fixed,1,10000,85.13666666666667,3.567244501479168,3,82.52,89.2,83.69
mnist,swin_tiny,raw,raw_dense_reference,dense,dense,0,heldout_val,55000,canny_edges,fixed,1,10000,20.593333333333334,0.9808329793259017,3,19.930000000000003,21.719999999999995,20.130000000000003
mnist,swin_tiny,raw,raw_dense_reference,dense,dense,0,heldout_val,55000,clean,clean,1,10000,0.7666666666666674,0.015275252316523841,3,0.7800000000000029,0.7499999999999951,0.770000000000004
mnist,swin_tiny,raw,raw_dense_reference,dense,dense,0,heldout_val,55000,dotted_line,fixed,1,10000,4.086666666666664,0.8900187263947517,3,3.059999999999996,4.64,4.559999999999997
mnist,swin_tiny,raw,raw_dense_reference,dense,dense,0,heldout_val,55000,fog,fixed,1,10000,58.82333333333333,3.315212411495426,3,55.53,58.78,62.16
mnist,swin_tiny,raw,raw_dense_reference,dense,dense,0,heldout_val,55000,glass_blur,fixed,1,10000,8.449999999999998,0.5556977595779923,3,8.089999999999996,9.089999999999998,8.17
mnist,swin_tiny,raw,raw_dense_reference,dense,dense,0,heldout_val,55000,impulse_noise,fixed,1,10000,17.110000000000003,3.2814021393300745,3,13.570000000000004,17.710000000000004,20.05
mnist,swin_tiny,raw,raw_dense_reference,dense,dense,0,heldout_val,55000,motion_blur,fixed,1,10000,3.93,0.15588457268120126,3,3.839999999999999,3.839999999999999,4.110000000000003
mnist,swin_tiny,raw,raw_dense_reference,dense,dense,0,heldout_val,55000,rotate,fixed,1,10000,7.5666666666666655,0.4214656965084285,3,7.089999999999996,7.889999999999997,7.720000000000004
mnist,swin_tiny,raw,raw_dense_reference,dense,dense,0,heldout_val,55000,scale,fixed,1,10000,7.143333333333334,0.31895663237082345,3,7.4100000000000055,7.230000000000003,6.789999999999996
mnist,swin_tiny,raw,raw_dense_reference,dense,dense,0,heldout_val,55000,shear,fixed,1,10000,2.613333333333334,0.16165807537309665,3,2.52,2.52,2.8000000000000025
mnist,swin_tiny,raw,raw_dense_reference,dense,dense,0,heldout_val,55000,shot_noise,fixed,1,10000,3.350000000000001,0.20223748416156762,3,3.1200000000000006,3.4299999999999997,3.500000000000003
mnist,swin_tiny,raw,raw_dense_reference,dense,dense,0,heldout_val,55000,spatter,fixed,1,10000,4.526666666666664,0.9322195735626502,3,4.139999999999999,3.849999999999998,5.5899999999999945
mnist,swin_tiny,raw,raw_dense_reference,dense,dense,0,heldout_val,55000,stripe,fixed,1,10000,76.37333333333333,3.954419468560883,3,80.05,76.88000000000001,72.19
mnist,swin_tiny,raw,raw_dense_reference,dense,dense,0,heldout_val,55000,translate,fixed,1,10000,46.89333333333333,0.7280338819954262,3,46.13,46.97,47.58
mnist,swin_tiny,raw,raw_dense_reference,dense,dense,0,heldout_val,55000,zigzag,fixed,1,10000,13.923333333333332,1.1205504599674778,3,13.600000000000001,13.0,15.169999999999995
mnist,vit_small,grayscale,training_dense_testing_sparse,dense,compact,0,heldout_val,55000,brightness,fixed,1,10000,7.5699999999999985,0.9614572273377544,3,8.67,6.889999999999996,7.15
mnist,vit_small,grayscale,training_dense_testing_sparse,dense,compact,0,heldout_val,55000,canny_edges,fixed,1,10000,81.31,4.3284061731773775,3,84.05,76.32,83.56
mnist,vit_small,grayscale,training_dense_testing_sparse,dense,compact,0,heldout_val,55000,clean,clean,1,10000,48.58,1.5356757470247422,3,49.89,46.89,48.96
mnist,vit_small,grayscale,training_dense_testing_sparse,dense,compact,0,heldout_val,55000,dotted_line,fixed,1,10000,54.81333333333333,1.739032297955774,3,56.16,52.849999999999994,55.43
mnist,vit_small,grayscale,training_dense_testing_sparse,dense,compact,0,heldout_val,55000,fog,fixed,1,10000,51.52333333333333,7.812184926979991,3,51.31,43.82,59.440000000000005
mnist,vit_small,grayscale,training_dense_testing_sparse,dense,compact,0,heldout_val,55000,glass_blur,fixed,1,10000,67.85333333333334,3.729079421698247,3,65.95,65.46000000000001,72.15
mnist,vit_small,grayscale,training_dense_testing_sparse,dense,compact,0,heldout_val,55000,impulse_noise,fixed,1,10000,82.72999999999999,0.05196152422706829,3,82.69999999999999,82.78999999999999,82.69999999999999
mnist,vit_small,grayscale,training_dense_testing_sparse,dense,compact,0,heldout_val,55000,motion_blur,fixed,1,10000,61.096666666666664,1.733214739532678,3,62.94,59.5,60.85
mnist,vit_small,grayscale,training_dense_testing_sparse,dense,compact,0,heldout_val,55000,rotate,fixed,1,10000,49.803333333333335,1.0427048160113834,3,50.44,50.370000000000005,48.6
mnist,vit_small,grayscale,training_dense_testing_sparse,dense,compact,0,heldout_val,55000,scale,fixed,1,10000,70.05666666666667,1.0865695253104317,3,69.48,69.38,71.31
mnist,vit_small,grayscale,training_dense_testing_sparse,dense,compact,0,heldout_val,55000,shear,fixed,1,10000,50.413333333333334,0.9089737803332575,3,50.23,51.4,49.61
mnist,vit_small,grayscale,training_dense_testing_sparse,dense,compact,0,heldout_val,55000,shot_noise,fixed,1,10000,74.61,3.913067850165652,3,77.7,70.21,75.92
mnist,vit_small,grayscale,training_dense_testing_sparse,dense,compact,0,heldout_val,55000,spatter,fixed,1,10000,48.1,0.8018104514160408,3,49.019999999999996,47.550000000000004,47.73
mnist,vit_small,grayscale,training_dense_testing_sparse,dense,compact,0,heldout_val,55000,stripe,fixed,1,10000,61.38333333333333,5.648117680549276,3,55.63,61.6,66.92
mnist,vit_small,grayscale,training_dense_testing_sparse,dense,compact,0,heldout_val,55000,translate,fixed,1,10000,80.00333333333333,1.7805991500990144,3,78.81,79.14999999999999,82.05
mnist,vit_small,grayscale,training_dense_testing_sparse,dense,compact,0,heldout_val,55000,zigzag,fixed,1,10000,61.169999999999995,2.7457421583244086,3,62.35999999999999,58.03,63.12
mnist,vit_small,grayscale,training_dense_testing_sparse,dense,compact,10,heldout_val,55000,brightness,fixed,1,10000,7.769999999999999,0.7861933604400395,3,8.66,7.169999999999998,7.479999999999998
mnist,vit_small,grayscale,training_dense_testing_sparse,dense,compact,10,heldout_val,55000,canny_edges,fixed,1,10000,81.31,4.3284061731773775,3,84.05,76.32,83.56
mnist,vit_small,grayscale,training_dense_testing_sparse,dense,compact,10,heldout_val,55000,clean,clean,1,10000,48.58,1.5356757470247422,3,49.89,46.89,48.96
mnist,vit_small,grayscale,training_dense_testing_sparse,dense,compact,10,heldout_val,55000,dotted_line,fixed,1,10000,54.81333333333333,1.739032297955774,3,56.16,52.849999999999994,55.43
mnist,vit_small,grayscale,training_dense_testing_sparse,dense,compact,10,heldout_val,55000,fog,fixed,1,10000,51.47666666666667,7.856846271458628,3,51.279999999999994,43.720000000000006,59.43000000000001
mnist,vit_small,grayscale,training_dense_testing_sparse,dense,compact,10,heldout_val,55000,glass_blur,fixed,1,10000,67.85333333333334,3.729079421698247,3,65.95,65.46000000000001,72.15
mnist,vit_small,grayscale,training_dense_testing_sparse,dense,compact,10,heldout_val,55000,impulse_noise,fixed,1,10000,82.72999999999999,0.05196152422706829,3,82.69999999999999,82.78999999999999,82.69999999999999
mnist,vit_small,grayscale,training_dense_testing_sparse,dense,compact,10,heldout_val,55000,motion_blur,fixed,1,10000,61.096666666666664,1.733214739532678,3,62.94,59.5,60.85
mnist,vit_small,grayscale,training_dense_testing_sparse,dense,compact,10,heldout_val,55000,rotate,fixed,1,10000,49.803333333333335,1.0427048160113834,3,50.44,50.370000000000005,48.6
mnist,vit_small,grayscale,training_dense_testing_sparse,dense,compact,10,heldout_val,55000,scale,fixed,1,10000,70.05666666666667,1.0865695253104317,3,69.48,69.38,71.31
mnist,vit_small,grayscale,training_dense_testing_sparse,dense,compact,10,heldout_val,55000,shear,fixed,1,10000,50.413333333333334,0.9089737803332575,3,50.23,51.4,49.61
mnist,vit_small,grayscale,training_dense_testing_sparse,dense,compact,10,heldout_val,55000,shot_noise,fixed,1,10000,74.61,3.913067850165652,3,77.7,70.21,75.92
mnist,vit_small,grayscale,training_dense_testing_sparse,dense,compact,10,heldout_val,55000,spatter,fixed,1,10000,48.1,0.8018104514160408,3,49.019999999999996,47.550000000000004,47.73
mnist,vit_small,grayscale,training_dense_testing_sparse,dense,compact,10,heldout_val,55000,stripe,fixed,1,10000,61.38333333333333,5.648117680549276,3,55.63,61.6,66.92
mnist,vit_small,grayscale,training_dense_testing_sparse,dense,compact,10,heldout_val,55000,translate,fixed,1,10000,80.00333333333333,1.7805991500990144,3,78.81,79.14999999999999,82.05
mnist,vit_small,grayscale,training_dense_testing_sparse,dense,compact,10,heldout_val,55000,zigzag,fixed,1,10000,61.169999999999995,2.7457421583244086,3,62.35999999999999,58.03,63.12
mnist,vit_small,grayscale,training_dense_testing_sparse,dense,compact,20,heldout_val,55000,brightness,fixed,1,10000,12.943333333333333,2.556605822830989,3,11.09,15.859999999999996,11.880000000000003
mnist,vit_small,grayscale,training_dense_testing_sparse,dense,compact,20,heldout_val,55000,canny_edges,fixed,1,10000,81.31,4.3284061731773775,3,84.05,76.32,83.56
mnist,vit_small,grayscale,training_dense_testing_sparse,dense,compact,20,heldout_val,55000,clean,clean,1,10000,48.58,1.5356757470247422,3,49.89,46.89,48.96
mnist,vit_small,grayscale,training_dense_testing_sparse,dense,compact,20,heldout_val,55000,dotted_line,fixed,1,10000,54.81333333333333,1.739032297955774,3,56.16,52.849999999999994,55.43
mnist,vit_small,grayscale,training_dense_testing_sparse,dense,compact,20,heldout_val,55000,fog,fixed,1,10000,51.88666666666666,7.566917029631899,3,51.690000000000005,44.42,59.54999999999999
mnist,vit_small,grayscale,training_dense_testing_sparse,dense,compact,20,heldout_val,55000,glass_blur,fixed,1,10000,67.85333333333334,3.729079421698247,3,65.95,65.46000000000001,72.15
mnist,vit_small,grayscale,training_dense_testing_sparse,dense,compact,20,heldout_val,55000,impulse_noise,fixed,1,10000,82.72999999999999,0.05196152422706829,3,82.69999999999999,82.78999999999999,82.69999999999999
mnist,vit_small,grayscale,training_dense_testing_sparse,dense,compact,20,heldout_val,55000,motion_blur,fixed,1,10000,61.096666666666664,1.733214739532678,3,62.94,59.5,60.85
mnist,vit_small,grayscale,training_dense_testing_sparse,dense,compact,20,heldout_val,55000,rotate,fixed,1,10000,49.803333333333335,1.0427048160113834,3,50.44,50.370000000000005,48.6
mnist,vit_small,grayscale,training_dense_testing_sparse,dense,compact,20,heldout_val,55000,scale,fixed,1,10000,70.05666666666667,1.0865695253104317,3,69.48,69.38,71.31
mnist,vit_small,grayscale,training_dense_testing_sparse,dense,compact,20,heldout_val,55000,shear,fixed,1,10000,50.413333333333334,0.9089737803332575,3,50.23,51.4,49.61
mnist,vit_small,grayscale,training_dense_testing_sparse,dense,compact,20,heldout_val,55000,shot_noise,fixed,1,10000,74.61,3.913067850165652,3,77.7,70.21,75.92
mnist,vit_small,grayscale,training_dense_testing_sparse,dense,compact,20,heldout_val,55000,spatter,fixed,1,10000,48.1,0.8018104514160408,3,49.019999999999996,47.550000000000004,47.73
mnist,vit_small,grayscale,training_dense_testing_sparse,dense,compact,20,heldout_val,55000,stripe,fixed,1,10000,61.32,5.765058542634241,3,55.54,61.349999999999994,67.07000000000001
mnist,vit_small,grayscale,training_dense_testing_sparse,dense,compact,20,heldout_val,55000,translate,fixed,1,10000,80.00333333333333,1.7805991500990144,3,78.81,79.14999999999999,82.05
mnist,vit_small,grayscale,training_dense_testing_sparse,dense,compact,20,heldout_val,55000,zigzag,fixed,1,10000,61.169999999999995,2.7457421583244086,3,62.35999999999999,58.03,63.12
mnist,vit_small,grayscale,training_dense_testing_sparse,dense,compact,30,heldout_val,55000,brightness,fixed,1,10000,24.086666666666666,2.89221944764455,3,22.919999999999995,27.380000000000003,21.96
mnist,vit_small,grayscale,training_dense_testing_sparse,dense,compact,30,heldout_val,55000,canny_edges,fixed,1,10000,81.31,4.3284061731773775,3,84.05,76.32,83.56
mnist,vit_small,grayscale,training_dense_testing_sparse,dense,compact,30,heldout_val,55000,clean,clean,1,10000,48.58,1.5356757470247422,3,49.89,46.89,48.96
mnist,vit_small,grayscale,training_dense_testing_sparse,dense,compact,30,heldout_val,55000,dotted_line,fixed,1,10000,54.81333333333333,1.739032297955774,3,56.16,52.849999999999994,55.43
mnist,vit_small,grayscale,training_dense_testing_sparse,dense,compact,30,heldout_val,55000,fog,fixed,1,10000,53.18000000000001,7.2550051688472275,3,53.17000000000001,45.93000000000001,60.440000000000005
mnist,vit_small,grayscale,training_dense_testing_sparse,dense,compact,30,heldout_val,55000,glass_blur,fixed,1,10000,67.85333333333334,3.729749768192682,3,65.96,65.45,72.15
mnist,vit_small,grayscale,training_dense_testing_sparse,dense,compact,30,heldout_val,55000,impulse_noise,fixed,1,10000,83.23333333333333,0.02516611478423459,3,83.26,83.21000000000001,83.23
mnist,vit_small,grayscale,training_dense_testing_sparse,dense,compact,30,heldout_val,55000,motion_blur,fixed,1,10000,61.093333333333334,1.7378243102607747,3,62.94,59.489999999999995,60.85
mnist,vit_small,grayscale,training_dense_testing_sparse,dense,compact,30,heldout_val,55000,rotate,fixed,1,10000,49.803333333333335,1.0427048160113834,3,50.44,50.370000000000005,48.6
mnist,vit_small,grayscale,training_dense_testing_sparse,dense,compact,30,heldout_val,55000,scale,fixed,1,10000,70.05666666666667,1.0865695253104317,3,69.48,69.38,71.31
mnist,vit_small,grayscale,training_dense_testing_sparse,dense,compact,30,heldout_val,55000,shear,fixed,1,10000,50.413333333333334,0.9089737803332575,3,50.23,51.4,49.61
mnist,vit_small,grayscale,training_dense_testing_sparse,dense,compact,30,heldout_val,55000,shot_noise,fixed,1,10000,74.61,3.913067850165652,3,77.7,70.21,75.92
mnist,vit_small,grayscale,training_dense_testing_sparse,dense,compact,30,heldout_val,55000,spatter,fixed,1,10000,48.11666666666667,0.8041351461870854,3,49.03999999999999,47.57,47.74
mnist,vit_small,grayscale,training_dense_testing_sparse,dense,compact,30,heldout_val,55000,stripe,fixed,1,10000,69.27333333333334,5.459535999820263,3,63.17999999999999,70.92,73.72000000000001
mnist,vit_small,grayscale,training_dense_testing_sparse,dense,compact,30,heldout_val,55000,translate,fixed,1,10000,80.00333333333333,1.7805991500990144,3,78.81,79.14999999999999,82.05
mnist,vit_small,grayscale,training_dense_testing_sparse,dense,compact,30,heldout_val,55000,zigzag,fixed,1,10000,61.169999999999995,2.7457421583244086,3,62.35999999999999,58.03,63.12
mnist,vit_small,grayscale,training_dense_testing_sparse,dense,compact,40,heldout_val,55000,brightness,fixed,1,10000,44.18,5.783390009328442,3,46.28,48.62,37.63999999999999
mnist,vit_small,grayscale,training_dense_testing_sparse,dense,compact,40,heldout_val,55000,canny_edges,fixed,1,10000,81.31,4.3284061731773775,3,84.05,76.32,83.56
mnist,vit_small,grayscale,training_dense_testing_sparse,dense,compact,40,heldout_val,55000,clean,clean,1,10000,48.58,1.5356757470247422,3,49.89,46.89,48.96
mnist,vit_small,grayscale,training_dense_testing_sparse,dense,compact,40,heldout_val,55000,dotted_line,fixed,1,10000,54.81333333333333,1.739032297955774,3,56.16,52.849999999999994,55.43
mnist,vit_small,grayscale,training_dense_testing_sparse,dense,compact,40,heldout_val,55000,fog,fixed,1,10000,57.56333333333333,5.468247738840422,3,57.91,51.93,62.85000000000001
mnist,vit_small,grayscale,training_dense_testing_sparse,dense,compact,40,heldout_val,55000,glass_blur,fixed,1,10000,68.17333333333333,3.653071766792067,3,66.34,65.8,72.38
mnist,vit_small,grayscale,training_dense_testing_sparse,dense,compact,40,heldout_val,55000,impulse_noise,fixed,1,10000,85.68666666666667,0.38501082235871925,3,86.07000000000001,85.69,85.3
mnist,vit_small,grayscale,training_dense_testing_sparse,dense,compact,40,heldout_val,55000,motion_blur,fixed,1,10000,61.17666666666667,1.7378243102607793,3,63.040000000000006,59.599999999999994,60.89
mnist,vit_small,grayscale,training_dense_testing_sparse,dense,compact,40,heldout_val,55000,rotate,fixed,1,10000,49.803333333333335,1.0427048160113834,3,50.44,50.370000000000005,48.6
mnist,vit_small,grayscale,training_dense_testing_sparse,dense,compact,40,heldout_val,55000,scale,fixed,1,10000,70.05666666666667,1.0865695253104317,3,69.48,69.38,71.31
mnist,vit_small,grayscale,training_dense_testing_sparse,dense,compact,40,heldout_val,55000,shear,fixed,1,10000,50.413333333333334,0.9089737803332575,3,50.23,51.4,49.61
mnist,vit_small,grayscale,training_dense_testing_sparse,dense,compact,40,heldout_val,55000,shot_noise,fixed,1,10000,74.61,3.913067850165652,3,77.7,70.21,75.92
mnist,vit_small,grayscale,training_dense_testing_sparse,dense,compact,40,heldout_val,55000,spatter,fixed,1,10000,48.25333333333333,0.841981789193408,3,49.22,47.68,47.86
mnist,vit_small,grayscale,training_dense_testing_sparse,dense,compact,40,heldout_val,55000,stripe,fixed,1,10000,76.35,7.520319142164118,3,68.78999999999999,76.42999999999999,83.83
mnist,vit_small,grayscale,training_dense_testing_sparse,dense,compact,40,heldout_val,55000,translate,fixed,1,10000,80.00333333333333,1.7805991500990144,3,78.81,79.14999999999999,82.05
mnist,vit_small,grayscale,training_dense_testing_sparse,dense,compact,40,heldout_val,55000,zigzag,fixed,1,10000,61.166666666666664,2.751460218381016,3,62.35999999999999,58.02,63.12
mnist,vit_small,grayscale,training_dense_testing_sparse,dense,compact,50,heldout_val,55000,brightness,fixed,1,10000,60.083333333333336,1.883728572096669,3,59.25,62.24000000000001,58.76
mnist,vit_small,grayscale,training_dense_testing_sparse,dense,compact,50,heldout_val,55000,canny_edges,fixed,1,10000,81.31,4.3284061731773775,3,84.05,76.32,83.56
mnist,vit_small,grayscale,training_dense_testing_sparse,dense,compact,50,heldout_val,55000,clean,clean,1,10000,48.58,1.5356757470247422,3,49.89,46.89,48.96
mnist,vit_small,grayscale,training_dense_testing_sparse,dense,compact,50,heldout_val,55000,dotted_line,fixed,1,10000,54.96333333333333,1.6978025012743168,3,56.28999999999999,53.05,55.55
mnist,vit_small,grayscale,training_dense_testing_sparse,dense,compact,50,heldout_val,55000,fog,fixed,1,10000,67.95666666666666,0.748420559133256,3,68.53,67.11,68.23
mnist,vit_small,grayscale,training_dense_testing_sparse,dense,compact,50,heldout_val,55000,glass_blur,fixed,1,10000,71.05,3.5197016919051554,3,68.86,69.17999999999999,75.11
mnist,vit_small,grayscale,training_dense_testing_sparse,dense,compact,50,heldout_val,55000,impulse_noise,fixed,1,10000,86.39666666666666,0.923164846240013,3,87.46000000000001,85.8,85.92999999999999
mnist,vit_small,grayscale,training_dense_testing_sparse,dense,compact,50,heldout_val,55000,motion_blur,fixed,1,10000,62.25333333333333,1.7387735140993308,3,64.22,60.919999999999995,61.620000000000005
mnist,vit_small,grayscale,training_dense_testing_sparse,dense,compact,50,heldout_val,55000,rotate,fixed,1,10000,49.89333333333334,0.998866023715554,3,50.480000000000004,50.459999999999994,48.74000000000001
mnist,vit_small,grayscale,training_dense_testing_sparse,dense,compact,50,heldout_val,55000,scale,fixed,1,10000,70.05666666666667,1.0865695253104317,3,69.48,69.38,71.31
mnist,vit_small,grayscale,training_dense_testing_sparse,dense,compact,50,heldout_val,55000,shear,fixed,1,10000,50.70333333333333,0.8953956295031419,3,50.59,51.65,49.870000000000005
mnist,vit_small,grayscale,training_dense_testing_sparse,dense,compact,50,heldout_val,55000,shot_noise,fixed,1,10000,74.61,3.913067850165652,3,77.7,70.21,75.92
mnist,vit_small,grayscale,training_dense_testing_sparse,dense,compact,50,heldout_val,55000,spatter,fixed,1,10000,51.06666666666666,0.6741908730718158,3,51.82,50.519999999999996,50.85999999999999
mnist,vit_small,grayscale,training_dense_testing_sparse,dense,compact,50,heldout_val,55000,stripe,fixed,1,10000,80.36333333333334,6.4016976914981925,3,73.33000000000001,81.91,85.85000000000001
mnist,vit_small,grayscale,training_dense_testing_sparse,dense,compact,50,heldout_val,55000,translate,fixed,1,10000,80.00333333333333,1.7805991500990144,3,78.81,79.14999999999999,82.05
mnist,vit_small,grayscale,training_dense_testing_sparse,dense,compact,50,heldout_val,55000,zigzag,fixed,1,10000,61.803333333333335,2.6528726568256773,3,62.949999999999996,58.77,63.690000000000005
mnist,vit_small,grayscale,training_dense_testing_sparse,dense,compact,60,heldout_val,55000,brightness,fixed,1,10000,67.96666666666667,0.8350049900050507,3,67.13,68.8,67.97
mnist,vit_small,grayscale,training_dense_testing_sparse,dense,compact,60,heldout_val,55000,canny_edges,fixed,1,10000,82.03333333333333,4.168576895456449,3,84.47,77.22,84.41
mnist,vit_small,grayscale,training_dense_testing_sparse,dense,compact,60,heldout_val,55000,clean,clean,1,10000,48.77333333333333,1.5725881003407518,3,50.17,47.07,49.08
mnist,vit_small,grayscale,training_dense_testing_sparse,dense,compact,60,heldout_val,55000,dotted_line,fixed,1,10000,59.78,2.3654386485385785,3,61.220000000000006,57.05,61.07
mnist,vit_small,grayscale,training_dense_testing_sparse,dense,compact,60,heldout_val,55000,fog,fixed,1,10000,80.95333333333333,3.0421921920439754,3,80.82000000000001,84.06,77.98
mnist,vit_small,grayscale,training_dense_testing_sparse,dense,compact,60,heldout_val,55000,glass_blur,fixed,1,10000,77.34,2.9226186887789534,3,74.62,76.97,80.43
mnist,vit_small,grayscale,training_dense_testing_sparse,dense,compact,60,heldout_val,55000,impulse_noise,fixed,1,10000,87.34,1.335252785056078,3,88.87,86.74,86.41
mnist,vit_small,grayscale,training_dense_testing_sparse,dense,compact,60,heldout_val,55000,motion_blur,fixed,1,10000,66.55666666666667,1.3476028099307784,3,67.95,65.26,66.46000000000001
mnist,vit_small,grayscale,training_dense_testing_sparse,dense,compact,60,heldout_val,55000,rotate,fixed,1,10000,53.096666666666664,1.0032613484697466,3,53.190000000000005,54.05,52.05
mnist,vit_small,grayscale,training_dense_testing_sparse,dense,compact,60,heldout_val,55000,scale,fixed,1,10000,70.05666666666667,1.0865695253104317,3,69.48,69.38,71.31
mnist,vit_small,grayscale,training_dense_testing_sparse,dense,compact,60,heldout_val,55000,shear,fixed,1,10000,54.89333333333333,1.17886951497328,3,53.64,55.980000000000004,55.059999999999995
mnist,vit_small,grayscale,training_dense_testing_sparse,dense,compact,60,heldout_val,55000,shot_noise,fixed,1,10000,74.76666666666667,3.947408432545756,3,77.89,70.33,76.08
mnist,vit_small,grayscale,training_dense_testing_sparse,dense,compact,60,heldout_val,55000,spatter,fixed,1,10000,59.54333333333334,0.974491320296563,3,60.43000000000001,58.5,59.699999999999996
mnist,vit_small,grayscale,training_dense_testing_sparse,dense,compact,60,heldout_val,55000,stripe,fixed,1,10000,86.94,3.74865309144498,3,82.64,88.66000000000001,89.52
mnist,vit_small,grayscale,training_dense_testing_sparse,dense,compact,60,heldout_val,55000,translate,fixed,1,10000,80.03333333333333,1.8396285857023804,3,78.82000000000001,79.13,82.15
mnist,vit_small,grayscale,training_dense_testing_sparse,dense,compact,60,heldout_val,55000,zigzag,fixed,1,10000,68.18,3.202014990595767,3,69.71000000000001,64.5,70.33
mnist,vit_small,grayscale,training_dense_testing_sparse,dense,compact,70,heldout_val,55000,brightness,fixed,1,10000,82.44,1.7946866021676384,3,80.36999999999999,83.56,83.39
mnist,vit_small,grayscale,training_dense_testing_sparse,dense,compact,70,heldout_val,55000,canny_edges,fixed,1,10000,86.2,3.069413624782432,3,88.48,82.71,87.41
mnist,vit_small,grayscale,training_dense_testing_sparse,dense,compact,70,heldout_val,55000,clean,clean,1,10000,55.79,2.2197522384266244,3,56.96,53.23,57.18
mnist,vit_small,grayscale,training_dense_testing_sparse,dense,compact,70,heldout_val,55000,dotted_line,fixed,1,10000,73.74666666666667,3.2210298560139647,3,75.24,70.05,75.95
mnist,vit_small,grayscale,training_dense_testing_sparse,dense,compact,70,heldout_val,55000,fog,fixed,1,10000,90.53,1.3153326575433368,3,89.32,91.93,90.34
mnist,vit_small,grayscale,training_dense_testing_sparse,dense,compact,70,heldout_val,55000,glass_blur,fixed,1,10000,84.16333333333333,1.9352088603903577,3,81.99,84.8,85.7
mnist,vit_small,grayscale,training_dense_testing_sparse,dense,compact,70,heldout_val,55000,impulse_noise,fixed,1,10000,89.33333333333333,0.5229085324732526,3,89.91,89.2,88.89
mnist,vit_small,grayscale,training_dense_testing_sparse,dense,compact,70,heldout_val,55000,motion_blur,fixed,1,10000,74.14,1.0982258419833277,3,73.7,73.33000000000001,75.39
mnist,vit_small,grayscale,training_dense_testing_sparse,dense,compact,70,heldout_val,55000,rotate,fixed,1,10000,65.05666666666667,1.6476144370978794,3,63.629999999999995,66.86000000000001,64.68
mnist,vit_small,grayscale,training_dense_testing_sparse,dense,compact,70,heldout_val,55000,scale,fixed,1,10000,70.06333333333333,1.0892352056986314,3,69.48,69.39,71.32000000000001
mnist,vit_small,grayscale,training_dense_testing_sparse,dense,compact,70,heldout_val,55000,shear,fixed,1,10000,65.47666666666666,1.5544881258257748,3,63.800000000000004,65.75999999999999,66.87
mnist,vit_small,grayscale,training_dense_testing_sparse,dense,compact,70,heldout_val,55000,shot_noise,fixed,1,10000,78.87333333333333,3.536443599625667,3,81.49,74.85,80.28
mnist,vit_small,grayscale,training_dense_testing_sparse,dense,compact,70,heldout_val,55000,spatter,fixed,1,10000,69.75666666666667,0.9157692576917695,3,70.32000000000001,68.7,70.25
mnist,vit_small,grayscale,training_dense_testing_sparse,dense,compact,70,heldout_val,55000,stripe,fixed,1,10000,90.51333333333334,0.11718930554164442,3,90.38000000000001,90.60000000000001,90.56
mnist,vit_small,grayscale,training_dense_testing_sparse,dense,compact,70,heldout_val,55000,translate,fixed,1,10000,80.72333333333333,2.4593156229596356,3,79.19,79.42,83.56
mnist,vit_small,grayscale,training_dense_testing_sparse,dense,compact,70,heldout_val,55000,zigzag,fixed,1,10000,80.04666666666667,1.9752046307492657,3,81.62,77.83,80.69
mnist,vit_small,grayscale,training_dense_testing_sparse,dense,compact,80,heldout_val,55000,brightness,fixed,1,10000,91.85,0.44542114902640756,3,91.36999999999999,92.25,91.93
mnist,vit_small,grayscale,training_dense_testing_sparse,dense,compact,80,heldout_val,55000,canny_edges,fixed,1,10000,89.59333333333333,0.153731367434665,3,89.52,89.77,89.49000000000001
mnist,vit_small,grayscale,training_dense_testing_sparse,dense,compact,80,heldout_val,55000,clean,clean,1,10000,76.20666666666666,1.9761157186089493,3,76.61,74.05999999999999,77.95
mnist,vit_small,grayscale,training_dense_testing_sparse,dense,compact,80,heldout_val,55000,dotted_line,fixed,1,10000,84.59666666666668,1.1584616235911038,3,85.31,83.26,85.22000000000001
mnist,vit_small,grayscale,training_dense_testing_sparse,dense,compact,80,heldout_val,55000,fog,fixed,1,10000,93.55666666666667,1.166890454727149,3,92.43,94.76,93.47999999999999
mnist,vit_small,grayscale,training_dense_testing_sparse,dense,compact,80,heldout_val,55000,glass_blur,fixed,1,10000,89.45333333333333,0.6813467056743838,3,88.69,89.67,90.0
mnist,vit_small,grayscale,training_dense_testing_sparse,dense,compact,80,heldout_val,55000,impulse_noise,fixed,1,10000,90.71333333333334,0.7670940837559135,3,90.09,90.48,91.57
mnist,vit_small,grayscale,training_dense_testing_sparse,dense,compact,80,heldout_val,55000,motion_blur,fixed,1,10000,82.66666666666667,3.3700049455947902,3,78.94,83.56,85.5
mnist,vit_small,grayscale,training_dense_testing_sparse,dense,compact,80,heldout_val,55000,rotate,fixed,1,10000,80.41,1.5447653543499742,3,78.67,80.94,81.62
mnist,vit_small,grayscale,training_dense_testing_sparse,dense,compact,80,heldout_val,55000,scale,fixed,1,10000,71.78000000000002,1.5565346125287416,3,70.52000000000001,71.30000000000001,73.52000000000001
mnist,vit_small,grayscale,training_dense_testing_sparse,dense,compact,80,heldout_val,55000,shear,fixed,1,10000,79.59666666666666,1.7715906223880755,3,77.86999999999999,79.51,81.41000000000001
mnist,vit_small,grayscale,training_dense_testing_sparse,dense,compact,80,heldout_val,55000,shot_noise,fixed,1,10000,87.09,1.2057777573002453,3,87.94,85.71,87.62
mnist,vit_small,grayscale,training_dense_testing_sparse,dense,compact,80,heldout_val,55000,spatter,fixed,1,10000,81.13,1.0761505470890236,3,80.77,80.28,82.34
mnist,vit_small,grayscale,training_dense_testing_sparse,dense,compact,80,heldout_val,55000,stripe,fixed,1,10000,90.58333333333333,0.5330415868704195,3,90.36999999999999,91.19,90.19
mnist,vit_small,grayscale,training_dense_testing_sparse,dense,compact,80,heldout_val,55000,translate,fixed,1,10000,85.37,1.4398263784220622,3,84.46000000000001,84.62,87.03
mnist,vit_small,grayscale,training_dense_testing_sparse,dense,compact,80,heldout_val,55000,zigzag,fixed,1,10000,87.26666666666667,0.2722743714221588,3,87.36,86.96000000000001,87.48
mnist,vit_small,grayscale,training_dense_testing_sparse,dense,compact,90,heldout_val,55000,brightness,fixed,1,10000,92.11333333333333,0.37166292972710707,3,91.86,92.54,91.94
mnist,vit_small,grayscale,training_dense_testing_sparse,dense,compact,90,heldout_val,55000,canny_edges,fixed,1,10000,89.61,0.9379232377972159,3,90.29,90.0,88.53999999999999
mnist,vit_small,grayscale,training_dense_testing_sparse,dense,compact,90,heldout_val,55000,clean,clean,1,10000,89.51,1.2899224782908456,3,88.06,89.94,90.53
mnist,vit_small,grayscale,training_dense_testing_sparse,dense,compact,90,heldout_val,55000,dotted_line,fixed,1,10000,90.06,0.8411301920630394,3,89.11,90.36,90.71000000000001
mnist,vit_small,grayscale,training_dense_testing_sparse,dense,compact,90,heldout_val,55000,fog,fixed,1,10000,92.03,0.510979451641651,3,91.94,92.58,91.57
mnist,vit_small,grayscale,training_dense_testing_sparse,dense,compact,90,heldout_val,55000,glass_blur,fixed,1,10000,92.38666666666667,1.0319560714164728,3,92.46,93.38,91.32000000000001
mnist,vit_small,grayscale,training_dense_testing_sparse,dense,compact,90,heldout_val,55000,impulse_noise,fixed,1,10000,91.15,1.0671925786848362,3,90.47,90.60000000000001,92.38
mnist,vit_small,grayscale,training_dense_testing_sparse,dense,compact,90,heldout_val,55000,motion_blur,fixed,1,10000,88.79666666666667,2.1668487103010508,3,86.31,89.8,90.28
mnist,vit_small,grayscale,training_dense_testing_sparse,dense,compact,90,heldout_val,55000,rotate,fixed,1,10000,90.19333333333333,0.9643823584726833,3,89.08,90.77,90.73
mnist,vit_small,grayscale,training_dense_testing_sparse,dense,compact,90,heldout_val,55000,scale,fixed,1,10000,84.67333333333333,2.335151672447281,3,82.2,84.98,86.84
mnist,vit_small,grayscale,training_dense_testing_sparse,dense,compact,90,heldout_val,55000,shear,fixed,1,10000,90.15666666666667,1.0980133575386632,3,88.91,90.58,90.97999999999999
mnist,vit_small,grayscale,training_dense_testing_sparse,dense,compact,90,heldout_val,55000,shot_noise,fixed,1,10000,91.71666666666667,1.1954218223427875,3,90.53999999999999,91.68,92.93
mnist,vit_small,grayscale,training_dense_testing_sparse,dense,compact,90,heldout_val,55000,spatter,fixed,1,10000,89.75,1.4062716664997632,3,88.14999999999999,90.31,90.79
mnist,vit_small,grayscale,training_dense_testing_sparse,dense,compact,90,heldout_val,55000,stripe,fixed,1,10000,90.17666666666666,0.33246553706111037,3,89.87,90.13,90.53
mnist,vit_small,grayscale,training_dense_testing_sparse,dense,compact,90,heldout_val,55000,translate,fixed,1,10000,89.59666666666666,0.6557692683660437,3,89.02,89.46000000000001,90.31
mnist,vit_small,grayscale,training_dense_testing_sparse,dense,compact,90,heldout_val,55000,zigzag,fixed,1,10000,90.89333333333333,0.7311178655547537,3,90.14,90.94,91.60000000000001
mnist,vit_small,grayscale,training_sparse_testing_sparse,compact,compact,0,heldout_val,55000,brightness,fixed,1,10000,32.236666666666665,7.251250466873512,3,37.08,23.9,35.73
mnist,vit_small,grayscale,training_sparse_testing_sparse,compact,compact,0,heldout_val,55000,canny_edges,fixed,1,10000,66.84,3.7068450196899274,3,64.11,65.35,71.06
mnist,vit_small,grayscale,training_sparse_testing_sparse,compact,compact,0,heldout_val,55000,clean,clean,1,10000,1.9633333333333318,0.13650396819629038,3,2.1100000000000008,1.9399999999999973,1.8399999999999972
mnist,vit_small,grayscale,training_sparse_testing_sparse,compact,compact,0,heldout_val,55000,dotted_line,fixed,1,10000,19.0,0.8901685233707177,3,18.600000000000005,20.020000000000003,18.379999999999995
mnist,vit_small,grayscale,training_sparse_testing_sparse,compact,compact,0,heldout_val,55000,fog,fixed,1,10000,72.42999999999999,8.233692974601373,3,70.46,65.36,81.47
mnist,vit_small,grayscale,training_sparse_testing_sparse,compact,compact,0,heldout_val,55000,glass_blur,fixed,1,10000,70.00333333333333,2.2454917798409695,3,68.27,69.19999999999999,72.54
mnist,vit_small,grayscale,training_sparse_testing_sparse,compact,compact,0,heldout_val,55000,impulse_noise,fixed,1,10000,68.38666666666667,1.3193306383667998,3,69.64,67.00999999999999,68.51
mnist,vit_small,grayscale,training_sparse_testing_sparse,compact,compact,0,heldout_val,55000,motion_blur,fixed,1,10000,41.879999999999995,5.7529905266739325,3,41.53,47.8,36.309999999999995
mnist,vit_small,grayscale,training_sparse_testing_sparse,compact,compact,0,heldout_val,55000,rotate,fixed,1,10000,15.33,0.22715633383201508,3,15.490000000000004,15.069999999999995,15.43
mnist,vit_small,grayscale,training_sparse_testing_sparse,compact,compact,0,heldout_val,55000,scale,fixed,1,10000,14.81,0.44530888156424825,3,15.300000000000002,14.429999999999998,14.700000000000003
mnist,vit_small,grayscale,training_sparse_testing_sparse,compact,compact,0,heldout_val,55000,shear,fixed,1,10000,9.190000000000001,0.4744470465710586,3,8.650000000000002,9.379999999999999,9.540000000000004
mnist,vit_small,grayscale,training_sparse_testing_sparse,compact,compact,0,heldout_val,55000,shot_noise,fixed,1,10000,32.01,1.0640958603434172,3,33.199999999999996,31.679999999999996,31.15
mnist,vit_small,grayscale,training_sparse_testing_sparse,compact,compact,0,heldout_val,55000,spatter,fixed,1,10000,23.709999999999997,0.8201829064300197,3,24.019999999999996,22.78,24.329999999999995
mnist,vit_small,grayscale,training_sparse_testing_sparse,compact,compact,0,heldout_val,55000,stripe,fixed,1,10000,31.083333333333332,2.9425555786311537,3,34.48,29.459999999999997,29.310000000000002
mnist,vit_small,grayscale,training_sparse_testing_sparse,compact,compact,0,heldout_val,55000,translate,fixed,1,10000,59.01333333333333,1.9747742487011841,3,61.199999999999996,58.48,57.36
mnist,vit_small,grayscale,training_sparse_testing_sparse,compact,compact,0,heldout_val,55000,zigzag,fixed,1,10000,28.87,0.5384236250388751,3,29.220000000000002,29.14,28.249999999999996
mnist,vit_small,grayscale,training_sparse_testing_sparse,compact,compact,20,heldout_val,55000,brightness,fixed,1,10000,21.263333333333335,4.403547812086677,3,24.550000000000004,16.259999999999998,22.98
mnist,vit_small,grayscale,training_sparse_testing_sparse,compact,compact,20,heldout_val,55000,canny_edges,fixed,1,10000,66.84,3.7068450196899274,3,64.11,65.35,71.06
mnist,vit_small,grayscale,training_sparse_testing_sparse,compact,compact,20,heldout_val,55000,clean,clean,1,10000,1.9633333333333318,0.13650396819629038,3,2.1100000000000008,1.9399999999999973,1.8399999999999972
mnist,vit_small,grayscale,training_sparse_testing_sparse,compact,compact,20,heldout_val,55000,dotted_line,fixed,1,10000,19.0,0.8901685233707177,3,18.600000000000005,20.020000000000003,18.379999999999995
mnist,vit_small,grayscale,training_sparse_testing_sparse,compact,compact,20,heldout_val,55000,fog,fixed,1,10000,72.21333333333334,8.248965591717141,3,70.24000000000001,65.13,81.27
mnist,vit_small,grayscale,training_sparse_testing_sparse,compact,compact,20,heldout_val,55000,glass_blur,fixed,1,10000,70.00333333333333,2.2454917798409695,3,68.27,69.19999999999999,72.54
mnist,vit_small,grayscale,training_sparse_testing_sparse,compact,compact,20,heldout_val,55000,impulse_noise,fixed,1,10000,68.38666666666667,1.3193306383667998,3,69.64,67.00999999999999,68.51
mnist,vit_small,grayscale,training_sparse_testing_sparse,compact,compact,20,heldout_val,55000,motion_blur,fixed,1,10000,41.879999999999995,5.7529905266739325,3,41.53,47.8,36.309999999999995
mnist,vit_small,grayscale,training_sparse_testing_sparse,compact,compact,20,heldout_val,55000,rotate,fixed,1,10000,15.33,0.22715633383201508,3,15.490000000000004,15.069999999999995,15.43
mnist,vit_small,grayscale,training_sparse_testing_sparse,compact,compact,20,heldout_val,55000,scale,fixed,1,10000,14.81,0.44530888156424825,3,15.300000000000002,14.429999999999998,14.700000000000003
mnist,vit_small,grayscale,training_sparse_testing_sparse,compact,compact,20,heldout_val,55000,shear,fixed,1,10000,9.190000000000001,0.4744470465710586,3,8.650000000000002,9.379999999999999,9.540000000000004
mnist,vit_small,grayscale,training_sparse_testing_sparse,compact,compact,20,heldout_val,55000,shot_noise,fixed,1,10000,32.01,1.0640958603434172,3,33.199999999999996,31.679999999999996,31.15
mnist,vit_small,grayscale,training_sparse_testing_sparse,compact,compact,20,heldout_val,55000,spatter,fixed,1,10000,23.709999999999997,0.8201829064300197,3,24.019999999999996,22.78,24.329999999999995
mnist,vit_small,grayscale,training_sparse_testing_sparse,compact,compact,20,heldout_val,55000,stripe,fixed,1,10000,31.27333333333333,2.5519665619543916,3,34.21999999999999,29.82,29.779999999999994
mnist,vit_small,grayscale,training_sparse_testing_sparse,compact,compact,20,heldout_val,55000,translate,fixed,1,10000,59.01333333333333,1.9747742487011841,3,61.199999999999996,58.48,57.36
mnist,vit_small,grayscale,training_sparse_testing_sparse,compact,compact,20,heldout_val,55000,zigzag,fixed,1,10000,28.87,0.5384236250388751,3,29.220000000000002,29.14,28.249999999999996
mnist,vit_small,grayscale,training_sparse_testing_sparse,compact,compact,40,heldout_val,55000,brightness,fixed,1,10000,23.84,4.555754602697564,3,27.590000000000003,18.769999999999996,25.160000000000004
mnist,vit_small,grayscale,training_sparse_testing_sparse,compact,compact,40,heldout_val,55000,canny_edges,fixed,1,10000,66.84,3.7068450196899274,3,64.11,65.35,71.06
mnist,vit_small,grayscale,training_sparse_testing_sparse,compact,compact,40,heldout_val,55000,clean,clean,1,10000,1.9633333333333318,0.13650396819629038,3,2.1100000000000008,1.9399999999999973,1.8399999999999972
mnist,vit_small,grayscale,training_sparse_testing_sparse,compact,compact,40,heldout_val,55000,dotted_line,fixed,1,10000,19.0,0.8901685233707177,3,18.600000000000005,20.020000000000003,18.379999999999995
mnist,vit_small,grayscale,training_sparse_testing_sparse,compact,compact,40,heldout_val,55000,fog,fixed,1,10000,68.81333333333333,9.251996181005119,3,67.53,60.27,78.64
mnist,vit_small,grayscale,training_sparse_testing_sparse,compact,compact,40,heldout_val,55000,glass_blur,fixed,1,10000,69.67,2.2021807373601283,3,67.67,69.31,72.03
mnist,vit_small,grayscale,training_sparse_testing_sparse,compact,compact,40,heldout_val,55000,impulse_noise,fixed,1,10000,70.96,1.7327723451163495,3,71.91000000000001,68.96,72.00999999999999
mnist,vit_small,grayscale,training_sparse_testing_sparse,compact,compact,40,heldout_val,55000,motion_blur,fixed,1,10000,41.74666666666667,5.728667675239444,3,41.290000000000006,47.69,36.260000000000005
mnist,vit_small,grayscale,training_sparse_testing_sparse,compact,compact,40,heldout_val,55000,rotate,fixed,1,10000,15.33,0.22715633383201508,3,15.490000000000004,15.069999999999995,15.43
mnist,vit_small,grayscale,training_sparse_testing_sparse,compact,compact,40,heldout_val,55000,scale,fixed,1,10000,14.81,0.44530888156424825,3,15.300000000000002,14.429999999999998,14.700000000000003
mnist,vit_small,grayscale,training_sparse_testing_sparse,compact,compact,40,heldout_val,55000,shear,fixed,1,10000,9.18666666666667,0.4707794954470018,3,8.650000000000002,9.379999999999999,9.530000000000005
mnist,vit_small,grayscale,training_sparse_testing_sparse,compact,compact,40,heldout_val,55000,shot_noise,fixed,1,10000,32.01,1.0640958603434172,3,33.199999999999996,31.679999999999996,31.15
mnist,vit_small,grayscale,training_sparse_testing_sparse,compact,compact,40,heldout_val,55000,spatter,fixed,1,10000,23.639999999999997,0.8637708029332738,3,24.029999999999994,22.650000000000002,24.239999999999995
mnist,vit_small,grayscale,training_sparse_testing_sparse,compact,compact,40,heldout_val,55000,stripe,fixed,1,10000,23.67666666666667,4.766868294103929,3,28.939999999999998,22.440000000000005,19.650000000000002
mnist,vit_small,grayscale,training_sparse_testing_sparse,compact,compact,40,heldout_val,55000,translate,fixed,1,10000,59.01333333333333,1.9747742487011841,3,61.199999999999996,58.48,57.36
mnist,vit_small,grayscale,training_sparse_testing_sparse,compact,compact,40,heldout_val,55000,zigzag,fixed,1,10000,28.87,0.5384236250388751,3,29.220000000000002,29.14,28.249999999999996
mnist,vit_small,grayscale,training_sparse_testing_sparse,compact,compact,60,heldout_val,55000,brightness,fixed,1,10000,19.346666666666668,6.872745691012677,3,26.400000000000002,18.97,12.670000000000003
mnist,vit_small,grayscale,training_sparse_testing_sparse,compact,compact,60,heldout_val,55000,canny_edges,fixed,1,10000,68.02333333333333,2.1465398513266334,3,65.97999999999999,67.83,70.26
mnist,vit_small,grayscale,training_sparse_testing_sparse,compact,compact,60,heldout_val,55000,clean,clean,1,10000,2.1166666666666667,0.11718930554164382,3,2.070000000000005,2.2499999999999964,2.0299999999999985
mnist,vit_small,grayscale,training_sparse_testing_sparse,compact,compact,60,heldout_val,55000,dotted_line,fixed,1,10000,18.223333333333333,0.40216083018281923,3,18.110000000000003,17.889999999999993,18.669999999999998
mnist,vit_small,grayscale,training_sparse_testing_sparse,compact,compact,60,heldout_val,55000,fog,fixed,1,10000,62.72,3.512449287890142,3,66.75999999999999,61.01,60.39
mnist,vit_small,grayscale,training_sparse_testing_sparse,compact,compact,60,heldout_val,55000,glass_blur,fixed,1,10000,63.510000000000005,0.4613025037868291,3,63.470000000000006,63.99,63.07000000000001
mnist,vit_small,grayscale,training_sparse_testing_sparse,compact,compact,60,heldout_val,55000,impulse_noise,fixed,1,10000,74.02333333333333,2.6407069760451165,3,71.69,73.49,76.89
mnist,vit_small,grayscale,training_sparse_testing_sparse,compact,compact,60,heldout_val,55000,motion_blur,fixed,1,10000,38.333333333333336,2.69817222084383,3,37.46000000000001,41.36,36.18
mnist,vit_small,grayscale,training_sparse_testing_sparse,compact,compact,60,heldout_val,55000,rotate,fixed,1,10000,14.603333333333335,0.9286728882299365,3,14.42,15.610000000000001,13.780000000000003
mnist,vit_small,grayscale,training_sparse_testing_sparse,compact,compact,60,heldout_val,55000,scale,fixed,1,10000,15.063333333333333,1.147707860621911,3,14.000000000000002,14.91,16.279999999999994
mnist,vit_small,grayscale,training_sparse_testing_sparse,compact,compact,60,heldout_val,55000,shear,fixed,1,10000,8.820000000000002,0.7673982017179861,3,9.350000000000003,9.17,7.940000000000003
mnist,vit_small,grayscale,training_sparse_testing_sparse,compact,compact,60,heldout_val,55000,shot_noise,fixed,1,10000,34.13666666666666,1.3653693029116076,3,32.79,34.099999999999994,35.519999999999996
mnist,vit_small,grayscale,training_sparse_testing_sparse,compact,compact,60,heldout_val,55000,spatter,fixed,1,10000,19.516666666666662,1.2708396174708028,3,20.979999999999997,18.879999999999995,18.689999999999994
mnist,vit_small,grayscale,training_sparse_testing_sparse,compact,compact,60,heldout_val,55000,stripe,fixed,1,10000,31.470000000000002,2.3642546394159867,3,32.830000000000005,32.84,28.74
mnist,vit_small,grayscale,training_sparse_testing_sparse,compact,compact,60,heldout_val,55000,translate,fixed,1,10000,59.21666666666666,1.637874639077525,3,60.959999999999994,57.709999999999994,58.98
mnist,vit_small,grayscale,training_sparse_testing_sparse,compact,compact,60,heldout_val,55000,zigzag,fixed,1,10000,29.763333333333335,2.0427024583461355,3,28.500000000000004,28.669999999999995,32.120000000000005
mnist,vit_small,grayscale,training_sparse_testing_sparse,compact,compact,80,heldout_val,55000,brightness,fixed,1,10000,73.11,7.5278947920384764,3,70.77,81.53,67.03
mnist,vit_small,grayscale,training_sparse_testing_sparse,compact,compact,80,heldout_val,55000,canny_edges,fixed,1,10000,55.62666666666667,5.785087150020589,3,61.43000000000001,49.86000000000001,55.59
mnist,vit_small,grayscale,training_sparse_testing_sparse,compact,compact,80,heldout_val,55000,clean,clean,1,10000,2.3766666666666714,0.005773502691895622,3,2.3700000000000054,2.3800000000000043,2.3800000000000043
mnist,vit_small,grayscale,training_sparse_testing_sparse,compact,compact,80,heldout_val,55000,dotted_line,fixed,1,10000,22.5,1.1705127081753532,3,23.69,22.46,21.35
mnist,vit_small,grayscale,training_sparse_testing_sparse,compact,compact,80,heldout_val,55000,fog,fixed,1,10000,81.89333333333333,5.87166359163512,3,80.69999999999999,88.27000000000001,76.71
mnist,vit_small,grayscale,training_sparse_testing_sparse,compact,compact,80,heldout_val,55000,glass_blur,fixed,1,10000,60.589999999999996,0.8067217612039486,3,61.33,59.73,60.709999999999994
mnist,vit_small,grayscale,training_sparse_testing_sparse,compact,compact,80,heldout_val,55000,impulse_noise,fixed,1,10000,76.02666666666667,2.482283894588473,3,77.16000000000001,73.18,77.74
mnist,vit_small,grayscale,training_sparse_testing_sparse,compact,compact,80,heldout_val,55000,motion_blur,fixed,1,10000,41.986666666666665,4.571108545345794,3,38.05,47.0,40.910000000000004
mnist,vit_small,grayscale,training_sparse_testing_sparse,compact,compact,80,heldout_val,55000,rotate,fixed,1,10000,17.953333333333333,0.6981642595645666,3,17.169999999999995,18.510000000000005,18.179999999999996
mnist,vit_small,grayscale,training_sparse_testing_sparse,compact,compact,80,heldout_val,55000,scale,fixed,1,10000,15.246666666666668,0.9308777220093621,3,14.339999999999996,15.200000000000003,16.200000000000003
mnist,vit_small,grayscale,training_sparse_testing_sparse,compact,compact,80,heldout_val,55000,shear,fixed,1,10000,11.86666666666667,0.8036375634160792,3,10.950000000000005,12.450000000000006,12.2
mnist,vit_small,grayscale,training_sparse_testing_sparse,compact,compact,80,heldout_val,55000,shot_noise,fixed,1,10000,35.053333333333335,1.283991173386065,3,34.199999999999996,34.43000000000001,36.529999999999994
mnist,vit_small,grayscale,training_sparse_testing_sparse,compact,compact,80,heldout_val,55000,spatter,fixed,1,10000,11.866666666666667,0.5085600587279047,3,12.439999999999996,11.470000000000002,11.690000000000001
mnist,vit_small,grayscale,training_sparse_testing_sparse,compact,compact,80,heldout_val,55000,stripe,fixed,1,10000,77.88000000000001,3.9755125455719615,3,73.41,79.21000000000001,81.02000000000001
mnist,vit_small,grayscale,training_sparse_testing_sparse,compact,compact,80,heldout_val,55000,translate,fixed,1,10000,60.57333333333333,0.3450120770832959,3,60.57,60.230000000000004,60.919999999999995
mnist,vit_small,grayscale,training_sparse_testing_sparse,compact,compact,80,heldout_val,55000,zigzag,fixed,1,10000,41.58,0.8943712875534444,3,41.949999999999996,40.559999999999995,42.230000000000004
mnist,vit_small,raw,raw_dense_reference,dense,dense,0,heldout_val,55000,brightness,fixed,1,10000,55.97666666666666,3.9978660974741667,3,60.349999999999994,55.06999999999999,52.51
mnist,vit_small,raw,raw_dense_reference,dense,dense,0,heldout_val,55000,canny_edges,fixed,1,10000,37.53333333333333,7.026644528744377,3,31.020000000000003,36.6,44.98
mnist,vit_small,raw,raw_dense_reference,dense,dense,0,heldout_val,55000,clean,clean,1,10000,1.6999999999999977,0.05291502622129018,3,1.6800000000000037,1.759999999999995,1.6599999999999948
mnist,vit_small,raw,raw_dense_reference,dense,dense,0,heldout_val,55000,dotted_line,fixed,1,10000,8.499999999999996,1.2200000000000002,3,8.68,9.619999999999996,7.199999999999996
mnist,vit_small,raw,raw_dense_reference,dense,dense,0,heldout_val,55000,fog,fixed,1,10000,57.88666666666667,4.292835116019872,3,52.93,60.41000000000001,60.31999999999999
mnist,vit_small,raw,raw_dense_reference,dense,dense,0,heldout_val,55000,glass_blur,fixed,1,10000,23.62333333333333,0.9122682354074001,3,22.57,24.160000000000004,24.139999999999993
mnist,vit_small,raw,raw_dense_reference,dense,dense,0,heldout_val,55000,impulse_noise,fixed,1,10000,49.760000000000005,4.60096728960335,3,46.43000000000001,47.84,55.010000000000005
mnist,vit_small,raw,raw_dense_reference,dense,dense,0,heldout_val,55000,motion_blur,fixed,1,10000,12.46333333333333,1.3607840876984614,3,13.849999999999996,11.129999999999995,12.409999999999998
mnist,vit_small,raw,raw_dense_reference,dense,dense,0,heldout_val,55000,rotate,fixed,1,10000,9.70666666666667,0.2396525262402482,3,9.840000000000003,9.850000000000003,9.430000000000005
mnist,vit_small,raw,raw_dense_reference,dense,dense,0,heldout_val,55000,scale,fixed,1,10000,17.18666666666667,2.833590184436227,3,19.650000000000002,17.820000000000004,14.090000000000003
mnist,vit_small,raw,raw_dense_reference,dense,dense,0,heldout_val,55000,shear,fixed,1,10000,4.076666666666665,0.4850085909892007,3,4.079999999999995,4.559999999999997,3.5900000000000043
mnist,vit_small,raw,raw_dense_reference,dense,dense,0,heldout_val,55000,shot_noise,fixed,1,10000,22.04,2.843536530449361,3,19.05,22.360000000000003,24.709999999999997
mnist,vit_small,raw,raw_dense_reference,dense,dense,0,heldout_val,55000,spatter,fixed,1,10000,3.996666666666667,0.3950105483823635,3,4.300000000000004,4.139999999999999,3.5499999999999976
mnist,vit_small,raw,raw_dense_reference,dense,dense,0,heldout_val,55000,stripe,fixed,1,10000,27.703333333333333,7.607261881474393,3,36.18,25.460000000000004,21.47
mnist,vit_small,raw,raw_dense_reference,dense,dense,0,heldout_val,55000,translate,fixed,1,10000,54.49333333333333,1.395002986854622,3,56.099999999999994,53.59,53.790000000000006
mnist,vit_small,raw,raw_dense_reference,dense,dense,0,heldout_val,55000,zigzag,fixed,1,10000,21.613333333333337,1.181961646303863,3,20.25,22.35,22.240000000000006
