pdf_page,channel,channel_name,sample_id,label,source_npz,source_npz_sha256,native_scale,normalized_scale,coefficient_nonzero_fraction,retained_patch_fraction
1,0,mean_rgb_contrast,cifar10_c/fog/3/00689,0,/ceph/sagnihot/projects/Lorena_Contrastive_Representation_Arch/training_dense_testing_sparse/outputs/cases/cifar10/swin_tiny/grayscale/trained_dense/infer_compact/p20/seed0/7ba783d08ff6e1128c4b29ee0ec7cfb2ecf158a23f09cad8b1a48d2dccb5d445/diagnostics/cells/fog__3.npz,ed38df9b3f681bfffc7f63d696898d49d14faf11556417237363dcb478020e8b,0.5738563537597656,6.617072582244873,0.80078125,0.984375
1,0,mean_rgb_contrast,cifar10_c/fog/3/02620,1,/ceph/sagnihot/projects/Lorena_Contrastive_Representation_Arch/training_dense_testing_sparse/outputs/cases/cifar10/swin_tiny/grayscale/trained_dense/infer_compact/p20/seed0/7ba783d08ff6e1128c4b29ee0ec7cfb2ecf158a23f09cad8b1a48d2dccb5d445/diagnostics/cells/fog__3.npz,ed38df9b3f681bfffc7f63d696898d49d14faf11556417237363dcb478020e8b,0.5738563537597656,6.617072582244873,0.80078125,0.9609375
1,0,mean_rgb_contrast,cifar10_c/fog/3/03322,2,/ceph/sagnihot/projects/Lorena_Contrastive_Representation_Arch/training_dense_testing_sparse/outputs/cases/cifar10/swin_tiny/grayscale/trained_dense/infer_compact/p20/seed0/7ba783d08ff6e1128c4b29ee0ec7cfb2ecf158a23f09cad8b1a48d2dccb5d445/diagnostics/cells/fog__3.npz,ed38df9b3f681bfffc7f63d696898d49d14faf11556417237363dcb478020e8b,0.5738563537597656,6.617072582244873,0.80078125,0.9765625
1,0,mean_rgb_contrast,cifar10_c/fog/3/03835,3,/ceph/sagnihot/projects/Lorena_Contrastive_Representation_Arch/training_dense_testing_sparse/outputs/cases/cifar10/swin_tiny/grayscale/trained_dense/infer_compact/p20/seed0/7ba783d08ff6e1128c4b29ee0ec7cfb2ecf158a23f09cad8b1a48d2dccb5d445/diagnostics/cells/fog__3.npz,ed38df9b3f681bfffc7f63d696898d49d14faf11556417237363dcb478020e8b,0.5738563537597656,6.617072582244873,0.80078125,0.96875
1,0,mean_rgb_contrast,cifar10_c/fog/3/07322,4,/ceph/sagnihot/projects/Lorena_Contrastive_Representation_Arch/training_dense_testing_sparse/outputs/cases/cifar10/swin_tiny/grayscale/trained_dense/infer_compact/p20/seed0/7ba783d08ff6e1128c4b29ee0ec7cfb2ecf158a23f09cad8b1a48d2dccb5d445/diagnostics/cells/fog__3.npz,ed38df9b3f681bfffc7f63d696898d49d14faf11556417237363dcb478020e8b,0.5738563537597656,6.617072582244873,0.80078125,1.0
2,0,mean_rgb_contrast,cifar10_c/fog/3/08776,5,/ceph/sagnihot/projects/Lorena_Contrastive_Representation_Arch/training_dense_testing_sparse/outputs/cases/cifar10/swin_tiny/grayscale/trained_dense/infer_compact/p20/seed0/7ba783d08ff6e1128c4b29ee0ec7cfb2ecf158a23f09cad8b1a48d2dccb5d445/diagnostics/cells/fog__3.npz,ed38df9b3f681bfffc7f63d696898d49d14faf11556417237363dcb478020e8b,0.5738563537597656,6.617072582244873,0.80078125,0.96875
2,0,mean_rgb_contrast,cifar10_c/fog/3/07791,6,/ceph/sagnihot/projects/Lorena_Contrastive_Representation_Arch/training_dense_testing_sparse/outputs/cases/cifar10/swin_tiny/grayscale/trained_dense/infer_compact/p20/seed0/7ba783d08ff6e1128c4b29ee0ec7cfb2ecf158a23f09cad8b1a48d2dccb5d445/diagnostics/cells/fog__3.npz,ed38df9b3f681bfffc7f63d696898d49d14faf11556417237363dcb478020e8b,0.5738563537597656,6.617072582244873,0.80078125,0.984375
2,0,mean_rgb_contrast,cifar10_c/fog/3/07128,7,/ceph/sagnihot/projects/Lorena_Contrastive_Representation_Arch/training_dense_testing_sparse/outputs/cases/cifar10/swin_tiny/grayscale/trained_dense/infer_compact/p20/seed0/7ba783d08ff6e1128c4b29ee0ec7cfb2ecf158a23f09cad8b1a48d2dccb5d445/diagnostics/cells/fog__3.npz,ed38df9b3f681bfffc7f63d696898d49d14faf11556417237363dcb478020e8b,0.5738563537597656,6.617072582244873,0.80078125,0.98046875
2,0,mean_rgb_contrast,cifar10_c/fog/3/04568,8,/ceph/sagnihot/projects/Lorena_Contrastive_Representation_Arch/training_dense_testing_sparse/outputs/cases/cifar10/swin_tiny/grayscale/trained_dense/infer_compact/p20/seed0/7ba783d08ff6e1128c4b29ee0ec7cfb2ecf158a23f09cad8b1a48d2dccb5d445/diagnostics/cells/fog__3.npz,ed38df9b3f681bfffc7f63d696898d49d14faf11556417237363dcb478020e8b,0.5738563537597656,6.617072582244873,0.80078125,0.96875
2,0,mean_rgb_contrast,cifar10_c/fog/3/01432,9,/ceph/sagnihot/projects/Lorena_Contrastive_Representation_Arch/training_dense_testing_sparse/outputs/cases/cifar10/swin_tiny/grayscale/trained_dense/infer_compact/p20/seed0/7ba783d08ff6e1128c4b29ee0ec7cfb2ecf158a23f09cad8b1a48d2dccb5d445/diagnostics/cells/fog__3.npz,ed38df9b3f681bfffc7f63d696898d49d14faf11556417237363dcb478020e8b,0.5738563537597656,6.617072582244873,0.80078125,0.95703125
