registry_id,dataset,architecture,representation,execution,sparsity_percent,seed,protocol,training_count,corruption,severity,accuracy,error,loss,correct,total
mnist/vit_small/raw/dense/pNA/seed0,mnist,vit_small,raw,dense,,0,heldout_val,55000,clean,test,0.9804,0.01959999999999995,0.19327982969841884,9804,10000
mnist/vit_small/raw/dense/pNA/seed0,mnist,vit_small,raw,dense,,0,heldout_val,55000,shot_noise,fixed,0.7852,0.2148,2.4227166448337547,7852,10000
mnist/vit_small/raw/dense/pNA/seed0,mnist,vit_small,raw,dense,,0,heldout_val,55000,impulse_noise,fixed,0.3293,0.6707000000000001,9.385159907722473,3293,10000
mnist/vit_small/raw/dense/pNA/seed0,mnist,vit_small,raw,dense,,0,heldout_val,55000,glass_blur,fixed,0.7176,0.2824,3.0729407867502543,7176,10000
mnist/vit_small/raw/dense/pNA/seed0,mnist,vit_small,raw,dense,,0,heldout_val,55000,motion_blur,fixed,0.8533,0.14670000000000005,1.5606822187837446,8533,10000
mnist/vit_small/raw/dense/pNA/seed0,mnist,vit_small,raw,dense,,0,heldout_val,55000,shear,fixed,0.9521,0.047900000000000054,0.4806291754358766,9521,10000
mnist/vit_small/raw/dense/pNA/seed0,mnist,vit_small,raw,dense,,0,heldout_val,55000,scale,fixed,0.7588,0.24119999999999997,2.586008877518987,7588,10000
mnist/vit_small/raw/dense/pNA/seed0,mnist,vit_small,raw,dense,,0,heldout_val,55000,rotate,fixed,0.8954,0.10460000000000003,1.110637483999217,8954,10000
mnist/vit_small/raw/dense/pNA/seed0,mnist,vit_small,raw,dense,,0,heldout_val,55000,brightness,fixed,0.5244,0.4756,4.593759387642827,5244,10000
mnist/vit_small/raw/dense/pNA/seed0,mnist,vit_small,raw,dense,,0,heldout_val,55000,translate,fixed,0.3851,0.6149,7.7290102391719815,3851,10000
mnist/vit_small/raw/dense/pNA/seed0,mnist,vit_small,raw,dense,,0,heldout_val,55000,stripe,fixed,0.4064,0.5936,7.428007284408808,4064,10000
mnist/vit_small/raw/dense/pNA/seed0,mnist,vit_small,raw,dense,,0,heldout_val,55000,fog,fixed,0.4837,0.5163,4.999976154783275,4837,10000
mnist/vit_small/raw/dense/pNA/seed0,mnist,vit_small,raw,dense,,0,heldout_val,55000,spatter,fixed,0.9511,0.048900000000000055,0.49219961116440336,9511,10000
mnist/vit_small/raw/dense/pNA/seed0,mnist,vit_small,raw,dense,,0,heldout_val,55000,dotted_line,fixed,0.9198,0.08020000000000005,0.8161968820223108,9198,10000
mnist/vit_small/raw/dense/pNA/seed0,mnist,vit_small,raw,dense,,0,heldout_val,55000,zigzag,fixed,0.79,0.20999999999999996,2.3743617958553704,7900,10000
mnist/vit_small/raw/dense/pNA/seed0,mnist,vit_small,raw,dense,,0,heldout_val,55000,canny_edges,fixed,0.6363,0.3637,4.41938606196437,6363,10000
mnist/vit_small/grayscale/compact/p0/seed0,mnist,vit_small,grayscale,compact,0,0,heldout_val,55000,clean,test,0.9788,0.021199999999999997,0.20764566833425233,9788,10000
mnist/vit_small/grayscale/compact/p0/seed0,mnist,vit_small,grayscale,compact,0,0,heldout_val,55000,shot_noise,fixed,0.6544,0.3456,3.725157433928407,6544,10000
mnist/vit_small/grayscale/compact/p0/seed0,mnist,vit_small,grayscale,compact,0,0,heldout_val,55000,impulse_noise,fixed,0.2789,0.7211000000000001,9.03763892250061,2789,10000
mnist/vit_small/grayscale/compact/p0/seed0,mnist,vit_small,grayscale,compact,0,0,heldout_val,55000,glass_blur,fixed,0.2499,0.7501,9.364085861778259,2499,10000
mnist/vit_small/grayscale/compact/p0/seed0,mnist,vit_small,grayscale,compact,0,0,heldout_val,55000,motion_blur,fixed,0.4993,0.5006999999999999,5.570443139767868,4993,10000
mnist/vit_small/grayscale/compact/p0/seed0,mnist,vit_small,grayscale,compact,0,0,heldout_val,55000,shear,fixed,0.8638,0.1362,1.429465311447541,8638,10000
mnist/vit_small/grayscale/compact/p0/seed0,mnist,vit_small,grayscale,compact,0,0,heldout_val,55000,scale,fixed,0.8354,0.16459999999999997,1.602216781753851,8354,10000
mnist/vit_small/grayscale/compact/p0/seed0,mnist,vit_small,grayscale,compact,0,0,heldout_val,55000,rotate,fixed,0.8115,0.1885,2.011170219564817,8115,10000
mnist/vit_small/grayscale/compact/p0/seed0,mnist,vit_small,grayscale,compact,0,0,heldout_val,55000,brightness,fixed,0.4259,0.5741,6.488060341882706,4259,10000
mnist/vit_small/grayscale/compact/p0/seed0,mnist,vit_small,grayscale,compact,0,0,heldout_val,55000,translate,fixed,0.3585,0.6415,7.892433865451813,3585,10000
mnist/vit_small/grayscale/compact/p0/seed0,mnist,vit_small,grayscale,compact,0,0,heldout_val,55000,stripe,fixed,0.4296,0.5704,6.063231590092182,4296,10000
mnist/vit_small/grayscale/compact/p0/seed0,mnist,vit_small,grayscale,compact,0,0,heldout_val,55000,fog,fixed,0.1861,0.8139000000000001,10.232275561141968,1861,10000
mnist/vit_small/grayscale/compact/p0/seed0,mnist,vit_small,grayscale,compact,0,0,heldout_val,55000,spatter,fixed,0.7589,0.24109999999999998,2.5277383206110766,7589,10000
mnist/vit_small/grayscale/compact/p0/seed0,mnist,vit_small,grayscale,compact,0,0,heldout_val,55000,dotted_line,fixed,0.8002,0.19979999999999998,2.0296850768498573,8002,10000
mnist/vit_small/grayscale/compact/p0/seed0,mnist,vit_small,grayscale,compact,0,0,heldout_val,55000,zigzag,fixed,0.7169,0.2831,3.057976057902208,7169,10000
mnist/vit_small/grayscale/compact/p0/seed0,mnist,vit_small,grayscale,compact,0,0,heldout_val,55000,canny_edges,fixed,0.3747,0.6253,7.412174610805511,3747,10000
mnist/vit_small/grayscale/compact/p40/seed0,mnist,vit_small,grayscale,compact,40,0,heldout_val,55000,clean,test,0.9788,0.021199999999999997,0.20764566833425233,9788,10000
mnist/vit_small/grayscale/compact/p40/seed0,mnist,vit_small,grayscale,compact,40,0,heldout_val,55000,shot_noise,fixed,0.6544,0.3456,3.725157433928407,6544,10000
mnist/vit_small/grayscale/compact/p40/seed0,mnist,vit_small,grayscale,compact,40,0,heldout_val,55000,impulse_noise,fixed,0.2608,0.7392000000000001,9.310354716341104,2608,10000
mnist/vit_small/grayscale/compact/p40/seed0,mnist,vit_small,grayscale,compact,40,0,heldout_val,55000,glass_blur,fixed,0.2491,0.7509,9.409563066101073,2491,10000
mnist/vit_small/grayscale/compact/p40/seed0,mnist,vit_small,grayscale,compact,40,0,heldout_val,55000,motion_blur,fixed,0.5011,0.4989,5.549942067216134,5011,10000
mnist/vit_small/grayscale/compact/p40/seed0,mnist,vit_small,grayscale,compact,40,0,heldout_val,55000,shear,fixed,0.8638,0.1362,1.4289696974434059,8638,10000
mnist/vit_small/grayscale/compact/p40/seed0,mnist,vit_small,grayscale,compact,40,0,heldout_val,55000,scale,fixed,0.8354,0.16459999999999997,1.602216781753851,8354,10000
mnist/vit_small/grayscale/compact/p40/seed0,mnist,vit_small,grayscale,compact,40,0,heldout_val,55000,rotate,fixed,0.8115,0.1885,2.0112210967544533,8115,10000
mnist/vit_small/grayscale/compact/p40/seed0,mnist,vit_small,grayscale,compact,40,0,heldout_val,55000,brightness,fixed,0.5618,0.43820000000000003,4.586318909173207,5618,10000
mnist/vit_small/grayscale/compact/p40/seed0,mnist,vit_small,grayscale,compact,40,0,heldout_val,55000,translate,fixed,0.3585,0.6415,7.892433865451813,3585,10000
mnist/vit_small/grayscale/compact/p40/seed0,mnist,vit_small,grayscale,compact,40,0,heldout_val,55000,stripe,fixed,0.621,0.379,3.826235192272431,6210,10000
mnist/vit_small/grayscale/compact/p40/seed0,mnist,vit_small,grayscale,compact,40,0,heldout_val,55000,fog,fixed,0.1953,0.8047,10.159209325790405,1953,10000
mnist/vit_small/grayscale/compact/p40/seed0,mnist,vit_small,grayscale,compact,40,0,heldout_val,55000,spatter,fixed,0.7588,0.24119999999999997,2.5264494226064373,7588,10000
mnist/vit_small/grayscale/compact/p40/seed0,mnist,vit_small,grayscale,compact,40,0,heldout_val,55000,dotted_line,fixed,0.8002,0.19979999999999998,2.029121832578579,8002,10000
mnist/vit_small/grayscale/compact/p40/seed0,mnist,vit_small,grayscale,compact,40,0,heldout_val,55000,zigzag,fixed,0.7169,0.2831,3.0579787497433335,7169,10000
mnist/vit_small/grayscale/compact/p40/seed0,mnist,vit_small,grayscale,compact,40,0,heldout_val,55000,canny_edges,fixed,0.3747,0.6253,7.412174610805511,3747,10000
mnist/vit_small/grayscale/dense/p0/seed0,mnist,vit_small,grayscale,dense,0,0,heldout_val,55000,clean,test,0.9721,0.027900000000000036,0.23685830868640315,9721,10000
mnist/vit_small/grayscale/dense/p0/seed0,mnist,vit_small,grayscale,dense,0,0,heldout_val,55000,shot_noise,fixed,0.881,0.119,1.026048732101469,8810,10000
mnist/vit_small/grayscale/dense/p0/seed0,mnist,vit_small,grayscale,dense,0,0,heldout_val,55000,impulse_noise,fixed,0.2926,0.7074,7.100581909918785,2926,10000
mnist/vit_small/grayscale/dense/p0/seed0,mnist,vit_small,grayscale,dense,0,0,heldout_val,55000,glass_blur,fixed,0.4014,0.5986,6.205021383619308,4014,10000
mnist/vit_small/grayscale/dense/p0/seed0,mnist,vit_small,grayscale,dense,0,0,heldout_val,55000,motion_blur,fixed,0.4741,0.5259,5.843764917661285,4741,10000
mnist/vit_small/grayscale/dense/p0/seed0,mnist,vit_small,grayscale,dense,0,0,heldout_val,55000,shear,fixed,0.8754,0.12460000000000004,1.1400193064909778,8754,10000
mnist/vit_small/grayscale/dense/p0/seed0,mnist,vit_small,grayscale,dense,0,0,heldout_val,55000,scale,fixed,0.7429,0.2571,2.2809840918555864,7429,10000
mnist/vit_small/grayscale/dense/p0/seed0,mnist,vit_small,grayscale,dense,0,0,heldout_val,55000,rotate,fixed,0.818,0.18200000000000005,1.7350886868716469,8180,10000
mnist/vit_small/grayscale/dense/p0/seed0,mnist,vit_small,grayscale,dense,0,0,heldout_val,55000,brightness,fixed,0.839,0.16100000000000003,1.437400521583004,8390,10000
mnist/vit_small/grayscale/dense/p0/seed0,mnist,vit_small,grayscale,dense,0,0,heldout_val,55000,translate,fixed,0.4281,0.5719000000000001,6.161289848828316,4281,10000
mnist/vit_small/grayscale/dense/p0/seed0,mnist,vit_small,grayscale,dense,0,0,heldout_val,55000,stripe,fixed,0.5779,0.42210000000000003,3.2251019774320477,5779,10000
mnist/vit_small/grayscale/dense/p0/seed0,mnist,vit_small,grayscale,dense,0,0,heldout_val,55000,fog,fixed,0.1663,0.8337,11.26005721359253,1663,10000
mnist/vit_small/grayscale/dense/p0/seed0,mnist,vit_small,grayscale,dense,0,0,heldout_val,55000,spatter,fixed,0.8859,0.11409999999999998,1.003163867091884,8859,10000
mnist/vit_small/grayscale/dense/p0/seed0,mnist,vit_small,grayscale,dense,0,0,heldout_val,55000,dotted_line,fixed,0.7907,0.20930000000000004,1.9401717852653106,7907,10000
mnist/vit_small/grayscale/dense/p0/seed0,mnist,vit_small,grayscale,dense,0,0,heldout_val,55000,zigzag,fixed,0.7069,0.2931,2.7861112486719897,7069,10000
mnist/vit_small/grayscale/dense/p0/seed0,mnist,vit_small,grayscale,dense,0,0,heldout_val,55000,canny_edges,fixed,0.5661,0.43389999999999995,4.07628568475209,5661,10000
mnist/vit_small/grayscale/compact/p0/seed1,mnist,vit_small,grayscale,compact,0,1,heldout_val,55000,clean,test,0.9781,0.02190000000000003,0.21517434286120515,9781,10000
mnist/vit_small/grayscale/compact/p0/seed1,mnist,vit_small,grayscale,compact,0,1,heldout_val,55000,shot_noise,fixed,0.6814,0.3186,3.3907147950980367,6814,10000
mnist/vit_small/grayscale/compact/p0/seed1,mnist,vit_small,grayscale,compact,0,1,heldout_val,55000,impulse_noise,fixed,0.2694,0.7306,9.277566498851776,2694,10000
mnist/vit_small/grayscale/compact/p0/seed1,mnist,vit_small,grayscale,compact,0,1,heldout_val,55000,glass_blur,fixed,0.2334,0.7666,9.577165922546387,2334,10000
mnist/vit_small/grayscale/compact/p0/seed1,mnist,vit_small,grayscale,compact,0,1,heldout_val,55000,motion_blur,fixed,0.4404,0.5596,6.041440182544291,4404,10000
mnist/vit_small/grayscale/compact/p0/seed1,mnist,vit_small,grayscale,compact,0,1,heldout_val,55000,shear,fixed,0.8735,0.12649999999999995,1.3509369525486752,8735,10000
mnist/vit_small/grayscale/compact/p0/seed1,mnist,vit_small,grayscale,compact,0,1,heldout_val,55000,scale,fixed,0.8396,0.1604,1.6047292966120952,8396,10000
mnist/vit_small/grayscale/compact/p0/seed1,mnist,vit_small,grayscale,compact,0,1,heldout_val,55000,rotate,fixed,0.8212,0.17879999999999996,1.8568621070888944,8212,10000
mnist/vit_small/grayscale/compact/p0/seed1,mnist,vit_small,grayscale,compact,0,1,heldout_val,55000,brightness,fixed,0.5959,0.4041,4.079582982246681,5959,10000
mnist/vit_small/grayscale/compact/p0/seed1,mnist,vit_small,grayscale,compact,0,1,heldout_val,55000,translate,fixed,0.3753,0.6247,7.5545604682793055,3753,10000
mnist/vit_small/grayscale/compact/p0/seed1,mnist,vit_small,grayscale,compact,0,1,heldout_val,55000,stripe,fixed,0.5814,0.41859999999999997,4.012573425892496,5814,10000
mnist/vit_small/grayscale/compact/p0/seed1,mnist,vit_small,grayscale,compact,0,1,heldout_val,55000,fog,fixed,0.123,0.877,11.932403562355042,1230,10000
mnist/vit_small/grayscale/compact/p0/seed1,mnist,vit_small,grayscale,compact,0,1,heldout_val,55000,spatter,fixed,0.7867,0.21330000000000005,2.2169041805435126,7867,10000
mnist/vit_small/grayscale/compact/p0/seed1,mnist,vit_small,grayscale,compact,0,1,heldout_val,55000,dotted_line,fixed,0.7902,0.2098,2.216036940084485,7902,10000
mnist/vit_small/grayscale/compact/p0/seed1,mnist,vit_small,grayscale,compact,0,1,heldout_val,55000,zigzag,fixed,0.7029,0.29710000000000003,3.301853772437543,7029,10000
mnist/vit_small/grayscale/compact/p0/seed1,mnist,vit_small,grayscale,compact,0,1,heldout_val,55000,canny_edges,fixed,0.4043,0.5957,7.0021438480370914,4043,10000
mnist/vit_small/grayscale/compact/p20/seed1,mnist,vit_small,grayscale,compact,20,1,heldout_val,55000,clean,test,0.9781,0.02190000000000003,0.21517434286120515,9781,10000
mnist/vit_small/grayscale/compact/p20/seed1,mnist,vit_small,grayscale,compact,20,1,heldout_val,55000,shot_noise,fixed,0.6814,0.3186,3.3907147950980367,6814,10000
mnist/vit_small/grayscale/compact/p20/seed1,mnist,vit_small,grayscale,compact,20,1,heldout_val,55000,impulse_noise,fixed,0.2694,0.7306,9.277557212352752,2694,10000
mnist/vit_small/grayscale/compact/p20/seed1,mnist,vit_small,grayscale,compact,20,1,heldout_val,55000,glass_blur,fixed,0.2334,0.7666,9.577254476165772,2334,10000
mnist/vit_small/grayscale/compact/p20/seed1,mnist,vit_small,grayscale,compact,20,1,heldout_val,55000,motion_blur,fixed,0.4404,0.5596,6.041440182544291,4404,10000
mnist/vit_small/grayscale/compact/p20/seed1,mnist,vit_small,grayscale,compact,20,1,heldout_val,55000,shear,fixed,0.8735,0.12649999999999995,1.3509369525486752,8735,10000
mnist/vit_small/grayscale/compact/p20/seed1,mnist,vit_small,grayscale,compact,20,1,heldout_val,55000,scale,fixed,0.8396,0.1604,1.6047292966120952,8396,10000
mnist/vit_small/grayscale/compact/p20/seed1,mnist,vit_small,grayscale,compact,20,1,heldout_val,55000,rotate,fixed,0.8212,0.17879999999999996,1.8568621070888944,8212,10000
mnist/vit_small/grayscale/compact/p20/seed1,mnist,vit_small,grayscale,compact,20,1,heldout_val,55000,brightness,fixed,0.6877,0.3123,2.899737581531865,6877,10000
mnist/vit_small/grayscale/compact/p20/seed1,mnist,vit_small,grayscale,compact,20,1,heldout_val,55000,translate,fixed,0.3753,0.6247,7.5545604682793055,3753,10000
mnist/vit_small/grayscale/compact/p20/seed1,mnist,vit_small,grayscale,compact,20,1,heldout_val,55000,stripe,fixed,0.6042,0.39580000000000004,3.783738438341982,6042,10000
mnist/vit_small/grayscale/compact/p20/seed1,mnist,vit_small,grayscale,compact,20,1,heldout_val,55000,fog,fixed,0.1247,0.8753,11.890356212997437,1247,10000
mnist/vit_small/grayscale/compact/p20/seed1,mnist,vit_small,grayscale,compact,20,1,heldout_val,55000,spatter,fixed,0.7867,0.21330000000000005,2.2169041805435126,7867,10000
mnist/vit_small/grayscale/compact/p20/seed1,mnist,vit_small,grayscale,compact,20,1,heldout_val,55000,dotted_line,fixed,0.7902,0.2098,2.216036940084485,7902,10000
mnist/vit_small/grayscale/compact/p20/seed1,mnist,vit_small,grayscale,compact,20,1,heldout_val,55000,zigzag,fixed,0.7029,0.29710000000000003,3.301853772437543,7029,10000
mnist/vit_small/grayscale/compact/p20/seed1,mnist,vit_small,grayscale,compact,20,1,heldout_val,55000,canny_edges,fixed,0.4043,0.5957,7.0021438480370914,4043,10000
mnist/vit_small/grayscale/compact/p40/seed1,mnist,vit_small,grayscale,compact,40,1,heldout_val,55000,clean,test,0.9781,0.02190000000000003,0.21517434286120515,9781,10000
mnist/vit_small/grayscale/compact/p40/seed1,mnist,vit_small,grayscale,compact,40,1,heldout_val,55000,shot_noise,fixed,0.6814,0.3186,3.3907147950980367,6814,10000
mnist/vit_small/grayscale/compact/p40/seed1,mnist,vit_small,grayscale,compact,40,1,heldout_val,55000,impulse_noise,fixed,0.2564,0.7436,9.432651816463471,2564,10000
mnist/vit_small/grayscale/compact/p40/seed1,mnist,vit_small,grayscale,compact,40,1,heldout_val,55000,glass_blur,fixed,0.2389,0.7611,9.505206398582459,2389,10000
mnist/vit_small/grayscale/compact/p40/seed1,mnist,vit_small,grayscale,compact,40,1,heldout_val,55000,motion_blur,fixed,0.4453,0.5547,5.961495765827596,4453,10000
mnist/vit_small/grayscale/compact/p40/seed1,mnist,vit_small,grayscale,compact,40,1,heldout_val,55000,shear,fixed,0.8735,0.12649999999999995,1.3508695507103727,8735,10000
mnist/vit_small/grayscale/compact/p40/seed1,mnist,vit_small,grayscale,compact,40,1,heldout_val,55000,scale,fixed,0.8396,0.1604,1.6047292966120952,8396,10000
mnist/vit_small/grayscale/compact/p40/seed1,mnist,vit_small,grayscale,compact,40,1,heldout_val,55000,rotate,fixed,0.8212,0.17879999999999996,1.8568789033559272,8212,10000
mnist/vit_small/grayscale/compact/p40/seed1,mnist,vit_small,grayscale,compact,40,1,heldout_val,55000,brightness,fixed,0.6618,0.33819999999999995,3.465255165184873,6618,10000
mnist/vit_small/grayscale/compact/p40/seed1,mnist,vit_small,grayscale,compact,40,1,heldout_val,55000,translate,fixed,0.3753,0.6247,7.5545604682793055,3753,10000
mnist/vit_small/grayscale/compact/p40/seed1,mnist,vit_small,grayscale,compact,40,1,heldout_val,55000,stripe,fixed,0.7444,0.25560000000000005,2.3260832299574834,7444,10000
mnist/vit_small/grayscale/compact/p40/seed1,mnist,vit_small,grayscale,compact,40,1,heldout_val,55000,fog,fixed,0.1603,0.8397,11.120807377243041,1603,10000
mnist/vit_small/grayscale/compact/p40/seed1,mnist,vit_small,grayscale,compact,40,1,heldout_val,55000,spatter,fixed,0.7871,0.21289999999999998,2.2128374556028065,7871,10000
mnist/vit_small/grayscale/compact/p40/seed1,mnist,vit_small,grayscale,compact,40,1,heldout_val,55000,dotted_line,fixed,0.7902,0.2098,2.215737345586804,7902,10000
mnist/vit_small/grayscale/compact/p40/seed1,mnist,vit_small,grayscale,compact,40,1,heldout_val,55000,zigzag,fixed,0.7029,0.29710000000000003,3.3019552046179537,7029,10000
mnist/vit_small/grayscale/compact/p40/seed1,mnist,vit_small,grayscale,compact,40,1,heldout_val,55000,canny_edges,fixed,0.4043,0.5957,7.0021438480370914,4043,10000
