registry_id,dataset,architecture,representation,execution,sparsity_percent,seed,protocol,training_count,training_status,evaluation_status,clean_accuracy,clean_error,mCE_raw,clean_count,corruption_cells,corruption_count,run_directory,checkpoint_sha256
mnist/vit_small/raw/dense/pNA/seed0,mnist,vit_small,raw,dense,,0,heldout_val,55000,completed,complete,0.9804,0.01959999999999995,0.30743333333333334,10000,15,150000,/ceph/sagnihot/projects/Lorena_Contrastive_Representation_Arch/sparse_contrast_benchmark/outputs/runs/heldout_val/mnist/vit_small/raw/dense/pNA/seed0/42fa94fb5eb264a9eff3ee94edc19b7ee9066cb8b6e9f69643357cf793c03b77,52306aa315b61214adc0492e5ddca016d0f88d5153a4c1d9d1f968dcea2d6fc3
mnist/vit_small/grayscale/compact/p0/seed0,mnist,vit_small,grayscale,compact,0,0,heldout_val,55000,completed,complete,0.9788,0.021199999999999997,0.4504,10000,15,150000,/ceph/sagnihot/projects/Lorena_Contrastive_Representation_Arch/sparse_contrast_benchmark/outputs/runs/heldout_val/mnist/vit_small/grayscale/compact/p0/seed0/fe99fdd90e9f57baf057296291a57138b7f2340fa78997382376eede1d3283e7,fff964d237c041dd6cf525032393e828daa3471098109e1324cae6a8c1a1377d
mnist/vit_small/grayscale/compact/p20/seed0,mnist,vit_small,grayscale,compact,20,0,heldout_val,55000,completed,missing,,,,0,0,0,/ceph/sagnihot/projects/Lorena_Contrastive_Representation_Arch/sparse_contrast_benchmark/outputs/runs/heldout_val/mnist/vit_small/grayscale/compact/p20/seed0/8e740169b7c2b13ca2a130fd5aa13ca4410f5b748debc12978e3a6b65fccaa12,8cd30011b23207affd4e67ede77cc9074fb27ee70f40517ddf50ef23808d3348
mnist/vit_small/grayscale/compact/p40/seed0,mnist,vit_small,grayscale,compact,40,0,heldout_val,55000,completed,complete,0.9788,0.021199999999999997,0.42911333333333335,10000,15,150000,/ceph/sagnihot/projects/Lorena_Contrastive_Representation_Arch/sparse_contrast_benchmark/outputs/runs/heldout_val/mnist/vit_small/grayscale/compact/p40/seed0/654c3121b409dac8bf3ed2158b8f36287ca1720da26041b934120f4ab78a624c,81967ffc042481e7f0b032bfce0fa1f8f02ff20b01c37defe627ebd30c80fc73
mnist/vit_small/grayscale/compact/p60/seed0,mnist,vit_small,grayscale,compact,60,0,heldout_val,55000,completed,missing,,,,0,0,0,/ceph/sagnihot/projects/Lorena_Contrastive_Representation_Arch/sparse_contrast_benchmark/outputs/runs/heldout_val/mnist/vit_small/grayscale/compact/p60/seed0/96d82db0763a1c10cc41048d9191d5a4e89c28a81f3fe55c8f88c9a54fbc7278,42f19d4ab899c62b63d2942e242eac2cbf5bb042ff2e52e44bf347fd87f28442
mnist/vit_small/grayscale/compact/p80/seed0,mnist,vit_small,grayscale,compact,80,0,heldout_val,55000,completed,missing,,,,0,0,0,/ceph/sagnihot/projects/Lorena_Contrastive_Representation_Arch/sparse_contrast_benchmark/outputs/runs/heldout_val/mnist/vit_small/grayscale/compact/p80/seed0/dcb438f0ba67c64fc6c3cf43d08c55cdc01eeaef3f8ac39304515af66a2d3b9c,5f6b425c39db9bc08b99ec0ca3c3a06480d2fbb47925949697204a35ef7f7262
mnist/vit_small/grayscale/dense/p0/seed0,mnist,vit_small,grayscale,dense,0,0,heldout_val,55000,completed,complete,0.9721,0.027900000000000036,0.37024666666666667,10000,15,150000,/ceph/sagnihot/projects/Lorena_Contrastive_Representation_Arch/sparse_contrast_benchmark/outputs/runs/heldout_val/mnist/vit_small/grayscale/dense/p0/seed0/1d803689edf942365635a0ed1919bf7de9913add6988bb75ad964f5161829524,cba4370eebfbc9dcd3ba070db85f82bbb65b0488c199d78f693ea1847e2de4b6
mnist/vit_small/raw/dense/pNA/seed1,mnist,vit_small,raw,dense,,1,heldout_val,55000,completed,missing,,,,0,0,0,/ceph/sagnihot/projects/Lorena_Contrastive_Representation_Arch/sparse_contrast_benchmark/outputs/runs/heldout_val/mnist/vit_small/raw/dense/pNA/seed1/b4c395e968d1c3912e4e62ee0bf6fd63decba80d8cd8285ee3890ac027930c77,064dcdee454ce0e6664a7f7a58a027ef7aaed2b5fcde35006f8ba74473ab2e51
mnist/vit_small/grayscale/compact/p0/seed1,mnist,vit_small,grayscale,compact,0,1,heldout_val,55000,completed,complete,0.9781,0.02190000000000003,0.43209333333333333,10000,15,150000,/ceph/sagnihot/projects/Lorena_Contrastive_Representation_Arch/sparse_contrast_benchmark/outputs/runs/heldout_val/mnist/vit_small/grayscale/compact/p0/seed1/2c16249182ef22b0be44689657616a2c1f6e257f9fca2be690aed2266eb9c742,392d251750281d920e88519ddd991203f0b850b8d8923ecb1731d7d6048b3382
mnist/vit_small/grayscale/compact/p20/seed1,mnist,vit_small,grayscale,compact,20,1,heldout_val,55000,completed,complete,0.9781,0.02190000000000003,0.42434000000000005,10000,15,150000,/ceph/sagnihot/projects/Lorena_Contrastive_Representation_Arch/sparse_contrast_benchmark/outputs/runs/heldout_val/mnist/vit_small/grayscale/compact/p20/seed1/8e05329ef63cbc1e1028552a859106e13a8db6f5e7231b3dc7b9252642c4df38,22dc8073f9f67cf7307299630c4e0c3b4d261670a1e617082d49a60f145aec35
mnist/vit_small/grayscale/compact/p40/seed1,mnist,vit_small,grayscale,compact,40,1,heldout_val,55000,completed,complete,0.9781,0.02190000000000003,0.41449333333333344,10000,15,150000,/ceph/sagnihot/projects/Lorena_Contrastive_Representation_Arch/sparse_contrast_benchmark/outputs/runs/heldout_val/mnist/vit_small/grayscale/compact/p40/seed1/a3ee055fbc11058ef3421f35f62512eaa6ce5c55c98dace20a89647d9c29c06f,8ccd045ffb8e2d59aa943bfa36dff250f5a1441e7c504e893955c90e35faf757
mnist/vit_small/grayscale/compact/p60/seed1,mnist,vit_small,grayscale,compact,60,1,heldout_val,55000,completed,missing,,,,0,0,0,/ceph/sagnihot/projects/Lorena_Contrastive_Representation_Arch/sparse_contrast_benchmark/outputs/runs/heldout_val/mnist/vit_small/grayscale/compact/p60/seed1/1c52ff4e7e76fc57622354a680012afc5ad42ac9fce9cec268523d2f578f4392,17e4a66b153ad0719ddf25afd4d1f721a6201104444231eaaca4e27fc1f2052e
mnist/vit_small/grayscale/compact/p80/seed1,mnist,vit_small,grayscale,compact,80,1,heldout_val,55000,completed,missing,,,,0,0,0,/ceph/sagnihot/projects/Lorena_Contrastive_Representation_Arch/sparse_contrast_benchmark/outputs/runs/heldout_val/mnist/vit_small/grayscale/compact/p80/seed1/cf4bf3e8530965e81e712ee282e7f65bea05a2cae17ae804e015809feb61afd2,34bdc8b859097240d246567a8b9433154436b375644222ee2b543a12fa681980
mnist/vit_small/grayscale/dense/p0/seed1,mnist,vit_small,grayscale,dense,0,1,heldout_val,55000,completed,missing,,,,0,0,0,/ceph/sagnihot/projects/Lorena_Contrastive_Representation_Arch/sparse_contrast_benchmark/outputs/runs/heldout_val/mnist/vit_small/grayscale/dense/p0/seed1/f2c5b20df3967660572519410ba7e64109948cee1eabd1372f0581ee0c2699cb,74f244e864cbb83e4670882265af616179d7b51016acb6ac8c318ade54c4c477
mnist/vit_small/raw/dense/pNA/seed2,mnist,vit_small,raw,dense,,2,heldout_val,55000,completed,missing,,,,0,0,0,/ceph/sagnihot/projects/Lorena_Contrastive_Representation_Arch/sparse_contrast_benchmark/outputs/runs/heldout_val/mnist/vit_small/raw/dense/pNA/seed2/7b37e10a721962ffd6f480e6fd09d959db407a22fe6d9b881268e3a0919594bc,0031113eabea567b27e8c7a32d1498d99041f122fbb6daa2918b96b5d8c9f59b
mnist/vit_small/grayscale/compact/p0/seed2,mnist,vit_small,grayscale,compact,0,2,heldout_val,55000,completed,missing,,,,0,0,0,/ceph/sagnihot/projects/Lorena_Contrastive_Representation_Arch/sparse_contrast_benchmark/outputs/runs/heldout_val/mnist/vit_small/grayscale/compact/p0/seed2/c3692f5bf2f7f3070d09fffe81ffb970ea73f10e014daf6d20d11530a3cd13d9,b904c47903043872f00ef1674ae2e687c23da21e999b114c4b00cc26dea1c284
mnist/vit_small/grayscale/compact/p20/seed2,mnist,vit_small,grayscale,compact,20,2,heldout_val,55000,completed,missing,,,,0,0,0,/ceph/sagnihot/projects/Lorena_Contrastive_Representation_Arch/sparse_contrast_benchmark/outputs/runs/heldout_val/mnist/vit_small/grayscale/compact/p20/seed2/01688e466e662d3ee76e84452553dd4e4a64ddde7667d158f275c9034d3d7a96,105c9ca5d946d29f8a054a54a373f6106006451f2e6117476b3bd5e0497d5008
mnist/vit_small/grayscale/compact/p40/seed2,mnist,vit_small,grayscale,compact,40,2,heldout_val,55000,completed,missing,,,,0,0,0,/ceph/sagnihot/projects/Lorena_Contrastive_Representation_Arch/sparse_contrast_benchmark/outputs/runs/heldout_val/mnist/vit_small/grayscale/compact/p40/seed2/a5415debc1d6db617004557d679a2369de9acec634fcc4c52e1976af114e10ab,abb712a0a0872fb7c77652b60c42cd0cfedb4f2976d516fc545b9dece2f4e531
mnist/vit_small/grayscale/compact/p60/seed2,mnist,vit_small,grayscale,compact,60,2,heldout_val,55000,completed,missing,,,,0,0,0,/ceph/sagnihot/projects/Lorena_Contrastive_Representation_Arch/sparse_contrast_benchmark/outputs/runs/heldout_val/mnist/vit_small/grayscale/compact/p60/seed2/dd4836816307c042d9ccaaccbd9040a3534575b7aeb3fb40884a43b2af65227e,85fd2e6e976fd044c8ae96f4d503822233b226459d8d854632385bb6de2a095d
mnist/vit_small/grayscale/compact/p80/seed2,mnist,vit_small,grayscale,compact,80,2,heldout_val,55000,completed,missing,,,,0,0,0,/ceph/sagnihot/projects/Lorena_Contrastive_Representation_Arch/sparse_contrast_benchmark/outputs/runs/heldout_val/mnist/vit_small/grayscale/compact/p80/seed2/4d6e5152e76b41a93b6d2867cf94053943fb6d3b50a79348547c27d1cbc684f9,377ae89dc27661df5986c7cad53a77f988a10177296754893b363b5c78dd57e8
mnist/vit_small/grayscale/dense/p0/seed2,mnist,vit_small,grayscale,dense,0,2,heldout_val,55000,completed,missing,,,,0,0,0,/ceph/sagnihot/projects/Lorena_Contrastive_Representation_Arch/sparse_contrast_benchmark/outputs/runs/heldout_val/mnist/vit_small/grayscale/dense/p0/seed2/439f14a59f36e07d392c1b6251f29665b32652efbaa976e9af3d734a04cc3d09,fd0ac5649f392621c8c67e7862897692f0b0a57ef2a0fe30aee3787b79717d61
mnist/swin_tiny/raw/dense/pNA/seed0,mnist,swin_tiny,raw,dense,,0,heldout_val,55000,completed,missing,,,,0,0,0,/ceph/sagnihot/projects/Lorena_Contrastive_Representation_Arch/sparse_contrast_benchmark/outputs/runs/heldout_val/mnist/swin_tiny/raw/dense/pNA/seed0/f109302c4c5b2e661e5ffa76808994b63a1b137da063538dc90b21d654fd9f7d,793fe5fe733d5a2b511a1c5609e3f13231f839345427e3b14353f61ac67a6fe6
mnist/swin_tiny/grayscale/compact/p0/seed0,mnist,swin_tiny,grayscale,compact,0,0,heldout_val,55000,running_or_interrupted,missing,,,,0,0,0,/ceph/sagnihot/projects/Lorena_Contrastive_Representation_Arch/sparse_contrast_benchmark/outputs/runs/heldout_val/mnist/swin_tiny/grayscale/compact/p0/seed0/4aa88208f8365bab7726705021d4d33cdb95f7a8d6581b9d73e7c2b183018202,
mnist/swin_tiny/grayscale/compact/p20/seed0,mnist,swin_tiny,grayscale,compact,20,0,heldout_val,55000,running_or_interrupted,missing,,,,0,0,0,/ceph/sagnihot/projects/Lorena_Contrastive_Representation_Arch/sparse_contrast_benchmark/outputs/runs/heldout_val/mnist/swin_tiny/grayscale/compact/p20/seed0/7e102f5442f72187b081eed0a362020389ecbb43293f45059e5b12bc8005778f,
mnist/swin_tiny/grayscale/compact/p40/seed0,mnist,swin_tiny,grayscale,compact,40,0,heldout_val,55000,running_or_interrupted,missing,,,,0,0,0,/ceph/sagnihot/projects/Lorena_Contrastive_Representation_Arch/sparse_contrast_benchmark/outputs/runs/heldout_val/mnist/swin_tiny/grayscale/compact/p40/seed0/53d16a20c1d4731a452fcd8a31cea3ecbcb2e55f4261de3c6ad6773d5762a0a5,
mnist/swin_tiny/grayscale/compact/p60/seed0,mnist,swin_tiny,grayscale,compact,60,0,heldout_val,55000,running_or_interrupted,missing,,,,0,0,0,/ceph/sagnihot/projects/Lorena_Contrastive_Representation_Arch/sparse_contrast_benchmark/outputs/runs/heldout_val/mnist/swin_tiny/grayscale/compact/p60/seed0/45bd6afc1c3cb50269b0798f3b35f1c565d95821d17c39786a1bdce38f0c4993,
mnist/swin_tiny/grayscale/compact/p80/seed0,mnist,swin_tiny,grayscale,compact,80,0,heldout_val,55000,running_or_interrupted,missing,,,,0,0,0,/ceph/sagnihot/projects/Lorena_Contrastive_Representation_Arch/sparse_contrast_benchmark/outputs/runs/heldout_val/mnist/swin_tiny/grayscale/compact/p80/seed0/d115fd0cc7cb701d92b6eb53e4b04d1b02ea9dc96c4f088b98e1d8d9be20e2f6,
mnist/swin_tiny/grayscale/dense/p0/seed0,mnist,swin_tiny,grayscale,dense,0,0,heldout_val,55000,completed,missing,,,,0,0,0,/ceph/sagnihot/projects/Lorena_Contrastive_Representation_Arch/sparse_contrast_benchmark/outputs/runs/heldout_val/mnist/swin_tiny/grayscale/dense/p0/seed0/160b8b1d2c464bb765b78d52cb29a6304d577af4a4ebda4b2febd22a6481c320,3f1906405b34f90d1b1ad62f2a433325d132124628bc2879f036f80e0cf9eda4
mnist/swin_tiny/raw/dense/pNA/seed1,mnist,swin_tiny,raw,dense,,1,heldout_val,55000,running_or_interrupted,missing,,,,0,0,0,/ceph/sagnihot/projects/Lorena_Contrastive_Representation_Arch/sparse_contrast_benchmark/outputs/runs/heldout_val/mnist/swin_tiny/raw/dense/pNA/seed1/ed55952555bf94c5801443f2af72cde6353209704ff812cacc19617ec565cdf7,
mnist/swin_tiny/grayscale/compact/p0/seed1,mnist,swin_tiny,grayscale,compact,0,1,heldout_val,55000,running_or_interrupted,missing,,,,0,0,0,/ceph/sagnihot/projects/Lorena_Contrastive_Representation_Arch/sparse_contrast_benchmark/outputs/runs/heldout_val/mnist/swin_tiny/grayscale/compact/p0/seed1/2a56a3bcf84a1975bc6017bea0924fa5b63425c7289310ffece9a1e5f649481f,
mnist/swin_tiny/grayscale/compact/p20/seed1,mnist,swin_tiny,grayscale,compact,20,1,heldout_val,55000,running_or_interrupted,missing,,,,0,0,0,/ceph/sagnihot/projects/Lorena_Contrastive_Representation_Arch/sparse_contrast_benchmark/outputs/runs/heldout_val/mnist/swin_tiny/grayscale/compact/p20/seed1/89ee854917039d9a551533b08b12afac15b51bc0d18e15aba62a77bc306c1306,
mnist/swin_tiny/grayscale/compact/p40/seed1,mnist,swin_tiny,grayscale,compact,40,1,heldout_val,55000,running_or_interrupted,missing,,,,0,0,0,/ceph/sagnihot/projects/Lorena_Contrastive_Representation_Arch/sparse_contrast_benchmark/outputs/runs/heldout_val/mnist/swin_tiny/grayscale/compact/p40/seed1/d2dd2799019c5dff000c03ea6e8357c0fee55e66946b57ddef664850bbfbcb18,
mnist/swin_tiny/grayscale/compact/p60/seed1,mnist,swin_tiny,grayscale,compact,60,1,heldout_val,55000,running_or_interrupted,missing,,,,0,0,0,/ceph/sagnihot/projects/Lorena_Contrastive_Representation_Arch/sparse_contrast_benchmark/outputs/runs/heldout_val/mnist/swin_tiny/grayscale/compact/p60/seed1/d1a52a5ae997f090aea70a8335bda893bc329bf56eaa95846349a896f94af5f3,
mnist/swin_tiny/grayscale/compact/p80/seed1,mnist,swin_tiny,grayscale,compact,80,1,heldout_val,55000,running_or_interrupted,missing,,,,0,0,0,/ceph/sagnihot/projects/Lorena_Contrastive_Representation_Arch/sparse_contrast_benchmark/outputs/runs/heldout_val/mnist/swin_tiny/grayscale/compact/p80/seed1/61a540babe1f652996217042a2bf2e30b787eae8fb04ae8f363f992e63bf5dc4,
mnist/swin_tiny/grayscale/dense/p0/seed1,mnist,swin_tiny,grayscale,dense,0,1,heldout_val,55000,completed,missing,,,,0,0,0,/ceph/sagnihot/projects/Lorena_Contrastive_Representation_Arch/sparse_contrast_benchmark/outputs/runs/heldout_val/mnist/swin_tiny/grayscale/dense/p0/seed1/d210dda5c0371469a37225a156fd2e884cbb25495bdd9cc317774e401a2348c3,4e9e7e3360be5baa3ca699c5d7b9d216b95c4c31b4196dc56c20c04ac8a4f352
mnist/swin_tiny/raw/dense/pNA/seed2,mnist,swin_tiny,raw,dense,,2,heldout_val,55000,completed,missing,,,,0,0,0,/ceph/sagnihot/projects/Lorena_Contrastive_Representation_Arch/sparse_contrast_benchmark/outputs/runs/heldout_val/mnist/swin_tiny/raw/dense/pNA/seed2/927eb3e4ab46cd905eff297bb9ca547287c975e4908721757827ce11566fe83e,d001e2f953410c3983813c250c53b79e344ba189ef7874ffab2ea6492b61ae63
mnist/swin_tiny/grayscale/compact/p0/seed2,mnist,swin_tiny,grayscale,compact,0,2,heldout_val,55000,running_or_interrupted,missing,,,,0,0,0,/ceph/sagnihot/projects/Lorena_Contrastive_Representation_Arch/sparse_contrast_benchmark/outputs/runs/heldout_val/mnist/swin_tiny/grayscale/compact/p0/seed2/ec90c180449ffb18f88e33bcfe33402a44329fcaec144af9986c067d918c4ef6,
mnist/swin_tiny/grayscale/compact/p20/seed2,mnist,swin_tiny,grayscale,compact,20,2,heldout_val,55000,running_or_interrupted,missing,,,,0,0,0,/ceph/sagnihot/projects/Lorena_Contrastive_Representation_Arch/sparse_contrast_benchmark/outputs/runs/heldout_val/mnist/swin_tiny/grayscale/compact/p20/seed2/94549fa8e7e35bcc48e7cb2bcd3eeabe5da6a0f9491a521a03bc675944ed6ee9,
mnist/swin_tiny/grayscale/compact/p40/seed2,mnist,swin_tiny,grayscale,compact,40,2,heldout_val,55000,running_or_interrupted,missing,,,,0,0,0,/ceph/sagnihot/projects/Lorena_Contrastive_Representation_Arch/sparse_contrast_benchmark/outputs/runs/heldout_val/mnist/swin_tiny/grayscale/compact/p40/seed2/10826b83c6efd1eea9afbe7757006a211df47673327a9bcd5e5fa9f5fdd20a99,
mnist/swin_tiny/grayscale/compact/p60/seed2,mnist,swin_tiny,grayscale,compact,60,2,heldout_val,55000,running_or_interrupted,missing,,,,0,0,0,/ceph/sagnihot/projects/Lorena_Contrastive_Representation_Arch/sparse_contrast_benchmark/outputs/runs/heldout_val/mnist/swin_tiny/grayscale/compact/p60/seed2/4c2be868f7e5209618d2ac39708286ceeab49d3fc334972d3491233b8378f52c,
mnist/swin_tiny/grayscale/compact/p80/seed2,mnist,swin_tiny,grayscale,compact,80,2,heldout_val,55000,running_or_interrupted,missing,,,,0,0,0,/ceph/sagnihot/projects/Lorena_Contrastive_Representation_Arch/sparse_contrast_benchmark/outputs/runs/heldout_val/mnist/swin_tiny/grayscale/compact/p80/seed2/91850fbe3da194c22e0056563f552db536ff13b08b881c6d4d78986b5753eb79,
mnist/swin_tiny/grayscale/dense/p0/seed2,mnist,swin_tiny,grayscale,dense,0,2,heldout_val,55000,running_or_interrupted,missing,,,,0,0,0,/ceph/sagnihot/projects/Lorena_Contrastive_Representation_Arch/sparse_contrast_benchmark/outputs/runs/heldout_val/mnist/swin_tiny/grayscale/dense/p0/seed2/9aae4ee8b268e4a3bc76230513fa0b76ca98efbed445f63b1e8c682084fc60b5,
cifar10/vit_small/raw/dense/pNA/seed0,cifar10,vit_small,raw,dense,,0,heldout_val,45000,planned,missing,,,,0,0,0,,
cifar10/vit_small/single_color/compact/p0/seed0,cifar10,vit_small,single_color,compact,0,0,heldout_val,45000,planned,missing,,,,0,0,0,,
cifar10/vit_small/single_color/compact/p20/seed0,cifar10,vit_small,single_color,compact,20,0,heldout_val,45000,running_or_interrupted,missing,,,,0,0,0,/ceph/sagnihot/projects/Lorena_Contrastive_Representation_Arch/sparse_contrast_benchmark/outputs/runs/heldout_val/cifar10/vit_small/single_color/compact/p20/seed0/89766a0b2a438b2b759751d9c5681599b067c44cc875d1f32f00643605c3084d,
cifar10/vit_small/single_color/compact/p40/seed0,cifar10,vit_small,single_color,compact,40,0,heldout_val,45000,planned,missing,,,,0,0,0,,
cifar10/vit_small/single_color/compact/p60/seed0,cifar10,vit_small,single_color,compact,60,0,heldout_val,45000,planned,missing,,,,0,0,0,,
cifar10/vit_small/single_color/compact/p80/seed0,cifar10,vit_small,single_color,compact,80,0,heldout_val,45000,planned,missing,,,,0,0,0,,
cifar10/vit_small/grayscale/compact/p0/seed0,cifar10,vit_small,grayscale,compact,0,0,heldout_val,45000,planned,missing,,,,0,0,0,,
cifar10/vit_small/grayscale/compact/p20/seed0,cifar10,vit_small,grayscale,compact,20,0,heldout_val,45000,planned,missing,,,,0,0,0,,
cifar10/vit_small/grayscale/compact/p40/seed0,cifar10,vit_small,grayscale,compact,40,0,heldout_val,45000,planned,missing,,,,0,0,0,,
cifar10/vit_small/grayscale/compact/p60/seed0,cifar10,vit_small,grayscale,compact,60,0,heldout_val,45000,planned,missing,,,,0,0,0,,
cifar10/vit_small/grayscale/compact/p80/seed0,cifar10,vit_small,grayscale,compact,80,0,heldout_val,45000,planned,missing,,,,0,0,0,,
cifar10/vit_small/color_opponency/compact/p0/seed0,cifar10,vit_small,color_opponency,compact,0,0,heldout_val,45000,planned,missing,,,,0,0,0,,
cifar10/vit_small/color_opponency/compact/p20/seed0,cifar10,vit_small,color_opponency,compact,20,0,heldout_val,45000,planned,missing,,,,0,0,0,,
cifar10/vit_small/color_opponency/compact/p40/seed0,cifar10,vit_small,color_opponency,compact,40,0,heldout_val,45000,planned,missing,,,,0,0,0,,
cifar10/vit_small/color_opponency/compact/p60/seed0,cifar10,vit_small,color_opponency,compact,60,0,heldout_val,45000,running_or_interrupted,missing,,,,0,0,0,/ceph/sagnihot/projects/Lorena_Contrastive_Representation_Arch/sparse_contrast_benchmark/outputs/runs/heldout_val/cifar10/vit_small/color_opponency/compact/p60/seed0/70fa4812b7784ca6a3d4dd0c868679bdab32af98ce94593c981d4dd2018cabde,
cifar10/vit_small/color_opponency/compact/p80/seed0,cifar10,vit_small,color_opponency,compact,80,0,heldout_val,45000,planned,missing,,,,0,0,0,,
cifar10/vit_small/single_color/dense/p0/seed0,cifar10,vit_small,single_color,dense,0,0,heldout_val,45000,planned,missing,,,,0,0,0,,
cifar10/vit_small/grayscale/dense/p0/seed0,cifar10,vit_small,grayscale,dense,0,0,heldout_val,45000,running_or_interrupted,missing,,,,0,0,0,/ceph/sagnihot/projects/Lorena_Contrastive_Representation_Arch/sparse_contrast_benchmark/outputs/runs/heldout_val/cifar10/vit_small/grayscale/dense/p0/seed0/71b422d4f298cc6ebf62d61bc61b01d873666ca0a8dadf1eb70555f0a52682b4,
cifar10/vit_small/color_opponency/dense/p0/seed0,cifar10,vit_small,color_opponency,dense,0,0,heldout_val,45000,planned,missing,,,,0,0,0,,
cifar10/vit_small/raw/dense/pNA/seed1,cifar10,vit_small,raw,dense,,1,heldout_val,45000,planned,missing,,,,0,0,0,,
cifar10/vit_small/single_color/compact/p0/seed1,cifar10,vit_small,single_color,compact,0,1,heldout_val,45000,planned,missing,,,,0,0,0,,
cifar10/vit_small/single_color/compact/p20/seed1,cifar10,vit_small,single_color,compact,20,1,heldout_val,45000,planned,missing,,,,0,0,0,,
cifar10/vit_small/single_color/compact/p40/seed1,cifar10,vit_small,single_color,compact,40,1,heldout_val,45000,planned,missing,,,,0,0,0,,
cifar10/vit_small/single_color/compact/p60/seed1,cifar10,vit_small,single_color,compact,60,1,heldout_val,45000,planned,missing,,,,0,0,0,,
cifar10/vit_small/single_color/compact/p80/seed1,cifar10,vit_small,single_color,compact,80,1,heldout_val,45000,planned,missing,,,,0,0,0,,
cifar10/vit_small/grayscale/compact/p0/seed1,cifar10,vit_small,grayscale,compact,0,1,heldout_val,45000,running_or_interrupted,missing,,,,0,0,0,/ceph/sagnihot/projects/Lorena_Contrastive_Representation_Arch/sparse_contrast_benchmark/outputs/runs/heldout_val/cifar10/vit_small/grayscale/compact/p0/seed1/f9e16206ba4b8466a336011d28ddee078ce941a9c67ea2fad3f9407abf55c378,
cifar10/vit_small/grayscale/compact/p20/seed1,cifar10,vit_small,grayscale,compact,20,1,heldout_val,45000,planned,missing,,,,0,0,0,,
cifar10/vit_small/grayscale/compact/p40/seed1,cifar10,vit_small,grayscale,compact,40,1,heldout_val,45000,planned,missing,,,,0,0,0,,
cifar10/vit_small/grayscale/compact/p60/seed1,cifar10,vit_small,grayscale,compact,60,1,heldout_val,45000,planned,missing,,,,0,0,0,,
cifar10/vit_small/grayscale/compact/p80/seed1,cifar10,vit_small,grayscale,compact,80,1,heldout_val,45000,running_or_interrupted,missing,,,,0,0,0,/ceph/sagnihot/projects/Lorena_Contrastive_Representation_Arch/sparse_contrast_benchmark/outputs/runs/heldout_val/cifar10/vit_small/grayscale/compact/p80/seed1/4127946730e92a6aca86036de5e4a1e5cf0170c6176e8303a38ad18ac0d29763,
cifar10/vit_small/color_opponency/compact/p0/seed1,cifar10,vit_small,color_opponency,compact,0,1,heldout_val,45000,planned,missing,,,,0,0,0,,
cifar10/vit_small/color_opponency/compact/p20/seed1,cifar10,vit_small,color_opponency,compact,20,1,heldout_val,45000,planned,missing,,,,0,0,0,,
cifar10/vit_small/color_opponency/compact/p40/seed1,cifar10,vit_small,color_opponency,compact,40,1,heldout_val,45000,planned,missing,,,,0,0,0,,
cifar10/vit_small/color_opponency/compact/p60/seed1,cifar10,vit_small,color_opponency,compact,60,1,heldout_val,45000,planned,missing,,,,0,0,0,,
cifar10/vit_small/color_opponency/compact/p80/seed1,cifar10,vit_small,color_opponency,compact,80,1,heldout_val,45000,running_or_interrupted,missing,,,,0,0,0,/ceph/sagnihot/projects/Lorena_Contrastive_Representation_Arch/sparse_contrast_benchmark/outputs/runs/heldout_val/cifar10/vit_small/color_opponency/compact/p80/seed1/1e0a3634ebef23e8df23b56b3aa68bf09b60ff356b2f0e3f2adad9b214882799,
cifar10/vit_small/single_color/dense/p0/seed1,cifar10,vit_small,single_color,dense,0,1,heldout_val,45000,planned,missing,,,,0,0,0,,
cifar10/vit_small/grayscale/dense/p0/seed1,cifar10,vit_small,grayscale,dense,0,1,heldout_val,45000,planned,missing,,,,0,0,0,,
cifar10/vit_small/color_opponency/dense/p0/seed1,cifar10,vit_small,color_opponency,dense,0,1,heldout_val,45000,planned,missing,,,,0,0,0,,
cifar10/vit_small/raw/dense/pNA/seed2,cifar10,vit_small,raw,dense,,2,heldout_val,45000,planned,missing,,,,0,0,0,,
cifar10/vit_small/single_color/compact/p0/seed2,cifar10,vit_small,single_color,compact,0,2,heldout_val,45000,planned,missing,,,,0,0,0,,
cifar10/vit_small/single_color/compact/p20/seed2,cifar10,vit_small,single_color,compact,20,2,heldout_val,45000,planned,missing,,,,0,0,0,,
cifar10/vit_small/single_color/compact/p40/seed2,cifar10,vit_small,single_color,compact,40,2,heldout_val,45000,planned,missing,,,,0,0,0,,
cifar10/vit_small/single_color/compact/p60/seed2,cifar10,vit_small,single_color,compact,60,2,heldout_val,45000,planned,missing,,,,0,0,0,,
cifar10/vit_small/single_color/compact/p80/seed2,cifar10,vit_small,single_color,compact,80,2,heldout_val,45000,planned,missing,,,,0,0,0,,
cifar10/vit_small/grayscale/compact/p0/seed2,cifar10,vit_small,grayscale,compact,0,2,heldout_val,45000,planned,missing,,,,0,0,0,,
cifar10/vit_small/grayscale/compact/p20/seed2,cifar10,vit_small,grayscale,compact,20,2,heldout_val,45000,planned,missing,,,,0,0,0,,
cifar10/vit_small/grayscale/compact/p40/seed2,cifar10,vit_small,grayscale,compact,40,2,heldout_val,45000,planned,missing,,,,0,0,0,,
cifar10/vit_small/grayscale/compact/p60/seed2,cifar10,vit_small,grayscale,compact,60,2,heldout_val,45000,planned,missing,,,,0,0,0,,
cifar10/vit_small/grayscale/compact/p80/seed2,cifar10,vit_small,grayscale,compact,80,2,heldout_val,45000,planned,missing,,,,0,0,0,,
cifar10/vit_small/color_opponency/compact/p0/seed2,cifar10,vit_small,color_opponency,compact,0,2,heldout_val,45000,planned,missing,,,,0,0,0,,
cifar10/vit_small/color_opponency/compact/p20/seed2,cifar10,vit_small,color_opponency,compact,20,2,heldout_val,45000,planned,missing,,,,0,0,0,,
cifar10/vit_small/color_opponency/compact/p40/seed2,cifar10,vit_small,color_opponency,compact,40,2,heldout_val,45000,planned,missing,,,,0,0,0,,
cifar10/vit_small/color_opponency/compact/p60/seed2,cifar10,vit_small,color_opponency,compact,60,2,heldout_val,45000,planned,missing,,,,0,0,0,,
cifar10/vit_small/color_opponency/compact/p80/seed2,cifar10,vit_small,color_opponency,compact,80,2,heldout_val,45000,planned,missing,,,,0,0,0,,
cifar10/vit_small/single_color/dense/p0/seed2,cifar10,vit_small,single_color,dense,0,2,heldout_val,45000,planned,missing,,,,0,0,0,,
cifar10/vit_small/grayscale/dense/p0/seed2,cifar10,vit_small,grayscale,dense,0,2,heldout_val,45000,planned,missing,,,,0,0,0,,
cifar10/vit_small/color_opponency/dense/p0/seed2,cifar10,vit_small,color_opponency,dense,0,2,heldout_val,45000,planned,missing,,,,0,0,0,,
cifar10/swin_tiny/raw/dense/pNA/seed0,cifar10,swin_tiny,raw,dense,,0,heldout_val,45000,planned,missing,,,,0,0,0,,
cifar10/swin_tiny/single_color/compact/p0/seed0,cifar10,swin_tiny,single_color,compact,0,0,heldout_val,45000,planned,missing,,,,0,0,0,,
cifar10/swin_tiny/single_color/compact/p20/seed0,cifar10,swin_tiny,single_color,compact,20,0,heldout_val,45000,planned,missing,,,,0,0,0,,
cifar10/swin_tiny/single_color/compact/p40/seed0,cifar10,swin_tiny,single_color,compact,40,0,heldout_val,45000,planned,missing,,,,0,0,0,,
cifar10/swin_tiny/single_color/compact/p60/seed0,cifar10,swin_tiny,single_color,compact,60,0,heldout_val,45000,planned,missing,,,,0,0,0,,
cifar10/swin_tiny/single_color/compact/p80/seed0,cifar10,swin_tiny,single_color,compact,80,0,heldout_val,45000,planned,missing,,,,0,0,0,,
cifar10/swin_tiny/grayscale/compact/p0/seed0,cifar10,swin_tiny,grayscale,compact,0,0,heldout_val,45000,planned,missing,,,,0,0,0,,
cifar10/swin_tiny/grayscale/compact/p20/seed0,cifar10,swin_tiny,grayscale,compact,20,0,heldout_val,45000,planned,missing,,,,0,0,0,,
cifar10/swin_tiny/grayscale/compact/p40/seed0,cifar10,swin_tiny,grayscale,compact,40,0,heldout_val,45000,planned,missing,,,,0,0,0,,
cifar10/swin_tiny/grayscale/compact/p60/seed0,cifar10,swin_tiny,grayscale,compact,60,0,heldout_val,45000,planned,missing,,,,0,0,0,,
cifar10/swin_tiny/grayscale/compact/p80/seed0,cifar10,swin_tiny,grayscale,compact,80,0,heldout_val,45000,planned,missing,,,,0,0,0,,
cifar10/swin_tiny/color_opponency/compact/p0/seed0,cifar10,swin_tiny,color_opponency,compact,0,0,heldout_val,45000,planned,missing,,,,0,0,0,,
cifar10/swin_tiny/color_opponency/compact/p20/seed0,cifar10,swin_tiny,color_opponency,compact,20,0,heldout_val,45000,planned,missing,,,,0,0,0,,
cifar10/swin_tiny/color_opponency/compact/p40/seed0,cifar10,swin_tiny,color_opponency,compact,40,0,heldout_val,45000,planned,missing,,,,0,0,0,,
cifar10/swin_tiny/color_opponency/compact/p60/seed0,cifar10,swin_tiny,color_opponency,compact,60,0,heldout_val,45000,planned,missing,,,,0,0,0,,
cifar10/swin_tiny/color_opponency/compact/p80/seed0,cifar10,swin_tiny,color_opponency,compact,80,0,heldout_val,45000,planned,missing,,,,0,0,0,,
cifar10/swin_tiny/single_color/dense/p0/seed0,cifar10,swin_tiny,single_color,dense,0,0,heldout_val,45000,planned,missing,,,,0,0,0,,
cifar10/swin_tiny/grayscale/dense/p0/seed0,cifar10,swin_tiny,grayscale,dense,0,0,heldout_val,45000,planned,missing,,,,0,0,0,,
cifar10/swin_tiny/color_opponency/dense/p0/seed0,cifar10,swin_tiny,color_opponency,dense,0,0,heldout_val,45000,planned,missing,,,,0,0,0,,
cifar10/swin_tiny/raw/dense/pNA/seed1,cifar10,swin_tiny,raw,dense,,1,heldout_val,45000,planned,missing,,,,0,0,0,,
cifar10/swin_tiny/single_color/compact/p0/seed1,cifar10,swin_tiny,single_color,compact,0,1,heldout_val,45000,planned,missing,,,,0,0,0,,
cifar10/swin_tiny/single_color/compact/p20/seed1,cifar10,swin_tiny,single_color,compact,20,1,heldout_val,45000,planned,missing,,,,0,0,0,,
cifar10/swin_tiny/single_color/compact/p40/seed1,cifar10,swin_tiny,single_color,compact,40,1,heldout_val,45000,planned,missing,,,,0,0,0,,
cifar10/swin_tiny/single_color/compact/p60/seed1,cifar10,swin_tiny,single_color,compact,60,1,heldout_val,45000,planned,missing,,,,0,0,0,,
cifar10/swin_tiny/single_color/compact/p80/seed1,cifar10,swin_tiny,single_color,compact,80,1,heldout_val,45000,planned,missing,,,,0,0,0,,
cifar10/swin_tiny/grayscale/compact/p0/seed1,cifar10,swin_tiny,grayscale,compact,0,1,heldout_val,45000,planned,missing,,,,0,0,0,,
cifar10/swin_tiny/grayscale/compact/p20/seed1,cifar10,swin_tiny,grayscale,compact,20,1,heldout_val,45000,planned,missing,,,,0,0,0,,
cifar10/swin_tiny/grayscale/compact/p40/seed1,cifar10,swin_tiny,grayscale,compact,40,1,heldout_val,45000,planned,missing,,,,0,0,0,,
cifar10/swin_tiny/grayscale/compact/p60/seed1,cifar10,swin_tiny,grayscale,compact,60,1,heldout_val,45000,planned,missing,,,,0,0,0,,
cifar10/swin_tiny/grayscale/compact/p80/seed1,cifar10,swin_tiny,grayscale,compact,80,1,heldout_val,45000,planned,missing,,,,0,0,0,,
cifar10/swin_tiny/color_opponency/compact/p0/seed1,cifar10,swin_tiny,color_opponency,compact,0,1,heldout_val,45000,planned,missing,,,,0,0,0,,
cifar10/swin_tiny/color_opponency/compact/p20/seed1,cifar10,swin_tiny,color_opponency,compact,20,1,heldout_val,45000,planned,missing,,,,0,0,0,,
cifar10/swin_tiny/color_opponency/compact/p40/seed1,cifar10,swin_tiny,color_opponency,compact,40,1,heldout_val,45000,planned,missing,,,,0,0,0,,
cifar10/swin_tiny/color_opponency/compact/p60/seed1,cifar10,swin_tiny,color_opponency,compact,60,1,heldout_val,45000,planned,missing,,,,0,0,0,,
cifar10/swin_tiny/color_opponency/compact/p80/seed1,cifar10,swin_tiny,color_opponency,compact,80,1,heldout_val,45000,planned,missing,,,,0,0,0,,
cifar10/swin_tiny/single_color/dense/p0/seed1,cifar10,swin_tiny,single_color,dense,0,1,heldout_val,45000,planned,missing,,,,0,0,0,,
cifar10/swin_tiny/grayscale/dense/p0/seed1,cifar10,swin_tiny,grayscale,dense,0,1,heldout_val,45000,planned,missing,,,,0,0,0,,
cifar10/swin_tiny/color_opponency/dense/p0/seed1,cifar10,swin_tiny,color_opponency,dense,0,1,heldout_val,45000,planned,missing,,,,0,0,0,,
cifar10/swin_tiny/raw/dense/pNA/seed2,cifar10,swin_tiny,raw,dense,,2,heldout_val,45000,planned,missing,,,,0,0,0,,
cifar10/swin_tiny/single_color/compact/p0/seed2,cifar10,swin_tiny,single_color,compact,0,2,heldout_val,45000,planned,missing,,,,0,0,0,,
cifar10/swin_tiny/single_color/compact/p20/seed2,cifar10,swin_tiny,single_color,compact,20,2,heldout_val,45000,planned,missing,,,,0,0,0,,
cifar10/swin_tiny/single_color/compact/p40/seed2,cifar10,swin_tiny,single_color,compact,40,2,heldout_val,45000,planned,missing,,,,0,0,0,,
cifar10/swin_tiny/single_color/compact/p60/seed2,cifar10,swin_tiny,single_color,compact,60,2,heldout_val,45000,planned,missing,,,,0,0,0,,
cifar10/swin_tiny/single_color/compact/p80/seed2,cifar10,swin_tiny,single_color,compact,80,2,heldout_val,45000,planned,missing,,,,0,0,0,,
cifar10/swin_tiny/grayscale/compact/p0/seed2,cifar10,swin_tiny,grayscale,compact,0,2,heldout_val,45000,planned,missing,,,,0,0,0,,
cifar10/swin_tiny/grayscale/compact/p20/seed2,cifar10,swin_tiny,grayscale,compact,20,2,heldout_val,45000,planned,missing,,,,0,0,0,,
cifar10/swin_tiny/grayscale/compact/p40/seed2,cifar10,swin_tiny,grayscale,compact,40,2,heldout_val,45000,planned,missing,,,,0,0,0,,
cifar10/swin_tiny/grayscale/compact/p60/seed2,cifar10,swin_tiny,grayscale,compact,60,2,heldout_val,45000,planned,missing,,,,0,0,0,,
cifar10/swin_tiny/grayscale/compact/p80/seed2,cifar10,swin_tiny,grayscale,compact,80,2,heldout_val,45000,planned,missing,,,,0,0,0,,
cifar10/swin_tiny/color_opponency/compact/p0/seed2,cifar10,swin_tiny,color_opponency,compact,0,2,heldout_val,45000,planned,missing,,,,0,0,0,,
cifar10/swin_tiny/color_opponency/compact/p20/seed2,cifar10,swin_tiny,color_opponency,compact,20,2,heldout_val,45000,planned,missing,,,,0,0,0,,
cifar10/swin_tiny/color_opponency/compact/p40/seed2,cifar10,swin_tiny,color_opponency,compact,40,2,heldout_val,45000,planned,missing,,,,0,0,0,,
cifar10/swin_tiny/color_opponency/compact/p60/seed2,cifar10,swin_tiny,color_opponency,compact,60,2,heldout_val,45000,planned,missing,,,,0,0,0,,
cifar10/swin_tiny/color_opponency/compact/p80/seed2,cifar10,swin_tiny,color_opponency,compact,80,2,heldout_val,45000,planned,missing,,,,0,0,0,,
cifar10/swin_tiny/single_color/dense/p0/seed2,cifar10,swin_tiny,single_color,dense,0,2,heldout_val,45000,planned,missing,,,,0,0,0,,
cifar10/swin_tiny/grayscale/dense/p0/seed2,cifar10,swin_tiny,grayscale,dense,0,2,heldout_val,45000,planned,missing,,,,0,0,0,,
cifar10/swin_tiny/color_opponency/dense/p0/seed2,cifar10,swin_tiny,color_opponency,dense,0,2,heldout_val,45000,planned,missing,,,,0,0,0,,
