dataset,architecture,representation,execution,sparsity_percent,seed,batch_size,matched_uninstrumented_wall_ms,profiled_call_wall_ms,profiling_overhead_ratio,cudaLaunchKernel_count,aten_nonzero_count,cudaStreamSynchronize_count,transformer_blocks_CPU_inclusive_ms,swin_attention_CPU_inclusive_ms,swin_window_group_CPU_inclusive_ms,source_profile
mnist,vit_small,raw,dense,,0,1,10.049172,18.356959,1.8267135839649276,389,0,0,16.174765999999995,0,0,selected_profiles/mnist/vit_small/raw/batch1/profile.json
mnist,vit_small,raw,dense,,0,8,10.597363,20.454496,1.930149604198705,449,0,0,17.941116,0,0,selected_profiles/mnist/vit_small/raw/batch8/profile.json
mnist,vit_small,grayscale,compact,60,0,1,10.764447,21.021004,1.9528178270560486,450,1,2,16.779862,0,0,selected_profiles/mnist/vit_small/grayscale_compact60/batch1/profile.json
mnist,vit_small,grayscale,compact,60,0,8,11.364598,22.252738,1.958075243840565,510,1,2,17.91366,0,0,selected_profiles/mnist/vit_small/grayscale_compact60/batch8/profile.json
mnist,swin_tiny,raw,dense,,0,1,17.835529,37.444514,2.099433888392096,1059,0,0,33.396271999999996,17.627456,5.0388769999999985,selected_profiles/mnist/swin_tiny/raw/batch1/profile.json
mnist,swin_tiny,raw,dense,,0,8,18.362491,39.053562,2.1268117707995065,1119,0,0,34.846246,18.468619999999994,5.137084999999995,selected_profiles/mnist/swin_tiny/raw/batch8/profile.json
mnist,swin_tiny,grayscale,compact,60,0,1,24.782214,50.346457,2.031556058712107,1829,28,105,43.25989199999999,23.937063999999996,8.742916999999998,selected_profiles/mnist/swin_tiny/grayscale_compact60/batch1/profile.json
mnist,swin_tiny,grayscale,compact,60,0,8,63.066753,130.544007,2.0699338524689863,5101,88,165,123.07968899999999,104.02637999999999,8.42521700000002,selected_profiles/mnist/swin_tiny/grayscale_compact60/batch8/profile.json
cifar10,vit_small,raw,dense,,0,1,10.09432,18.674374,1.84998831025765,377,0,0,16.450764000000003,0,0,selected_profiles/cifar10/vit_small/raw/batch1/profile.json
cifar10,vit_small,raw,dense,,0,8,11.556414,19.983061,1.7291748980263253,449,0,0,17.705388999999997,0,0,selected_profiles/cifar10/vit_small/raw/batch8/profile.json
cifar10,vit_small,grayscale,compact,60,0,1,10.827628,21.441538,1.980261789562774,448,1,2,16.697388999999998,0,0,selected_profiles/cifar10/vit_small/grayscale_compact60/batch1/profile.json
cifar10,vit_small,grayscale,compact,60,0,8,11.462569,22.618051,1.9732095832967287,508,1,2,18.083441,0,0,selected_profiles/cifar10/vit_small/grayscale_compact60/batch8/profile.json
cifar10,swin_tiny,raw,dense,,0,1,18.255912,37.542041,2.056431965710615,1069,0,0,33.475894999999994,17.476233,5.043981000000002,selected_profiles/cifar10/swin_tiny/raw/batch1/profile.json
cifar10,swin_tiny,raw,dense,,0,8,18.744053,38.463932,2.052060565556446,1115,0,0,34.440294,18.404346000000004,5.0633830000000035,selected_profiles/cifar10/swin_tiny/raw/batch8/profile.json
cifar10,swin_tiny,grayscale,compact,60,0,1,36.37612,73.759168,2.0276810171068274,2814,46,123,66.52459400000001,47.60777700000001,8.384601000000005,selected_profiles/cifar10/swin_tiny/grayscale_compact60/batch1/profile.json
cifar10,swin_tiny,grayscale,compact,60,0,8,47.204872,95.368905,2.0203191102816676,3758,61,138,88.18175299999997,69.08518099999999,8.40576999999999,selected_profiles/cifar10/swin_tiny/grayscale_compact60/batch8/profile.json
