dataset,architecture,representation,seed,config_hash,epoch,epochs_requested,batch_size,learning_rate,train_online_accuracy,train_online_loss,validation_accuracy,validation_loss,optimizer_step,source_epochs_path,source_epochs_sha256
mnist,swin_tiny,raw,0,2862442744248fb27f135fca8176a4329e4389cf2b7a4b85035896938cfee3d1,49,50,1024,0.000848528137423857,0.9998545454545454,0.0007358728008852763,0.9902,0.04565833740234375,2700,sparse_contrast_benchmark_large_batch/outputs/runs/heldout_val/mnist/swin_tiny/raw/dense/pNA/seed0/2862442744248fb27f135fca8176a4329e4389cf2b7a4b85035896938cfee3d1/epochs.jsonl,772ca7672f2c9ebfa3ce21c7ddc251911ca67abd4c72da6b58f0e17b3b5c8fc6
mnist,swin_tiny,grayscale,2,66bebac0c35f6a24ab82ec9aac3cabe1b8462f211a4d36a55e13712bd5bc6108,49,50,1024,0.000848528137423857,0.9999090909090909,0.0005517832710704004,0.9894,0.05406959762573242,2700,sparse_contrast_benchmark_large_batch/outputs/runs/heldout_val/mnist/swin_tiny/grayscale/compact/p60/seed2/66bebac0c35f6a24ab82ec9aac3cabe1b8462f211a4d36a55e13712bd5bc6108/epochs.jsonl,1b79c670fb2919d8a91d2dc4645c19611446a5aae0708f5f41d17340f74f5186
mnist,swin_tiny,raw,2,427b62eb15ab92cd151c4ecfeaec6ca4bd2a25585462fc549ffe8023437c74e7,49,50,1024,0.000848528137423857,0.9999272727272728,0.0006504490653814918,0.992,0.03984647941589355,2700,sparse_contrast_benchmark_large_batch/outputs/runs/heldout_val/mnist/swin_tiny/raw/dense/pNA/seed2/427b62eb15ab92cd151c4ecfeaec6ca4bd2a25585462fc549ffe8023437c74e7/epochs.jsonl,c2a558cc557b76a3acbe8547e6ad1716d9941fc624013f09cded28e885b63c6a
mnist,swin_tiny,raw,1,dd2cf2d226b36e5fad41f47fc00c9371fc35dbe4fac6f7d4f7fb27fb2ad731be,49,50,1024,0.000848528137423857,0.9999272727272728,0.0006257147799076682,0.9914,0.04270304222106933,2700,sparse_contrast_benchmark_large_batch/outputs/runs/heldout_val/mnist/swin_tiny/raw/dense/pNA/seed1/dd2cf2d226b36e5fad41f47fc00c9371fc35dbe4fac6f7d4f7fb27fb2ad731be/epochs.jsonl,80ba44524e91e3364e013da701af3b02d533818ed8a4735a1646f118a77792d3
mnist,swin_tiny,grayscale,0,e0967f92f2a7c78034065ff47733d004e84e5b2384ccdbd048543d2c7e19706b,49,50,1024,0.000848528137423857,0.999890909090909,0.0006707315337759527,0.987,0.05470221557617187,2700,sparse_contrast_benchmark_large_batch/outputs/runs/heldout_val/mnist/swin_tiny/grayscale/compact/p60/seed0/e0967f92f2a7c78034065ff47733d004e84e5b2384ccdbd048543d2c7e19706b/epochs.jsonl,8d401bebd68c00724df69671ad9237579f9bee5e610721e9536d79c3638fd59c
mnist,swin_tiny,grayscale,1,9ccc76b1a0346a836c8fe47bd3a31d878322708429547246dc215e5a9ac9df91,49,50,1024,0.000848528137423857,0.9998545454545454,0.0007825121800161221,0.9876,0.05519875946044922,2700,sparse_contrast_benchmark_large_batch/outputs/runs/heldout_val/mnist/swin_tiny/grayscale/compact/p60/seed1/9ccc76b1a0346a836c8fe47bd3a31d878322708429547246dc215e5a9ac9df91/epochs.jsonl,e8c45f226387aa78e87035390ce3a0cf8ac3849956fdffee47b3fb73de61cfd3
mnist,vit_small,grayscale,0,2e48a2fba89993213549aa9398e9b9ac2e15a902edc8c64a54971fdefa98b12e,49,50,256,0.0004242640687119285,0.9999272727272728,0.00018649903609793084,0.9742,0.16686996688842773,10750,sparse_contrast_benchmark_large_batch/outputs/runs/heldout_val/mnist/vit_small/grayscale/compact/p60/seed0/2e48a2fba89993213549aa9398e9b9ac2e15a902edc8c64a54971fdefa98b12e/epochs.jsonl,295e6dc796a5c2ac10864b1c3837db9a6f88002b52e7b9467ec61b1733441f15
mnist,vit_small,grayscale,1,0c5945c6cb8170f42ef79cc9d31c8d84ae19b0166ae107df3ff00a879f080070,49,50,256,0.0004242640687119285,0.9999454545454546,0.00027758011528745887,0.977,0.14020927948951722,10750,sparse_contrast_benchmark_large_batch/outputs/runs/heldout_val/mnist/vit_small/grayscale/compact/p60/seed1/0c5945c6cb8170f42ef79cc9d31c8d84ae19b0166ae107df3ff00a879f080070/epochs.jsonl,f626eb289523545c4da5785ceeb9e7197a545ad0182a18796de4d14a6907e74d
mnist,vit_small,raw,2,62004fa6b787a704ff5ee13663dbbc1aeaa90c7b0b292b27c4d9b1a1f63a9d13,49,50,256,0.0004242640687119285,0.9999818181818182,9.179469320436263e-05,0.9838,0.09758539686203004,10750,sparse_contrast_benchmark_large_batch/outputs/runs/heldout_val/mnist/vit_small/raw/dense/pNA/seed2/62004fa6b787a704ff5ee13663dbbc1aeaa90c7b0b292b27c4d9b1a1f63a9d13/epochs.jsonl,056fe399344dc8e3955eebb666b802bbf0307713f49049ed6b98a6be64121862
mnist,vit_small,grayscale,2,7eec7c969bb3bedfe940dd90e7f69448a9d316a4a791cd17299a5affe340d4bf,49,50,256,0.0004242640687119285,0.9999090909090909,0.0003813442449154205,0.9738,0.1562672607421875,10750,sparse_contrast_benchmark_large_batch/outputs/runs/heldout_val/mnist/vit_small/grayscale/compact/p60/seed2/7eec7c969bb3bedfe940dd90e7f69448a9d316a4a791cd17299a5affe340d4bf/epochs.jsonl,595a3801445c938764343e9d1050923128f7d556f0ad0f9dea5247acc405fce9
mnist,vit_small,raw,1,30a8f281c2f4a12b308161a4e74780f51269070d10c8b2291ac201ba93d64059,49,50,256,0.0004242640687119285,0.9999454545454546,0.00028193570454604924,0.981,0.09485722079277038,10750,sparse_contrast_benchmark_large_batch/outputs/runs/heldout_val/mnist/vit_small/raw/dense/pNA/seed1/30a8f281c2f4a12b308161a4e74780f51269070d10c8b2291ac201ba93d64059/epochs.jsonl,6ede9a486e816ae4499c6d8e48966c39638b711662ba1981547bb5256004d413
mnist,vit_small,raw,0,9523e74ba13da3f1257b0c8cdd3db4e72b6b2105c0f474976efa781683d41b85,49,50,256,0.0004242640687119285,0.9999454545454546,0.00031069956349886275,0.9828,0.1023445038318634,10750,sparse_contrast_benchmark_large_batch/outputs/runs/heldout_val/mnist/vit_small/raw/dense/pNA/seed0/9523e74ba13da3f1257b0c8cdd3db4e72b6b2105c0f474976efa781683d41b85/epochs.jsonl,2932d147e349953cdc7cf5e863e92f270c03098a077aa43b13f1ebc4aeb659dc
cifar10,swin_tiny,grayscale,1,eaf9cbda19b693bf797585b3034eaa99051eed942fcba224fc390a5d90513e1c,199,200,512,0.0006,0.9562444444444445,0.12764894210894903,0.8038,0.7898895874023437,17600,sparse_contrast_benchmark_large_batch/outputs/runs/heldout_val/cifar10/swin_tiny/grayscale/compact/p60/seed1/eaf9cbda19b693bf797585b3034eaa99051eed942fcba224fc390a5d90513e1c/epochs.jsonl,cb18d138836eaac216bacd7bced6f6775fe550918fe78d1d5f823c7c668eae52
cifar10,swin_tiny,grayscale,0,6ad30a87eb1d2dbd01e987b0b120372945194a615df65f8e173c834faaef258d,199,200,512,0.0006,0.9525333333333333,0.13882683430777656,0.8018,0.7824780578613282,17600,sparse_contrast_benchmark_large_batch/outputs/runs/heldout_val/cifar10/swin_tiny/grayscale/compact/p60/seed0/6ad30a87eb1d2dbd01e987b0b120372945194a615df65f8e173c834faaef258d/epochs.jsonl,40a89051a57e7ec437dc9dd6c65f9d80233571dd4864f445eb220d0d79a9dd29
cifar10,swin_tiny,grayscale,2,8ef8479d8600645ba34ffbf69212a57b6f8efbfd9eef81f1aebd96d5c47a8922,199,200,512,0.0006,0.9522,0.14042326462533739,0.8008,0.7758499084472656,17600,sparse_contrast_benchmark_large_batch/outputs/runs/heldout_val/cifar10/swin_tiny/grayscale/compact/p60/seed2/8ef8479d8600645ba34ffbf69212a57b6f8efbfd9eef81f1aebd96d5c47a8922/epochs.jsonl,5c06f573e4e7e32e6c28e1416d7584289e2fad52af3b9efdac33c40a6d0c717a
cifar10,swin_tiny,raw,2,47313a6e6a1f3eeb5173ac2dbf32754b3d9bba697221c794d03281c0c1c5268e,199,200,512,0.0006,0.9939111111111111,0.018695459621813564,0.8832,0.559561669921875,17600,sparse_contrast_benchmark_large_batch/outputs/runs/heldout_val/cifar10/swin_tiny/raw/dense/pNA/seed2/47313a6e6a1f3eeb5173ac2dbf32754b3d9bba697221c794d03281c0c1c5268e/epochs.jsonl,0e59f295caf5d45b8cb678d9fee843f53d3f9af5053e3c28b3b4953ad7dae16e
cifar10,swin_tiny,raw,1,25dce42cd09b6f9f3b01cd41b55dcacac527a281d2640b15b6c3f9e95ea47743,199,200,512,0.0006,0.9940888888888889,0.01889861366632912,0.882,0.5706957427978515,17600,sparse_contrast_benchmark_large_batch/outputs/runs/heldout_val/cifar10/swin_tiny/raw/dense/pNA/seed1/25dce42cd09b6f9f3b01cd41b55dcacac527a281d2640b15b6c3f9e95ea47743/epochs.jsonl,e55a3280da69730a9f5b0d49d2ec4abd805bb9a71ab807d7d2c2144bd7e4a713
cifar10,swin_tiny,raw,0,363a20a908c002877df662a4056014539f035a093e44af785d735cab741acd66,199,200,512,0.0006,0.993,0.02120098139146964,0.879,0.5500202178955078,17600,sparse_contrast_benchmark_large_batch/outputs/runs/heldout_val/cifar10/swin_tiny/raw/dense/pNA/seed0/363a20a908c002877df662a4056014539f035a093e44af785d735cab741acd66/epochs.jsonl,466e2611dbd6c7c0f16c3fc304c7d061d84df7ba452ca45f2b4ea661734c1974
cifar10,vit_small,raw,0,7c4187c643b7e210dc769d4c2b2adebfd5bcb5c678051889a482ac9b2ab223ad,199,200,128,0.0003,0.9997555555555555,0.0006974921182823083,0.7774,1.8508629302978516,70400,sparse_contrast_benchmark_large_batch/outputs/runs/heldout_val/cifar10/vit_small/raw/dense/pNA/seed0/7c4187c643b7e210dc769d4c2b2adebfd5bcb5c678051889a482ac9b2ab223ad/epochs.jsonl,d783dac71d690d1c2ed09cad649c064ea8056d4fa38c1a997060f8493e7eef51
cifar10,vit_small,grayscale,2,4591a63d77caf41996360a297a310d98ea037e628e2d0242d341e0e47b435406,199,200,128,0.0003,0.9964,0.011615111273196008,0.6888,2.2263025825500486,70400,sparse_contrast_benchmark_large_batch/outputs/runs/heldout_val/cifar10/vit_small/grayscale/compact/p60/seed2/4591a63d77caf41996360a297a310d98ea037e628e2d0242d341e0e47b435406/epochs.jsonl,e77180fb122986c095c787747af2ad0a4a0c45ba5ecc272794356ceb2962abfe
cifar10,vit_small,raw,1,4c7d3bdfe12fc4767b82d8a04998444f253fd482219117e5a74037bab11291e0,199,200,128,0.0003,0.9996444444444444,0.0011823199625117316,0.7704,1.9289297294616699,70400,sparse_contrast_benchmark_large_batch/outputs/runs/heldout_val/cifar10/vit_small/raw/dense/pNA/seed1/4c7d3bdfe12fc4767b82d8a04998444f253fd482219117e5a74037bab11291e0/epochs.jsonl,d48599f747ed640ae570825036dfbe0639af8cd08fd5f0d698a95f3589966fc8
cifar10,vit_small,grayscale,0,4e457a136eb7808470549824ef62e9838b536697d530acd0f0ead5e6feb9bd8a,199,200,128,0.0003,0.9958888888888889,0.012936184253295263,0.6882,2.215339656829834,70400,sparse_contrast_benchmark_large_batch/outputs/runs/heldout_val/cifar10/vit_small/grayscale/compact/p60/seed0/4e457a136eb7808470549824ef62e9838b536697d530acd0f0ead5e6feb9bd8a/epochs.jsonl,bf621707db330ebdaff9849312c2f5339c65a99976b8893ad4cf3ce223f3adb4
cifar10,vit_small,grayscale,1,75604d371dab166641531b37ece19c7bd98e91f5f446a61eb342a47e10961ded,199,200,128,0.0003,0.9955111111111111,0.01406271492805746,0.6922,2.1997466285705567,70400,sparse_contrast_benchmark_large_batch/outputs/runs/heldout_val/cifar10/vit_small/grayscale/compact/p60/seed1/75604d371dab166641531b37ece19c7bd98e91f5f446a61eb342a47e10961ded/epochs.jsonl,ff23032651a8806fc20fd06fdcbbe8c9424f017ed471f4344a4b669b79901e05
cifar10,vit_small,raw,2,f7fb9a510b03eacfb343f58adc54100633e5769550039ff5fdc3b510e3c521d4,199,200,128,0.0003,0.9995111111111111,0.0018312392935622484,0.784,1.7511318145751953,70400,sparse_contrast_benchmark_large_batch/outputs/runs/heldout_val/cifar10/vit_small/raw/dense/pNA/seed2/f7fb9a510b03eacfb343f58adc54100633e5769550039ff5fdc3b510e3c521d4/epochs.jsonl,5c09cf272d43c601f49de52148427973ca562230a8ee95dfcbeece0b36c6b7df
