registry_id,dataset,architecture,representation,execution,sparsity_percent,seed,protocol,training_count,trained_execution,hardware_id,batch_size,corruption,severity,input_group,summary_path,checkpoint_sha256,normalization_hash,measurement_session_id,measurement_device_uuid,measurement_host,measurement_scheduler_job_id,hardware_metadata_file,hardware_metadata_sha256,scope,amortized_mean_ms_per_image,count,cpu_diagnostic_only,latency_unit,mean_ms,median_ms,p95_ms,serial_images_per_second,sustained_images_per_second,peak_allocated_bytes,peak_reserved_bytes,measurement_sessions,measurement_device_uuids,aggregate_definition
mnist/vit_small/grayscale/compact/p60/seed0,mnist,vit_small,grayscale,compact,60,0,heldout_val,55000,compact,4ba79ef9f76ff06df88f37ba7586b1b5a3ac8b43008b3eed0ca6a744393e6687,1,clean,test,clean,/ceph/sagnihot/projects/Lorena_Contrastive_Representation_Arch/sparse_contrast_benchmark_large_batch/outputs/runs/heldout_val/mnist/vit_small/grayscale/compact/p60/seed0/2e48a2fba89993213549aa9398e9b9ac2e15a902edc8c64a54971fdefa98b12e/benchmark/4ba79ef9f76ff06df88f37ba7586b1b5a3ac8b43008b3eed0ca6a744393e6687/compact/batch1/cells/clean__test/summary.json,c210fdea45f6f05480d7ee4d7f6df6d25b365f9b56aa2011ca680f64e41c7c18,d2362b43edbe82cdc1f7c0323b1a1dd6e6ebb896538140efb20f06e957aed212,e0b4a4e0fe41f37e08e0194e,GPU-757e7ad8-8f16-b12b-264e-95b81af640a4,dws-16.informatik.uni-mannheim.de,356110,/ceph/sagnihot/projects/Lorena_Contrastive_Representation_Arch/sparse_contrast_benchmark_large_batch/outputs/runs/heldout_val/mnist/vit_small/grayscale/compact/p60/seed0/2e48a2fba89993213549aa9398e9b9ac2e15a902edc8c64a54971fdefa98b12e/benchmark/4ba79ef9f76ff06df88f37ba7586b1b5a3ac8b43008b3eed0ca6a744393e6687/compact/batch1/sessions/e0b4a4e0fe41f37e08e0194e/hardware.json,c400831c16ac01fe15461a5e48089e18304b5ac389c99ef9ab19ed1157bb23d3,gpu_raw_to_logits,10.917958715,200,False,milliseconds_per_batch,10.917958715,10.878482,10.98783155,91.59221298630823,91.41047198796723,122476032,130023424,,,
mnist/vit_small/grayscale/compact/p60/seed0,mnist,vit_small,grayscale,compact,60,0,heldout_val,55000,compact,4ba79ef9f76ff06df88f37ba7586b1b5a3ac8b43008b3eed0ca6a744393e6687,8,clean,test,clean,/ceph/sagnihot/projects/Lorena_Contrastive_Representation_Arch/sparse_contrast_benchmark_large_batch/outputs/runs/heldout_val/mnist/vit_small/grayscale/compact/p60/seed0/2e48a2fba89993213549aa9398e9b9ac2e15a902edc8c64a54971fdefa98b12e/benchmark/4ba79ef9f76ff06df88f37ba7586b1b5a3ac8b43008b3eed0ca6a744393e6687/compact/batch8/cells/clean__test/summary.json,c210fdea45f6f05480d7ee4d7f6df6d25b365f9b56aa2011ca680f64e41c7c18,d2362b43edbe82cdc1f7c0323b1a1dd6e6ebb896538140efb20f06e957aed212,cf2a21e7285fdf5f7d0f0dc7,GPU-6a51c64d-bf06-4a42-493f-f551224fe482,dws-16.informatik.uni-mannheim.de,356433,/ceph/sagnihot/projects/Lorena_Contrastive_Representation_Arch/sparse_contrast_benchmark_large_batch/outputs/runs/heldout_val/mnist/vit_small/grayscale/compact/p60/seed0/2e48a2fba89993213549aa9398e9b9ac2e15a902edc8c64a54971fdefa98b12e/benchmark/4ba79ef9f76ff06df88f37ba7586b1b5a3ac8b43008b3eed0ca6a744393e6687/compact/batch8/sessions/cf2a21e7285fdf5f7d0f0dc7/hardware.json,6a77b66d7a65835e2d352088505181433e5313f8681384d66de1613c91940c15,gpu_raw_to_logits,1.4456258568750002,200,False,milliseconds_per_batch,11.565006855000002,11.533933999999999,11.666345999999999,691.7419159627467,695.9044486552627,139760128,157286400,,,
mnist/vit_small/grayscale/compact/p60/seed0,mnist,vit_small,grayscale,dense_masked,60,0,heldout_val,55000,compact,4ba79ef9f76ff06df88f37ba7586b1b5a3ac8b43008b3eed0ca6a744393e6687,1,clean,test,clean,/ceph/sagnihot/projects/Lorena_Contrastive_Representation_Arch/sparse_contrast_benchmark_large_batch/outputs/runs/heldout_val/mnist/vit_small/grayscale/compact/p60/seed0/2e48a2fba89993213549aa9398e9b9ac2e15a902edc8c64a54971fdefa98b12e/benchmark/4ba79ef9f76ff06df88f37ba7586b1b5a3ac8b43008b3eed0ca6a744393e6687/dense_masked/batch1/cells/clean__test/summary.json,c210fdea45f6f05480d7ee4d7f6df6d25b365f9b56aa2011ca680f64e41c7c18,d2362b43edbe82cdc1f7c0323b1a1dd6e6ebb896538140efb20f06e957aed212,05863b7585f4f4877fe684bb,GPU-754d5c8c-b1a9-8a02-5490-265b762a166f,dws-14.informatik.uni-mannheim.de,356118,/ceph/sagnihot/projects/Lorena_Contrastive_Representation_Arch/sparse_contrast_benchmark_large_batch/outputs/runs/heldout_val/mnist/vit_small/grayscale/compact/p60/seed0/2e48a2fba89993213549aa9398e9b9ac2e15a902edc8c64a54971fdefa98b12e/benchmark/4ba79ef9f76ff06df88f37ba7586b1b5a3ac8b43008b3eed0ca6a744393e6687/dense_masked/batch1/sessions/05863b7585f4f4877fe684bb/hardware.json,27189fc1ed06f26df28994ed6391b162da8f9f018445b22b20af52ef0833b49a,gpu_raw_to_logits,10.483631485,200,False,milliseconds_per_batch,10.483631485,10.459753,10.62550595,95.38679430222264,96.84410029036151,124900352,132120576,,,
mnist/vit_small/grayscale/compact/p60/seed0,mnist,vit_small,grayscale,dense_masked,60,0,heldout_val,55000,compact,4ba79ef9f76ff06df88f37ba7586b1b5a3ac8b43008b3eed0ca6a744393e6687,8,clean,test,clean,/ceph/sagnihot/projects/Lorena_Contrastive_Representation_Arch/sparse_contrast_benchmark_large_batch/outputs/runs/heldout_val/mnist/vit_small/grayscale/compact/p60/seed0/2e48a2fba89993213549aa9398e9b9ac2e15a902edc8c64a54971fdefa98b12e/benchmark/4ba79ef9f76ff06df88f37ba7586b1b5a3ac8b43008b3eed0ca6a744393e6687/dense_masked/batch8/cells/clean__test/summary.json,c210fdea45f6f05480d7ee4d7f6df6d25b365f9b56aa2011ca680f64e41c7c18,d2362b43edbe82cdc1f7c0323b1a1dd6e6ebb896538140efb20f06e957aed212,173e18f1e96866964c9d0f60,GPU-ec8b6ae1-998f-7810-88fe-2982b7a7191d,dws-17.informatik.uni-mannheim.de,356435,/ceph/sagnihot/projects/Lorena_Contrastive_Representation_Arch/sparse_contrast_benchmark_large_batch/outputs/runs/heldout_val/mnist/vit_small/grayscale/compact/p60/seed0/2e48a2fba89993213549aa9398e9b9ac2e15a902edc8c64a54971fdefa98b12e/benchmark/4ba79ef9f76ff06df88f37ba7586b1b5a3ac8b43008b3eed0ca6a744393e6687/dense_masked/batch8/sessions/173e18f1e96866964c9d0f60/hardware.json,2203132d6bd4643a8e4046f02a0e104b8883ae5d78de9afce638bccd8bcd4dec,gpu_raw_to_logits,1.3745579068750002,200,False,milliseconds_per_batch,10.996463255000002,10.986383,11.040782,727.5066368600346,731.405322937182,156063744,171966464,,,
mnist/vit_small/grayscale/compact/p60/seed1,mnist,vit_small,grayscale,compact,60,1,heldout_val,55000,compact,4ba79ef9f76ff06df88f37ba7586b1b5a3ac8b43008b3eed0ca6a744393e6687,1,clean,test,clean,/ceph/sagnihot/projects/Lorena_Contrastive_Representation_Arch/sparse_contrast_benchmark_large_batch/outputs/runs/heldout_val/mnist/vit_small/grayscale/compact/p60/seed1/0c5945c6cb8170f42ef79cc9d31c8d84ae19b0166ae107df3ff00a879f080070/benchmark/4ba79ef9f76ff06df88f37ba7586b1b5a3ac8b43008b3eed0ca6a744393e6687/compact/batch1/cells/clean__test/summary.json,66e6885335ee192ef804d57a4fd73933274d87c1bd9652e940e8e6c807a2b88e,d2362b43edbe82cdc1f7c0323b1a1dd6e6ebb896538140efb20f06e957aed212,92aaa0d8f02fa7136efca0c9,GPU-3c9d3089-9d78-1953-7dc1-5cfe478d3bc1,dws-15.informatik.uni-mannheim.de,356104,/ceph/sagnihot/projects/Lorena_Contrastive_Representation_Arch/sparse_contrast_benchmark_large_batch/outputs/runs/heldout_val/mnist/vit_small/grayscale/compact/p60/seed1/0c5945c6cb8170f42ef79cc9d31c8d84ae19b0166ae107df3ff00a879f080070/benchmark/4ba79ef9f76ff06df88f37ba7586b1b5a3ac8b43008b3eed0ca6a744393e6687/compact/batch1/sessions/92aaa0d8f02fa7136efca0c9/hardware.json,62350f0e5e827c3a985eb06d4dae2416e5d1abc788c19f7b98788438f757a145,gpu_raw_to_logits,10.985412799999999,200,False,milliseconds_per_batch,10.985412799999999,10.963371500000001,11.131329449999999,91.02980636285238,91.80588033473201,122476032,130023424,,,
mnist/vit_small/grayscale/compact/p60/seed1,mnist,vit_small,grayscale,compact,60,1,heldout_val,55000,compact,4ba79ef9f76ff06df88f37ba7586b1b5a3ac8b43008b3eed0ca6a744393e6687,8,clean,test,clean,/ceph/sagnihot/projects/Lorena_Contrastive_Representation_Arch/sparse_contrast_benchmark_large_batch/outputs/runs/heldout_val/mnist/vit_small/grayscale/compact/p60/seed1/0c5945c6cb8170f42ef79cc9d31c8d84ae19b0166ae107df3ff00a879f080070/benchmark/4ba79ef9f76ff06df88f37ba7586b1b5a3ac8b43008b3eed0ca6a744393e6687/compact/batch8/cells/clean__test/summary.json,66e6885335ee192ef804d57a4fd73933274d87c1bd9652e940e8e6c807a2b88e,d2362b43edbe82cdc1f7c0323b1a1dd6e6ebb896538140efb20f06e957aed212,0fa8bc3d8dc34a5be576df2c,GPU-757e7ad8-8f16-b12b-264e-95b81af640a4,dws-16.informatik.uni-mannheim.de,356166,/ceph/sagnihot/projects/Lorena_Contrastive_Representation_Arch/sparse_contrast_benchmark_large_batch/outputs/runs/heldout_val/mnist/vit_small/grayscale/compact/p60/seed1/0c5945c6cb8170f42ef79cc9d31c8d84ae19b0166ae107df3ff00a879f080070/benchmark/4ba79ef9f76ff06df88f37ba7586b1b5a3ac8b43008b3eed0ca6a744393e6687/compact/batch8/sessions/0fa8bc3d8dc34a5be576df2c/hardware.json,c17203b82bd75db6880fc2ecb7620243a074a7df1d9f63ff8438c59d3efedfcf,gpu_raw_to_logits,1.4523174912500003,200,False,milliseconds_per_batch,11.618539930000003,11.603128,11.702892949999999,688.5546762500991,689.8462654789338,139760128,157286400,,,
mnist/vit_small/grayscale/compact/p60/seed1,mnist,vit_small,grayscale,dense_masked,60,1,heldout_val,55000,compact,4ba79ef9f76ff06df88f37ba7586b1b5a3ac8b43008b3eed0ca6a744393e6687,1,clean,test,clean,/ceph/sagnihot/projects/Lorena_Contrastive_Representation_Arch/sparse_contrast_benchmark_large_batch/outputs/runs/heldout_val/mnist/vit_small/grayscale/compact/p60/seed1/0c5945c6cb8170f42ef79cc9d31c8d84ae19b0166ae107df3ff00a879f080070/benchmark/4ba79ef9f76ff06df88f37ba7586b1b5a3ac8b43008b3eed0ca6a744393e6687/dense_masked/batch1/cells/clean__test/summary.json,66e6885335ee192ef804d57a4fd73933274d87c1bd9652e940e8e6c807a2b88e,d2362b43edbe82cdc1f7c0323b1a1dd6e6ebb896538140efb20f06e957aed212,d6f05481de92b3fda773c27d,GPU-3c4d3e9f-5f29-d09b-670c-577cfa6a3222,dws-14.informatik.uni-mannheim.de,356102,/ceph/sagnihot/projects/Lorena_Contrastive_Representation_Arch/sparse_contrast_benchmark_large_batch/outputs/runs/heldout_val/mnist/vit_small/grayscale/compact/p60/seed1/0c5945c6cb8170f42ef79cc9d31c8d84ae19b0166ae107df3ff00a879f080070/benchmark/4ba79ef9f76ff06df88f37ba7586b1b5a3ac8b43008b3eed0ca6a744393e6687/dense_masked/batch1/sessions/d6f05481de92b3fda773c27d/hardware.json,6f76d1c58f1665f9a846a1873360a507b252313b8f2fca2a66f938fc7a1b5a29,gpu_raw_to_logits,10.554929619999998,200,False,milliseconds_per_batch,10.554929619999998,10.5391665,10.71178595,94.74246025337308,95.26651087931027,124900352,132120576,,,
mnist/vit_small/grayscale/compact/p60/seed1,mnist,vit_small,grayscale,dense_masked,60,1,heldout_val,55000,compact,4ba79ef9f76ff06df88f37ba7586b1b5a3ac8b43008b3eed0ca6a744393e6687,8,clean,test,clean,/ceph/sagnihot/projects/Lorena_Contrastive_Representation_Arch/sparse_contrast_benchmark_large_batch/outputs/runs/heldout_val/mnist/vit_small/grayscale/compact/p60/seed1/0c5945c6cb8170f42ef79cc9d31c8d84ae19b0166ae107df3ff00a879f080070/benchmark/4ba79ef9f76ff06df88f37ba7586b1b5a3ac8b43008b3eed0ca6a744393e6687/dense_masked/batch8/cells/clean__test/summary.json,66e6885335ee192ef804d57a4fd73933274d87c1bd9652e940e8e6c807a2b88e,d2362b43edbe82cdc1f7c0323b1a1dd6e6ebb896538140efb20f06e957aed212,36d462b020116231e936fe00,GPU-341b7443-8b5a-384a-c332-1ae92a8e79ef,dws-14.informatik.uni-mannheim.de,356176,/ceph/sagnihot/projects/Lorena_Contrastive_Representation_Arch/sparse_contrast_benchmark_large_batch/outputs/runs/heldout_val/mnist/vit_small/grayscale/compact/p60/seed1/0c5945c6cb8170f42ef79cc9d31c8d84ae19b0166ae107df3ff00a879f080070/benchmark/4ba79ef9f76ff06df88f37ba7586b1b5a3ac8b43008b3eed0ca6a744393e6687/dense_masked/batch8/sessions/36d462b020116231e936fe00/hardware.json,766323657139df9d48ec5463dd97a89aafec24c2cb0bc58804653a1e0aace408,gpu_raw_to_logits,1.3695319075,200,False,milliseconds_per_batch,10.95625526,10.964376999999999,11.002873,730.1764891520061,732.3079174022467,156063744,171966464,,,
mnist/vit_small/grayscale/compact/p60/seed2,mnist,vit_small,grayscale,compact,60,2,heldout_val,55000,compact,4ba79ef9f76ff06df88f37ba7586b1b5a3ac8b43008b3eed0ca6a744393e6687,1,clean,test,clean,/ceph/sagnihot/projects/Lorena_Contrastive_Representation_Arch/sparse_contrast_benchmark_large_batch/outputs/runs/heldout_val/mnist/vit_small/grayscale/compact/p60/seed2/7eec7c969bb3bedfe940dd90e7f69448a9d316a4a791cd17299a5affe340d4bf/benchmark/4ba79ef9f76ff06df88f37ba7586b1b5a3ac8b43008b3eed0ca6a744393e6687/compact/batch1/cells/clean__test/summary.json,01e210a481910d13eb9880d61da1bc404c6be931c1c8abda21607fe5b2adf586,d2362b43edbe82cdc1f7c0323b1a1dd6e6ebb896538140efb20f06e957aed212,17d04afef5d61f7c9cc964bf,GPU-97e638fb-1619-2f2e-7a0a-2afa90d382a2,dws-16.informatik.uni-mannheim.de,356286,/ceph/sagnihot/projects/Lorena_Contrastive_Representation_Arch/sparse_contrast_benchmark_large_batch/outputs/runs/heldout_val/mnist/vit_small/grayscale/compact/p60/seed2/7eec7c969bb3bedfe940dd90e7f69448a9d316a4a791cd17299a5affe340d4bf/benchmark/4ba79ef9f76ff06df88f37ba7586b1b5a3ac8b43008b3eed0ca6a744393e6687/compact/batch1/sessions/17d04afef5d61f7c9cc964bf/hardware.json,7343eb23d63d38117dc6df834245f28315dc840fdfa0548b8c2139298076f807,gpu_raw_to_logits,10.896570014999998,200,False,milliseconds_per_batch,10.896570014999998,10.904062499999998,11.01409195,91.7719978510137,92.06649484729446,122476032,130023424,,,
mnist/vit_small/grayscale/compact/p60/seed2,mnist,vit_small,grayscale,compact,60,2,heldout_val,55000,compact,4ba79ef9f76ff06df88f37ba7586b1b5a3ac8b43008b3eed0ca6a744393e6687,8,clean,test,clean,/ceph/sagnihot/projects/Lorena_Contrastive_Representation_Arch/sparse_contrast_benchmark_large_batch/outputs/runs/heldout_val/mnist/vit_small/grayscale/compact/p60/seed2/7eec7c969bb3bedfe940dd90e7f69448a9d316a4a791cd17299a5affe340d4bf/benchmark/4ba79ef9f76ff06df88f37ba7586b1b5a3ac8b43008b3eed0ca6a744393e6687/compact/batch8/cells/clean__test/summary.json,01e210a481910d13eb9880d61da1bc404c6be931c1c8abda21607fe5b2adf586,d2362b43edbe82cdc1f7c0323b1a1dd6e6ebb896538140efb20f06e957aed212,78dff287ffd105e9d88ba0df,GPU-0cde0b9c-c0ca-eb1e-5258-4dccf4a9332d,dws-16.informatik.uni-mannheim.de,356374,/ceph/sagnihot/projects/Lorena_Contrastive_Representation_Arch/sparse_contrast_benchmark_large_batch/outputs/runs/heldout_val/mnist/vit_small/grayscale/compact/p60/seed2/7eec7c969bb3bedfe940dd90e7f69448a9d316a4a791cd17299a5affe340d4bf/benchmark/4ba79ef9f76ff06df88f37ba7586b1b5a3ac8b43008b3eed0ca6a744393e6687/compact/batch8/sessions/78dff287ffd105e9d88ba0df/hardware.json,b19d4483d316650da3ff2dc08a6cd5603adce663d60e4d97d9e063eca7de12f0,gpu_raw_to_logits,1.447195459375,200,False,milliseconds_per_batch,11.577563675,11.545178499999999,11.668840549999999,690.9916649627063,695.1901553718887,139760128,157286400,,,
mnist/vit_small/grayscale/compact/p60/seed2,mnist,vit_small,grayscale,dense_masked,60,2,heldout_val,55000,compact,4ba79ef9f76ff06df88f37ba7586b1b5a3ac8b43008b3eed0ca6a744393e6687,1,clean,test,clean,/ceph/sagnihot/projects/Lorena_Contrastive_Representation_Arch/sparse_contrast_benchmark_large_batch/outputs/runs/heldout_val/mnist/vit_small/grayscale/compact/p60/seed2/7eec7c969bb3bedfe940dd90e7f69448a9d316a4a791cd17299a5affe340d4bf/benchmark/4ba79ef9f76ff06df88f37ba7586b1b5a3ac8b43008b3eed0ca6a744393e6687/dense_masked/batch1/cells/clean__test/summary.json,01e210a481910d13eb9880d61da1bc404c6be931c1c8abda21607fe5b2adf586,d2362b43edbe82cdc1f7c0323b1a1dd6e6ebb896538140efb20f06e957aed212,3c5d6ab71d6b93edf6108841,GPU-0cde0b9c-c0ca-eb1e-5258-4dccf4a9332d,dws-16.informatik.uni-mannheim.de,356280,/ceph/sagnihot/projects/Lorena_Contrastive_Representation_Arch/sparse_contrast_benchmark_large_batch/outputs/runs/heldout_val/mnist/vit_small/grayscale/compact/p60/seed2/7eec7c969bb3bedfe940dd90e7f69448a9d316a4a791cd17299a5affe340d4bf/benchmark/4ba79ef9f76ff06df88f37ba7586b1b5a3ac8b43008b3eed0ca6a744393e6687/dense_masked/batch1/sessions/3c5d6ab71d6b93edf6108841/hardware.json,fd3d4f746bac8c1c412f768676d72959097ed5aa6f7ab2f3cc73c79e8ec0f314,gpu_raw_to_logits,10.554898960000001,200,False,milliseconds_per_batch,10.554898960000001,10.542613500000002,10.649737,94.74273546243403,95.24343889391139,124900352,132120576,,,
mnist/vit_small/grayscale/compact/p60/seed2,mnist,vit_small,grayscale,dense_masked,60,2,heldout_val,55000,compact,4ba79ef9f76ff06df88f37ba7586b1b5a3ac8b43008b3eed0ca6a744393e6687,8,clean,test,clean,/ceph/sagnihot/projects/Lorena_Contrastive_Representation_Arch/sparse_contrast_benchmark_large_batch/outputs/runs/heldout_val/mnist/vit_small/grayscale/compact/p60/seed2/7eec7c969bb3bedfe940dd90e7f69448a9d316a4a791cd17299a5affe340d4bf/benchmark/4ba79ef9f76ff06df88f37ba7586b1b5a3ac8b43008b3eed0ca6a744393e6687/dense_masked/batch8/cells/clean__test/summary.json,01e210a481910d13eb9880d61da1bc404c6be931c1c8abda21607fe5b2adf586,d2362b43edbe82cdc1f7c0323b1a1dd6e6ebb896538140efb20f06e957aed212,4c8c53225b94adc9eeac576c,GPU-d095f19e-173a-5b05-ee8d-216e78ede0c8,dws-17.informatik.uni-mannheim.de,356378,/ceph/sagnihot/projects/Lorena_Contrastive_Representation_Arch/sparse_contrast_benchmark_large_batch/outputs/runs/heldout_val/mnist/vit_small/grayscale/compact/p60/seed2/7eec7c969bb3bedfe940dd90e7f69448a9d316a4a791cd17299a5affe340d4bf/benchmark/4ba79ef9f76ff06df88f37ba7586b1b5a3ac8b43008b3eed0ca6a744393e6687/dense_masked/batch8/sessions/4c8c53225b94adc9eeac576c/hardware.json,780d2a03397ca29f8c115be00f8adab4abd3f670ed300400960471f9358c8ee7,gpu_raw_to_logits,1.3621285900000002,200,False,milliseconds_per_batch,10.897028720000002,10.882432999999999,11.01437355,734.1450780355473,737.9345396718221,156063744,171966464,,,
mnist/swin_tiny/grayscale/compact/p60/seed0,mnist,swin_tiny,grayscale,compact,60,0,heldout_val,55000,compact,4ba79ef9f76ff06df88f37ba7586b1b5a3ac8b43008b3eed0ca6a744393e6687,1,clean,test,clean,/ceph/sagnihot/projects/Lorena_Contrastive_Representation_Arch/sparse_contrast_benchmark_large_batch/outputs/runs/heldout_val/mnist/swin_tiny/grayscale/compact/p60/seed0/e0967f92f2a7c78034065ff47733d004e84e5b2384ccdbd048543d2c7e19706b/benchmark/4ba79ef9f76ff06df88f37ba7586b1b5a3ac8b43008b3eed0ca6a744393e6687/compact/batch1/cells/clean__test/summary.json,893ff700621f49c8298aea6a39a05e7d13cd1a87d3220ce0b5c95ffae74b83ea,d2362b43edbe82cdc1f7c0323b1a1dd6e6ebb896538140efb20f06e957aed212,3bd6b768b5251fd2376bc87b,GPU-de9637f0-66db-564b-a727-9802d417445a,dws-14.informatik.uni-mannheim.de,356130,/ceph/sagnihot/projects/Lorena_Contrastive_Representation_Arch/sparse_contrast_benchmark_large_batch/outputs/runs/heldout_val/mnist/swin_tiny/grayscale/compact/p60/seed0/e0967f92f2a7c78034065ff47733d004e84e5b2384ccdbd048543d2c7e19706b/benchmark/4ba79ef9f76ff06df88f37ba7586b1b5a3ac8b43008b3eed0ca6a744393e6687/compact/batch1/sessions/3bd6b768b5251fd2376bc87b/hardware.json,283c69a917deda5ae3b04f2575ff2c38c039c2e625ad96640d3b0d0bf6047b07,gpu_raw_to_logits,26.076751805000004,200,False,milliseconds_per_batch,26.076751805000004,26.015338,26.6249585,38.3483344658079,38.48775375848282,146040832,171966464,,,
mnist/swin_tiny/grayscale/compact/p60/seed0,mnist,swin_tiny,grayscale,compact,60,0,heldout_val,55000,compact,4ba79ef9f76ff06df88f37ba7586b1b5a3ac8b43008b3eed0ca6a744393e6687,8,clean,test,clean,/ceph/sagnihot/projects/Lorena_Contrastive_Representation_Arch/sparse_contrast_benchmark_large_batch/outputs/runs/heldout_val/mnist/swin_tiny/grayscale/compact/p60/seed0/e0967f92f2a7c78034065ff47733d004e84e5b2384ccdbd048543d2c7e19706b/benchmark/4ba79ef9f76ff06df88f37ba7586b1b5a3ac8b43008b3eed0ca6a744393e6687/compact/batch8/cells/clean__test/summary.json,893ff700621f49c8298aea6a39a05e7d13cd1a87d3220ce0b5c95ffae74b83ea,d2362b43edbe82cdc1f7c0323b1a1dd6e6ebb896538140efb20f06e957aed212,9ca1a88a5ac2a1740e0cbfc3,GPU-9cd70007-85f1-e078-40b5-dc79fbfc4f42,dws-17.informatik.uni-mannheim.de,356419,/ceph/sagnihot/projects/Lorena_Contrastive_Representation_Arch/sparse_contrast_benchmark_large_batch/outputs/runs/heldout_val/mnist/swin_tiny/grayscale/compact/p60/seed0/e0967f92f2a7c78034065ff47733d004e84e5b2384ccdbd048543d2c7e19706b/benchmark/4ba79ef9f76ff06df88f37ba7586b1b5a3ac8b43008b3eed0ca6a744393e6687/compact/batch8/sessions/9ca1a88a5ac2a1740e0cbfc3/hardware.json,8cb3cb768ffbac78ae4e1e1263815ac25d8d0b0ef00962952cd3693d140b068b,gpu_raw_to_logits,8.408441931875,200,False,milliseconds_per_batch,67.267535455,67.41011850000001,73.94720584999999,118.92809727437933,119.30302795858572,152638464,176160768,,,
mnist/swin_tiny/grayscale/compact/p60/seed0,mnist,swin_tiny,grayscale,dense_masked,60,0,heldout_val,55000,compact,4ba79ef9f76ff06df88f37ba7586b1b5a3ac8b43008b3eed0ca6a744393e6687,1,clean,test,clean,/ceph/sagnihot/projects/Lorena_Contrastive_Representation_Arch/sparse_contrast_benchmark_large_batch/outputs/runs/heldout_val/mnist/swin_tiny/grayscale/compact/p60/seed0/e0967f92f2a7c78034065ff47733d004e84e5b2384ccdbd048543d2c7e19706b/benchmark/4ba79ef9f76ff06df88f37ba7586b1b5a3ac8b43008b3eed0ca6a744393e6687/dense_masked/batch1/cells/clean__test/summary.json,893ff700621f49c8298aea6a39a05e7d13cd1a87d3220ce0b5c95ffae74b83ea,d2362b43edbe82cdc1f7c0323b1a1dd6e6ebb896538140efb20f06e957aed212,02a9079111e8edaea2a5ade8,GPU-66f6778b-6b0e-eeff-4527-019ecf03784a,dws-15.informatik.uni-mannheim.de,356121,/ceph/sagnihot/projects/Lorena_Contrastive_Representation_Arch/sparse_contrast_benchmark_large_batch/outputs/runs/heldout_val/mnist/swin_tiny/grayscale/compact/p60/seed0/e0967f92f2a7c78034065ff47733d004e84e5b2384ccdbd048543d2c7e19706b/benchmark/4ba79ef9f76ff06df88f37ba7586b1b5a3ac8b43008b3eed0ca6a744393e6687/dense_masked/batch1/sessions/02a9079111e8edaea2a5ade8/hardware.json,0521f3e983378120da5e8393e3a697bb85902e73781fa3710d2dba876e4a7953,gpu_raw_to_logits,18.470796175,200,False,milliseconds_per_batch,18.470796175,18.441895,18.6294535,54.139517892222095,54.291903139971,146585600,171966464,,,
mnist/swin_tiny/grayscale/compact/p60/seed0,mnist,swin_tiny,grayscale,dense_masked,60,0,heldout_val,55000,compact,4ba79ef9f76ff06df88f37ba7586b1b5a3ac8b43008b3eed0ca6a744393e6687,8,clean,test,clean,/ceph/sagnihot/projects/Lorena_Contrastive_Representation_Arch/sparse_contrast_benchmark_large_batch/outputs/runs/heldout_val/mnist/swin_tiny/grayscale/compact/p60/seed0/e0967f92f2a7c78034065ff47733d004e84e5b2384ccdbd048543d2c7e19706b/benchmark/4ba79ef9f76ff06df88f37ba7586b1b5a3ac8b43008b3eed0ca6a744393e6687/dense_masked/batch8/cells/clean__test/summary.json,893ff700621f49c8298aea6a39a05e7d13cd1a87d3220ce0b5c95ffae74b83ea,d2362b43edbe82cdc1f7c0323b1a1dd6e6ebb896538140efb20f06e957aed212,39e5afbbb16ad67755bd88b3,GPU-23a67394-f689-20ae-630e-a5e6b0a2365a,dws-14.informatik.uni-mannheim.de,356417,/ceph/sagnihot/projects/Lorena_Contrastive_Representation_Arch/sparse_contrast_benchmark_large_batch/outputs/runs/heldout_val/mnist/swin_tiny/grayscale/compact/p60/seed0/e0967f92f2a7c78034065ff47733d004e84e5b2384ccdbd048543d2c7e19706b/benchmark/4ba79ef9f76ff06df88f37ba7586b1b5a3ac8b43008b3eed0ca6a744393e6687/dense_masked/batch8/sessions/39e5afbbb16ad67755bd88b3/hardware.json,fa71c160990a416ddca2116d08f7ad94aa7d06b2d1a2c6e6675bf6844309eacd,gpu_raw_to_logits,2.3735805493749997,200,False,milliseconds_per_batch,18.988644394999998,18.9647905,19.09666245,421.3044298257817,422.4712651838655,156760064,178257920,,,
mnist/swin_tiny/grayscale/compact/p60/seed1,mnist,swin_tiny,grayscale,compact,60,1,heldout_val,55000,compact,4ba79ef9f76ff06df88f37ba7586b1b5a3ac8b43008b3eed0ca6a744393e6687,1,clean,test,clean,/ceph/sagnihot/projects/Lorena_Contrastive_Representation_Arch/sparse_contrast_benchmark_large_batch/outputs/runs/heldout_val/mnist/swin_tiny/grayscale/compact/p60/seed1/9ccc76b1a0346a836c8fe47bd3a31d878322708429547246dc215e5a9ac9df91/benchmark/4ba79ef9f76ff06df88f37ba7586b1b5a3ac8b43008b3eed0ca6a744393e6687/compact/batch1/cells/clean__test/summary.json,e067d589edb47a17a9cc8bf6eed2c1d48035677eedcf3733a30af34ab1ade4f9,d2362b43edbe82cdc1f7c0323b1a1dd6e6ebb896538140efb20f06e957aed212,9ac011eab1ea0fe6d7392f61,GPU-3c9d3089-9d78-1953-7dc1-5cfe478d3bc1,dws-15.informatik.uni-mannheim.de,356489,/ceph/sagnihot/projects/Lorena_Contrastive_Representation_Arch/sparse_contrast_benchmark_large_batch/outputs/runs/heldout_val/mnist/swin_tiny/grayscale/compact/p60/seed1/9ccc76b1a0346a836c8fe47bd3a31d878322708429547246dc215e5a9ac9df91/benchmark/4ba79ef9f76ff06df88f37ba7586b1b5a3ac8b43008b3eed0ca6a744393e6687/compact/batch1/sessions/9ac011eab1ea0fe6d7392f61/hardware.json,9cd5317cd9cbce721311899ddd6ec8b130222fc18f0d3a63614de1c11684d811,gpu_raw_to_logits,26.384904315,200,False,milliseconds_per_batch,26.384904315,26.3326075,26.9890015,37.90045959846415,37.98324967822342,146040832,171966464,,,
mnist/swin_tiny/grayscale/compact/p60/seed1,mnist,swin_tiny,grayscale,compact,60,1,heldout_val,55000,compact,4ba79ef9f76ff06df88f37ba7586b1b5a3ac8b43008b3eed0ca6a744393e6687,8,clean,test,clean,/ceph/sagnihot/projects/Lorena_Contrastive_Representation_Arch/sparse_contrast_benchmark_large_batch/outputs/runs/heldout_val/mnist/swin_tiny/grayscale/compact/p60/seed1/9ccc76b1a0346a836c8fe47bd3a31d878322708429547246dc215e5a9ac9df91/benchmark/4ba79ef9f76ff06df88f37ba7586b1b5a3ac8b43008b3eed0ca6a744393e6687/compact/batch8/cells/clean__test/summary.json,e067d589edb47a17a9cc8bf6eed2c1d48035677eedcf3733a30af34ab1ade4f9,d2362b43edbe82cdc1f7c0323b1a1dd6e6ebb896538140efb20f06e957aed212,004cc53689b61ee9c1922efa,GPU-c476ede2-2dce-734b-a3bf-f82ba9731367,dws-17.informatik.uni-mannheim.de,356612,/ceph/sagnihot/projects/Lorena_Contrastive_Representation_Arch/sparse_contrast_benchmark_large_batch/outputs/runs/heldout_val/mnist/swin_tiny/grayscale/compact/p60/seed1/9ccc76b1a0346a836c8fe47bd3a31d878322708429547246dc215e5a9ac9df91/benchmark/4ba79ef9f76ff06df88f37ba7586b1b5a3ac8b43008b3eed0ca6a744393e6687/compact/batch8/sessions/004cc53689b61ee9c1922efa/hardware.json,98f55e2c51fd0aa47a9b61cfc370f0894957f951c9eefad784409f0c630baa50,gpu_raw_to_logits,8.408315366250001,200,False,milliseconds_per_batch,67.26652293000001,66.962625,73.9472119,118.92988743189673,118.92143527318713,152638464,176160768,,,
mnist/swin_tiny/grayscale/compact/p60/seed1,mnist,swin_tiny,grayscale,dense_masked,60,1,heldout_val,55000,compact,4ba79ef9f76ff06df88f37ba7586b1b5a3ac8b43008b3eed0ca6a744393e6687,1,clean,test,clean,/ceph/sagnihot/projects/Lorena_Contrastive_Representation_Arch/sparse_contrast_benchmark_large_batch/outputs/runs/heldout_val/mnist/swin_tiny/grayscale/compact/p60/seed1/9ccc76b1a0346a836c8fe47bd3a31d878322708429547246dc215e5a9ac9df91/benchmark/4ba79ef9f76ff06df88f37ba7586b1b5a3ac8b43008b3eed0ca6a744393e6687/dense_masked/batch1/cells/clean__test/summary.json,e067d589edb47a17a9cc8bf6eed2c1d48035677eedcf3733a30af34ab1ade4f9,d2362b43edbe82cdc1f7c0323b1a1dd6e6ebb896538140efb20f06e957aed212,4131e3ac5f929620916d015c,GPU-5da9317b-8d2a-a0c9-2193-9a06a1e8cea0,dws-15.informatik.uni-mannheim.de,356493,/ceph/sagnihot/projects/Lorena_Contrastive_Representation_Arch/sparse_contrast_benchmark_large_batch/outputs/runs/heldout_val/mnist/swin_tiny/grayscale/compact/p60/seed1/9ccc76b1a0346a836c8fe47bd3a31d878322708429547246dc215e5a9ac9df91/benchmark/4ba79ef9f76ff06df88f37ba7586b1b5a3ac8b43008b3eed0ca6a744393e6687/dense_masked/batch1/sessions/4131e3ac5f929620916d015c/hardware.json,445d7beae8565a32d58a2ca31af9553068975b52b21ed209a928ddcc1b37569e,gpu_raw_to_logits,18.52069172,200,False,milliseconds_per_batch,18.52069172,18.502125,18.647329499999998,53.99366368806445,54.20356696106795,146585600,171966464,,,
mnist/swin_tiny/grayscale/compact/p60/seed1,mnist,swin_tiny,grayscale,dense_masked,60,1,heldout_val,55000,compact,4ba79ef9f76ff06df88f37ba7586b1b5a3ac8b43008b3eed0ca6a744393e6687,8,clean,test,clean,/ceph/sagnihot/projects/Lorena_Contrastive_Representation_Arch/sparse_contrast_benchmark_large_batch/outputs/runs/heldout_val/mnist/swin_tiny/grayscale/compact/p60/seed1/9ccc76b1a0346a836c8fe47bd3a31d878322708429547246dc215e5a9ac9df91/benchmark/4ba79ef9f76ff06df88f37ba7586b1b5a3ac8b43008b3eed0ca6a744393e6687/dense_masked/batch8/cells/clean__test/summary.json,e067d589edb47a17a9cc8bf6eed2c1d48035677eedcf3733a30af34ab1ade4f9,d2362b43edbe82cdc1f7c0323b1a1dd6e6ebb896538140efb20f06e957aed212,7cf765e1c1b3c44b081a4c18,GPU-ccd2ce90-fc5e-e588-2130-c549ef80a4b2,dws-17.informatik.uni-mannheim.de,356607,/ceph/sagnihot/projects/Lorena_Contrastive_Representation_Arch/sparse_contrast_benchmark_large_batch/outputs/runs/heldout_val/mnist/swin_tiny/grayscale/compact/p60/seed1/9ccc76b1a0346a836c8fe47bd3a31d878322708429547246dc215e5a9ac9df91/benchmark/4ba79ef9f76ff06df88f37ba7586b1b5a3ac8b43008b3eed0ca6a744393e6687/dense_masked/batch8/sessions/7cf765e1c1b3c44b081a4c18/hardware.json,41995749c381c6722b4893488a329e31cb8762e324fae9f356454599f6682351,gpu_raw_to_logits,2.384023505,200,False,milliseconds_per_batch,19.07218804,19.052315,19.1695625,419.45895160123433,420.06882177588295,156760064,178257920,,,
mnist/swin_tiny/grayscale/compact/p60/seed2,mnist,swin_tiny,grayscale,compact,60,2,heldout_val,55000,compact,4ba79ef9f76ff06df88f37ba7586b1b5a3ac8b43008b3eed0ca6a744393e6687,1,clean,test,clean,/ceph/sagnihot/projects/Lorena_Contrastive_Representation_Arch/sparse_contrast_benchmark_large_batch/outputs/runs/heldout_val/mnist/swin_tiny/grayscale/compact/p60/seed2/66bebac0c35f6a24ab82ec9aac3cabe1b8462f211a4d36a55e13712bd5bc6108/benchmark/4ba79ef9f76ff06df88f37ba7586b1b5a3ac8b43008b3eed0ca6a744393e6687/compact/batch1/cells/clean__test/summary.json,5caeef415ab08d2909f0db01f9fe77852e207416e86536e90f9581122caec24d,d2362b43edbe82cdc1f7c0323b1a1dd6e6ebb896538140efb20f06e957aed212,efa13643a8bdf68dd1e9050a,GPU-23a67394-f689-20ae-630e-a5e6b0a2365a,dws-14.informatik.uni-mannheim.de,356325,/ceph/sagnihot/projects/Lorena_Contrastive_Representation_Arch/sparse_contrast_benchmark_large_batch/outputs/runs/heldout_val/mnist/swin_tiny/grayscale/compact/p60/seed2/66bebac0c35f6a24ab82ec9aac3cabe1b8462f211a4d36a55e13712bd5bc6108/benchmark/4ba79ef9f76ff06df88f37ba7586b1b5a3ac8b43008b3eed0ca6a744393e6687/compact/batch1/sessions/efa13643a8bdf68dd1e9050a/hardware.json,84d17fe5eb807e0ae5941dae9e40c54fc02ffd8c1251e9d3d4650eaeed986bc2,gpu_raw_to_logits,25.801553705,200,False,milliseconds_per_batch,25.801553705,25.792738,26.49474,38.75735591094319,38.684468812537524,146040832,171966464,,,
mnist/swin_tiny/grayscale/compact/p60/seed2,mnist,swin_tiny,grayscale,compact,60,2,heldout_val,55000,compact,4ba79ef9f76ff06df88f37ba7586b1b5a3ac8b43008b3eed0ca6a744393e6687,8,clean,test,clean,/ceph/sagnihot/projects/Lorena_Contrastive_Representation_Arch/sparse_contrast_benchmark_large_batch/outputs/runs/heldout_val/mnist/swin_tiny/grayscale/compact/p60/seed2/66bebac0c35f6a24ab82ec9aac3cabe1b8462f211a4d36a55e13712bd5bc6108/benchmark/4ba79ef9f76ff06df88f37ba7586b1b5a3ac8b43008b3eed0ca6a744393e6687/compact/batch8/cells/clean__test/summary.json,5caeef415ab08d2909f0db01f9fe77852e207416e86536e90f9581122caec24d,d2362b43edbe82cdc1f7c0323b1a1dd6e6ebb896538140efb20f06e957aed212,bd8f0ab371e284f0e8f642e0,GPU-754d5c8c-b1a9-8a02-5490-265b762a166f,dws-14.informatik.uni-mannheim.de,356449,/ceph/sagnihot/projects/Lorena_Contrastive_Representation_Arch/sparse_contrast_benchmark_large_batch/outputs/runs/heldout_val/mnist/swin_tiny/grayscale/compact/p60/seed2/66bebac0c35f6a24ab82ec9aac3cabe1b8462f211a4d36a55e13712bd5bc6108/benchmark/4ba79ef9f76ff06df88f37ba7586b1b5a3ac8b43008b3eed0ca6a744393e6687/compact/batch8/sessions/bd8f0ab371e284f0e8f642e0/hardware.json,ffa78a5bd4e323faa0cdd53165e6fb5af4fcb92bb68c87b8177496bc99d434c9,gpu_raw_to_logits,8.466102561875,200,False,milliseconds_per_batch,67.728820495,67.96671,74.34608345,118.1181060223925,118.71898944430198,152638464,176160768,,,
mnist/swin_tiny/grayscale/compact/p60/seed2,mnist,swin_tiny,grayscale,dense_masked,60,2,heldout_val,55000,compact,4ba79ef9f76ff06df88f37ba7586b1b5a3ac8b43008b3eed0ca6a744393e6687,1,clean,test,clean,/ceph/sagnihot/projects/Lorena_Contrastive_Representation_Arch/sparse_contrast_benchmark_large_batch/outputs/runs/heldout_val/mnist/swin_tiny/grayscale/compact/p60/seed2/66bebac0c35f6a24ab82ec9aac3cabe1b8462f211a4d36a55e13712bd5bc6108/benchmark/4ba79ef9f76ff06df88f37ba7586b1b5a3ac8b43008b3eed0ca6a744393e6687/dense_masked/batch1/cells/clean__test/summary.json,5caeef415ab08d2909f0db01f9fe77852e207416e86536e90f9581122caec24d,d2362b43edbe82cdc1f7c0323b1a1dd6e6ebb896538140efb20f06e957aed212,c7e06b9f7c9469b36264880b,GPU-735bd9bd-d522-c022-bebd-37b516890a18,dws-16.informatik.uni-mannheim.de,356332,/ceph/sagnihot/projects/Lorena_Contrastive_Representation_Arch/sparse_contrast_benchmark_large_batch/outputs/runs/heldout_val/mnist/swin_tiny/grayscale/compact/p60/seed2/66bebac0c35f6a24ab82ec9aac3cabe1b8462f211a4d36a55e13712bd5bc6108/benchmark/4ba79ef9f76ff06df88f37ba7586b1b5a3ac8b43008b3eed0ca6a744393e6687/dense_masked/batch1/sessions/c7e06b9f7c9469b36264880b/hardware.json,91be567578bda313ceaf05f185716f87e3e2ae71164882692a4aa3c338144736,gpu_raw_to_logits,18.64996158,200,False,milliseconds_per_batch,18.64996158,18.6176965,18.699754,53.61941340792832,53.81054682988795,146585600,171966464,,,
mnist/swin_tiny/grayscale/compact/p60/seed2,mnist,swin_tiny,grayscale,dense_masked,60,2,heldout_val,55000,compact,4ba79ef9f76ff06df88f37ba7586b1b5a3ac8b43008b3eed0ca6a744393e6687,8,clean,test,clean,/ceph/sagnihot/projects/Lorena_Contrastive_Representation_Arch/sparse_contrast_benchmark_large_batch/outputs/runs/heldout_val/mnist/swin_tiny/grayscale/compact/p60/seed2/66bebac0c35f6a24ab82ec9aac3cabe1b8462f211a4d36a55e13712bd5bc6108/benchmark/4ba79ef9f76ff06df88f37ba7586b1b5a3ac8b43008b3eed0ca6a744393e6687/dense_masked/batch8/cells/clean__test/summary.json,5caeef415ab08d2909f0db01f9fe77852e207416e86536e90f9581122caec24d,d2362b43edbe82cdc1f7c0323b1a1dd6e6ebb896538140efb20f06e957aed212,83407fec8a38121e75635c5c,GPU-1f83b2aa-ac0f-5856-0d2f-ccb71f33e687,dws-17.informatik.uni-mannheim.de,356451,/ceph/sagnihot/projects/Lorena_Contrastive_Representation_Arch/sparse_contrast_benchmark_large_batch/outputs/runs/heldout_val/mnist/swin_tiny/grayscale/compact/p60/seed2/66bebac0c35f6a24ab82ec9aac3cabe1b8462f211a4d36a55e13712bd5bc6108/benchmark/4ba79ef9f76ff06df88f37ba7586b1b5a3ac8b43008b3eed0ca6a744393e6687/dense_masked/batch8/sessions/83407fec8a38121e75635c5c/hardware.json,b53f0159598c67290f33ed2f22018522632cf7ec40cc4038d262f3cd26ac8966,gpu_raw_to_logits,2.382710991875,200,False,milliseconds_per_batch,19.061687935,19.075505,19.1541015,419.6900099970082,419.15525746904444,156760064,178257920,,,
cifar10/vit_small/grayscale/compact/p60/seed0,cifar10,vit_small,grayscale,compact,60,0,heldout_val,45000,compact,4ba79ef9f76ff06df88f37ba7586b1b5a3ac8b43008b3eed0ca6a744393e6687,1,clean,test,clean,/ceph/sagnihot/projects/Lorena_Contrastive_Representation_Arch/sparse_contrast_benchmark_large_batch/outputs/runs/heldout_val/cifar10/vit_small/grayscale/compact/p60/seed0/4e457a136eb7808470549824ef62e9838b536697d530acd0f0ead5e6feb9bd8a/benchmark/4ba79ef9f76ff06df88f37ba7586b1b5a3ac8b43008b3eed0ca6a744393e6687/compact/batch1/cells/clean__test/summary.json,8cf7cb4ed21e87a32ce66316a24626cbfc6d0f22ae0d89603806dac5f2f05b5a,1047af87909095c2ee60f41793d839c504320f3b8ce40bf1751007d9ebe36dec,b3caa709af639a3ed0fbdbc4,GPU-39cf9f8b-c3cb-5434-30c1-83f36bd48aac,dws-14.informatik.uni-mannheim.de,356143,/ceph/sagnihot/projects/Lorena_Contrastive_Representation_Arch/sparse_contrast_benchmark_large_batch/outputs/runs/heldout_val/cifar10/vit_small/grayscale/compact/p60/seed0/4e457a136eb7808470549824ef62e9838b536697d530acd0f0ead5e6feb9bd8a/benchmark/4ba79ef9f76ff06df88f37ba7586b1b5a3ac8b43008b3eed0ca6a744393e6687/compact/batch1/sessions/b3caa709af639a3ed0fbdbc4/hardware.json,a8cf8156969218f548463c5c6937049bf09a0f98e0832fa1c9565e6a10d597d8,gpu_raw_to_logits,10.945096835,200,False,milliseconds_per_batch,10.945096835,10.9238015,11.184808550000001,91.36511216622782,91.98736936149277,125608960,134217728,,,
cifar10/vit_small/grayscale/compact/p60/seed0,cifar10,vit_small,grayscale,compact,60,0,heldout_val,45000,compact,4ba79ef9f76ff06df88f37ba7586b1b5a3ac8b43008b3eed0ca6a744393e6687,8,clean,test,clean,/ceph/sagnihot/projects/Lorena_Contrastive_Representation_Arch/sparse_contrast_benchmark_large_batch/outputs/runs/heldout_val/cifar10/vit_small/grayscale/compact/p60/seed0/4e457a136eb7808470549824ef62e9838b536697d530acd0f0ead5e6feb9bd8a/benchmark/4ba79ef9f76ff06df88f37ba7586b1b5a3ac8b43008b3eed0ca6a744393e6687/compact/batch8/cells/clean__test/summary.json,8cf7cb4ed21e87a32ce66316a24626cbfc6d0f22ae0d89603806dac5f2f05b5a,1047af87909095c2ee60f41793d839c504320f3b8ce40bf1751007d9ebe36dec,6dc371c0cf76ea1425e4dfa9,GPU-9cd70007-85f1-e078-40b5-dc79fbfc4f42,dws-17.informatik.uni-mannheim.de,356092,/ceph/sagnihot/projects/Lorena_Contrastive_Representation_Arch/sparse_contrast_benchmark_large_batch/outputs/runs/heldout_val/cifar10/vit_small/grayscale/compact/p60/seed0/4e457a136eb7808470549824ef62e9838b536697d530acd0f0ead5e6feb9bd8a/benchmark/4ba79ef9f76ff06df88f37ba7586b1b5a3ac8b43008b3eed0ca6a744393e6687/compact/batch8/sessions/6dc371c0cf76ea1425e4dfa9/hardware.json,61a4ba3c38ffa414d135e841d76e3e3a3b7c3afe9be27bda210d781330577b7d,gpu_raw_to_logits,1.44966766375,200,False,milliseconds_per_batch,11.59734131,11.5848185,11.707861549999999,689.8132758326142,692.9285807684444,165411840,197132288,,,
cifar10/vit_small/grayscale/compact/p60/seed0,cifar10,vit_small,grayscale,dense_masked,60,0,heldout_val,45000,compact,4ba79ef9f76ff06df88f37ba7586b1b5a3ac8b43008b3eed0ca6a744393e6687,1,clean,test,clean,/ceph/sagnihot/projects/Lorena_Contrastive_Representation_Arch/sparse_contrast_benchmark_large_batch/outputs/runs/heldout_val/cifar10/vit_small/grayscale/compact/p60/seed0/4e457a136eb7808470549824ef62e9838b536697d530acd0f0ead5e6feb9bd8a/benchmark/4ba79ef9f76ff06df88f37ba7586b1b5a3ac8b43008b3eed0ca6a744393e6687/dense_masked/batch1/cells/clean__test/summary.json,8cf7cb4ed21e87a32ce66316a24626cbfc6d0f22ae0d89603806dac5f2f05b5a,1047af87909095c2ee60f41793d839c504320f3b8ce40bf1751007d9ebe36dec,e94966108908bd1941b9f4cc,GPU-06b38271-0d28-577f-70ed-385056ea4a17,dws-15.informatik.uni-mannheim.de,356154,/ceph/sagnihot/projects/Lorena_Contrastive_Representation_Arch/sparse_contrast_benchmark_large_batch/outputs/runs/heldout_val/cifar10/vit_small/grayscale/compact/p60/seed0/4e457a136eb7808470549824ef62e9838b536697d530acd0f0ead5e6feb9bd8a/benchmark/4ba79ef9f76ff06df88f37ba7586b1b5a3ac8b43008b3eed0ca6a744393e6687/dense_masked/batch1/sessions/e94966108908bd1941b9f4cc/hardware.json,b175357175f5f78745d55ff1b74f861ac6df6eff3ea0533dacc4cce167dae79e,gpu_raw_to_logits,10.634023070000001,200,False,milliseconds_per_batch,10.634023070000001,10.638679,10.700818,94.03778733761953,94.72073756083051,127235072,153092096,,,
cifar10/vit_small/grayscale/compact/p60/seed0,cifar10,vit_small,grayscale,dense_masked,60,0,heldout_val,45000,compact,4ba79ef9f76ff06df88f37ba7586b1b5a3ac8b43008b3eed0ca6a744393e6687,8,clean,test,clean,/ceph/sagnihot/projects/Lorena_Contrastive_Representation_Arch/sparse_contrast_benchmark_large_batch/outputs/runs/heldout_val/cifar10/vit_small/grayscale/compact/p60/seed0/4e457a136eb7808470549824ef62e9838b536697d530acd0f0ead5e6feb9bd8a/benchmark/4ba79ef9f76ff06df88f37ba7586b1b5a3ac8b43008b3eed0ca6a744393e6687/dense_masked/batch8/cells/clean__test/summary.json,8cf7cb4ed21e87a32ce66316a24626cbfc6d0f22ae0d89603806dac5f2f05b5a,1047af87909095c2ee60f41793d839c504320f3b8ce40bf1751007d9ebe36dec,e7a84b3e255e3a03a39aec37,GPU-06b38271-0d28-577f-70ed-385056ea4a17,dws-15.informatik.uni-mannheim.de,356074,/ceph/sagnihot/projects/Lorena_Contrastive_Representation_Arch/sparse_contrast_benchmark_large_batch/outputs/runs/heldout_val/cifar10/vit_small/grayscale/compact/p60/seed0/4e457a136eb7808470549824ef62e9838b536697d530acd0f0ead5e6feb9bd8a/benchmark/4ba79ef9f76ff06df88f37ba7586b1b5a3ac8b43008b3eed0ca6a744393e6687/dense_masked/batch8/sessions/e7a84b3e255e3a03a39aec37/hardware.json,3545433d31ffd2826ca7f1b84e8799ddbd4d7d5845b7c113386b3a8ea7b16431,gpu_raw_to_logits,1.489207476875,200,False,milliseconds_per_batch,11.913659815,11.917086999999999,11.947626049999998,671.4981058908135,706.695135903773,177002496,205520896,,,
cifar10/vit_small/grayscale/compact/p60/seed1,cifar10,vit_small,grayscale,compact,60,1,heldout_val,45000,compact,4ba79ef9f76ff06df88f37ba7586b1b5a3ac8b43008b3eed0ca6a744393e6687,1,clean,test,clean,/ceph/sagnihot/projects/Lorena_Contrastive_Representation_Arch/sparse_contrast_benchmark_large_batch/outputs/runs/heldout_val/cifar10/vit_small/grayscale/compact/p60/seed1/75604d371dab166641531b37ece19c7bd98e91f5f446a61eb342a47e10961ded/benchmark/4ba79ef9f76ff06df88f37ba7586b1b5a3ac8b43008b3eed0ca6a744393e6687/compact/batch1/cells/clean__test/summary.json,a6798e554d7448692b9657c08ba301619231d9891f8c8853b1cc0421cd5e9481,1047af87909095c2ee60f41793d839c504320f3b8ce40bf1751007d9ebe36dec,59c3f08d527393b73f8af571,GPU-341b7443-8b5a-384a-c332-1ae92a8e79ef,dws-14.informatik.uni-mannheim.de,356392,/ceph/sagnihot/projects/Lorena_Contrastive_Representation_Arch/sparse_contrast_benchmark_large_batch/outputs/runs/heldout_val/cifar10/vit_small/grayscale/compact/p60/seed1/75604d371dab166641531b37ece19c7bd98e91f5f446a61eb342a47e10961ded/benchmark/4ba79ef9f76ff06df88f37ba7586b1b5a3ac8b43008b3eed0ca6a744393e6687/compact/batch1/sessions/59c3f08d527393b73f8af571/hardware.json,d4adceefd0edcbf8fb1b32447fc1b4a64eac752f0ce44faba33e78f99a2e5e5c,gpu_raw_to_logits,10.876676995,200,False,milliseconds_per_batch,10.876676995,10.8664345,11.00185505,91.93984527256801,92.50683853913061,125608960,134217728,,,
cifar10/vit_small/grayscale/compact/p60/seed1,cifar10,vit_small,grayscale,compact,60,1,heldout_val,45000,compact,4ba79ef9f76ff06df88f37ba7586b1b5a3ac8b43008b3eed0ca6a744393e6687,8,clean,test,clean,/ceph/sagnihot/projects/Lorena_Contrastive_Representation_Arch/sparse_contrast_benchmark_large_batch/outputs/runs/heldout_val/cifar10/vit_small/grayscale/compact/p60/seed1/75604d371dab166641531b37ece19c7bd98e91f5f446a61eb342a47e10961ded/benchmark/4ba79ef9f76ff06df88f37ba7586b1b5a3ac8b43008b3eed0ca6a744393e6687/compact/batch8/cells/clean__test/summary.json,a6798e554d7448692b9657c08ba301619231d9891f8c8853b1cc0421cd5e9481,1047af87909095c2ee60f41793d839c504320f3b8ce40bf1751007d9ebe36dec,37ae30b8153adf8fc7e97777,GPU-3c4d3e9f-5f29-d09b-670c-577cfa6a3222,dws-14.informatik.uni-mannheim.de,356265,/ceph/sagnihot/projects/Lorena_Contrastive_Representation_Arch/sparse_contrast_benchmark_large_batch/outputs/runs/heldout_val/cifar10/vit_small/grayscale/compact/p60/seed1/75604d371dab166641531b37ece19c7bd98e91f5f446a61eb342a47e10961ded/benchmark/4ba79ef9f76ff06df88f37ba7586b1b5a3ac8b43008b3eed0ca6a744393e6687/compact/batch8/sessions/37ae30b8153adf8fc7e97777/hardware.json,11c63ad3a097ace939665c1faf7a2ddc84a8b377e684d8fb319108cdeb0f81f1,gpu_raw_to_logits,1.463917986875,200,False,milliseconds_per_batch,11.711343895,11.7010445,11.8097775,683.0983763883402,686.363908660968,165411840,197132288,,,
cifar10/vit_small/grayscale/compact/p60/seed1,cifar10,vit_small,grayscale,dense_masked,60,1,heldout_val,45000,compact,4ba79ef9f76ff06df88f37ba7586b1b5a3ac8b43008b3eed0ca6a744393e6687,1,clean,test,clean,/ceph/sagnihot/projects/Lorena_Contrastive_Representation_Arch/sparse_contrast_benchmark_large_batch/outputs/runs/heldout_val/cifar10/vit_small/grayscale/compact/p60/seed1/75604d371dab166641531b37ece19c7bd98e91f5f446a61eb342a47e10961ded/benchmark/4ba79ef9f76ff06df88f37ba7586b1b5a3ac8b43008b3eed0ca6a744393e6687/dense_masked/batch1/cells/clean__test/summary.json,a6798e554d7448692b9657c08ba301619231d9891f8c8853b1cc0421cd5e9481,1047af87909095c2ee60f41793d839c504320f3b8ce40bf1751007d9ebe36dec,2b692129122ee6e9ce11c0aa,GPU-e6e845f9-3c22-93b8-96f8-297c8daa1153,dws-16.informatik.uni-mannheim.de,356386,/ceph/sagnihot/projects/Lorena_Contrastive_Representation_Arch/sparse_contrast_benchmark_large_batch/outputs/runs/heldout_val/cifar10/vit_small/grayscale/compact/p60/seed1/75604d371dab166641531b37ece19c7bd98e91f5f446a61eb342a47e10961ded/benchmark/4ba79ef9f76ff06df88f37ba7586b1b5a3ac8b43008b3eed0ca6a744393e6687/dense_masked/batch1/sessions/2b692129122ee6e9ce11c0aa/hardware.json,a03fac5e27dbfe1a6a4148d2b8c47c5122b971d9b962e10774525f8e5c3119a3,gpu_raw_to_logits,10.52340005,200,False,milliseconds_per_batch,10.52340005,10.517365,10.556239,95.02632183977458,95.55227096853655,127235072,153092096,,,
cifar10/vit_small/grayscale/compact/p60/seed1,cifar10,vit_small,grayscale,dense_masked,60,1,heldout_val,45000,compact,4ba79ef9f76ff06df88f37ba7586b1b5a3ac8b43008b3eed0ca6a744393e6687,8,clean,test,clean,/ceph/sagnihot/projects/Lorena_Contrastive_Representation_Arch/sparse_contrast_benchmark_large_batch/outputs/runs/heldout_val/cifar10/vit_small/grayscale/compact/p60/seed1/75604d371dab166641531b37ece19c7bd98e91f5f446a61eb342a47e10961ded/benchmark/4ba79ef9f76ff06df88f37ba7586b1b5a3ac8b43008b3eed0ca6a744393e6687/dense_masked/batch8/cells/clean__test/summary.json,a6798e554d7448692b9657c08ba301619231d9891f8c8853b1cc0421cd5e9481,1047af87909095c2ee60f41793d839c504320f3b8ce40bf1751007d9ebe36dec,2fe9509eef835bd17ed0a8a5,GPU-e6e845f9-3c22-93b8-96f8-297c8daa1153,dws-16.informatik.uni-mannheim.de,356272,/ceph/sagnihot/projects/Lorena_Contrastive_Representation_Arch/sparse_contrast_benchmark_large_batch/outputs/runs/heldout_val/cifar10/vit_small/grayscale/compact/p60/seed1/75604d371dab166641531b37ece19c7bd98e91f5f446a61eb342a47e10961ded/benchmark/4ba79ef9f76ff06df88f37ba7586b1b5a3ac8b43008b3eed0ca6a744393e6687/dense_masked/batch8/sessions/2fe9509eef835bd17ed0a8a5/hardware.json,896f5ff8c951bce165c1552149ea0085405ac1d63b8921d8838ae3f3d4c2f518,gpu_raw_to_logits,1.479785514375,200,False,milliseconds_per_batch,11.838284115,11.819245500000001,11.92386155,675.7736106251576,707.3993940361968,177002496,205520896,,,
cifar10/vit_small/grayscale/compact/p60/seed2,cifar10,vit_small,grayscale,compact,60,2,heldout_val,45000,compact,4ba79ef9f76ff06df88f37ba7586b1b5a3ac8b43008b3eed0ca6a744393e6687,1,clean,test,clean,/ceph/sagnihot/projects/Lorena_Contrastive_Representation_Arch/sparse_contrast_benchmark_large_batch/outputs/runs/heldout_val/cifar10/vit_small/grayscale/compact/p60/seed2/4591a63d77caf41996360a297a310d98ea037e628e2d0242d341e0e47b435406/benchmark/4ba79ef9f76ff06df88f37ba7586b1b5a3ac8b43008b3eed0ca6a744393e6687/compact/batch1/cells/clean__test/summary.json,7d214cb5c5b8fe555f42890ec18f2dd05e46a382c93cbef686c19b52c08a5bb4,1047af87909095c2ee60f41793d839c504320f3b8ce40bf1751007d9ebe36dec,613cee7ffcda910ce5e8ab89,GPU-6a51c64d-bf06-4a42-493f-f551224fe482,dws-16.informatik.uni-mannheim.de,356239,/ceph/sagnihot/projects/Lorena_Contrastive_Representation_Arch/sparse_contrast_benchmark_large_batch/outputs/runs/heldout_val/cifar10/vit_small/grayscale/compact/p60/seed2/4591a63d77caf41996360a297a310d98ea037e628e2d0242d341e0e47b435406/benchmark/4ba79ef9f76ff06df88f37ba7586b1b5a3ac8b43008b3eed0ca6a744393e6687/compact/batch1/sessions/613cee7ffcda910ce5e8ab89/hardware.json,35a5dd4f98618b4cd6cffb5b701fcdb67b4403ac90a238e70476e5dea087bf27,gpu_raw_to_logits,10.884241085000001,200,False,milliseconds_per_batch,10.884241085000001,10.8751775,10.97259795,91.87595094509062,92.47135746285035,125608960,134217728,,,
cifar10/vit_small/grayscale/compact/p60/seed2,cifar10,vit_small,grayscale,compact,60,2,heldout_val,45000,compact,4ba79ef9f76ff06df88f37ba7586b1b5a3ac8b43008b3eed0ca6a744393e6687,8,clean,test,clean,/ceph/sagnihot/projects/Lorena_Contrastive_Representation_Arch/sparse_contrast_benchmark_large_batch/outputs/runs/heldout_val/cifar10/vit_small/grayscale/compact/p60/seed2/4591a63d77caf41996360a297a310d98ea037e628e2d0242d341e0e47b435406/benchmark/4ba79ef9f76ff06df88f37ba7586b1b5a3ac8b43008b3eed0ca6a744393e6687/compact/batch8/cells/clean__test/summary.json,7d214cb5c5b8fe555f42890ec18f2dd05e46a382c93cbef686c19b52c08a5bb4,1047af87909095c2ee60f41793d839c504320f3b8ce40bf1751007d9ebe36dec,eac22d3665ee3431b7d6528d,GPU-c2a69794-9915-62d8-f505-dd50bb3101f9,dws-16.informatik.uni-mannheim.de,356546,/ceph/sagnihot/projects/Lorena_Contrastive_Representation_Arch/sparse_contrast_benchmark_large_batch/outputs/runs/heldout_val/cifar10/vit_small/grayscale/compact/p60/seed2/4591a63d77caf41996360a297a310d98ea037e628e2d0242d341e0e47b435406/benchmark/4ba79ef9f76ff06df88f37ba7586b1b5a3ac8b43008b3eed0ca6a744393e6687/compact/batch8/sessions/eac22d3665ee3431b7d6528d/hardware.json,51983dca572c10ce78d38820670de49e25df239a655d045488a477d8d4bb1f29,gpu_raw_to_logits,1.4269022468750001,200,False,milliseconds_per_batch,11.415217975000001,11.4141595,11.525040500000001,700.8188558046347,703.3120082934482,165411840,197132288,,,
cifar10/vit_small/grayscale/compact/p60/seed2,cifar10,vit_small,grayscale,dense_masked,60,2,heldout_val,45000,compact,4ba79ef9f76ff06df88f37ba7586b1b5a3ac8b43008b3eed0ca6a744393e6687,1,clean,test,clean,/ceph/sagnihot/projects/Lorena_Contrastive_Representation_Arch/sparse_contrast_benchmark_large_batch/outputs/runs/heldout_val/cifar10/vit_small/grayscale/compact/p60/seed2/4591a63d77caf41996360a297a310d98ea037e628e2d0242d341e0e47b435406/benchmark/4ba79ef9f76ff06df88f37ba7586b1b5a3ac8b43008b3eed0ca6a744393e6687/dense_masked/batch1/cells/clean__test/summary.json,7d214cb5c5b8fe555f42890ec18f2dd05e46a382c93cbef686c19b52c08a5bb4,1047af87909095c2ee60f41793d839c504320f3b8ce40bf1751007d9ebe36dec,5595c85f8e7a41962a7af6ea,GPU-c55903af-5db0-830f-c63e-9b6124f41a6e,dws-15.informatik.uni-mannheim.de,356224,/ceph/sagnihot/projects/Lorena_Contrastive_Representation_Arch/sparse_contrast_benchmark_large_batch/outputs/runs/heldout_val/cifar10/vit_small/grayscale/compact/p60/seed2/4591a63d77caf41996360a297a310d98ea037e628e2d0242d341e0e47b435406/benchmark/4ba79ef9f76ff06df88f37ba7586b1b5a3ac8b43008b3eed0ca6a744393e6687/dense_masked/batch1/sessions/5595c85f8e7a41962a7af6ea/hardware.json,889af1e40fd43b481bbb28653d0366768babea79e206e87e393e59238db89e48,gpu_raw_to_logits,10.875160555000003,200,False,milliseconds_per_batch,10.875160555000003,10.868084,10.977107,91.9526654289473,92.44333636355965,127235072,153092096,,,
cifar10/vit_small/grayscale/compact/p60/seed2,cifar10,vit_small,grayscale,dense_masked,60,2,heldout_val,45000,compact,4ba79ef9f76ff06df88f37ba7586b1b5a3ac8b43008b3eed0ca6a744393e6687,8,clean,test,clean,/ceph/sagnihot/projects/Lorena_Contrastive_Representation_Arch/sparse_contrast_benchmark_large_batch/outputs/runs/heldout_val/cifar10/vit_small/grayscale/compact/p60/seed2/4591a63d77caf41996360a297a310d98ea037e628e2d0242d341e0e47b435406/benchmark/4ba79ef9f76ff06df88f37ba7586b1b5a3ac8b43008b3eed0ca6a744393e6687/dense_masked/batch8/cells/clean__test/summary.json,7d214cb5c5b8fe555f42890ec18f2dd05e46a382c93cbef686c19b52c08a5bb4,1047af87909095c2ee60f41793d839c504320f3b8ce40bf1751007d9ebe36dec,1c580e2461fcc8dbf52b89b6,GPU-2abde990-8e1a-6891-aa1a-04ce166b899e,dws-14.informatik.uni-mannheim.de,356560,/ceph/sagnihot/projects/Lorena_Contrastive_Representation_Arch/sparse_contrast_benchmark_large_batch/outputs/runs/heldout_val/cifar10/vit_small/grayscale/compact/p60/seed2/4591a63d77caf41996360a297a310d98ea037e628e2d0242d341e0e47b435406/benchmark/4ba79ef9f76ff06df88f37ba7586b1b5a3ac8b43008b3eed0ca6a744393e6687/dense_masked/batch8/sessions/1c580e2461fcc8dbf52b89b6/hardware.json,5f4d87be42584db2cdb76b491e57a45857987e2dfabfb826dc68a1db7b623ed1,gpu_raw_to_logits,1.5449755012499997,200,False,milliseconds_per_batch,12.359804009999998,12.341619999999999,12.58524795,647.2594543997143,678.5386888676474,177002496,205520896,,,
cifar10/swin_tiny/grayscale/compact/p60/seed0,cifar10,swin_tiny,grayscale,compact,60,0,heldout_val,45000,compact,4ba79ef9f76ff06df88f37ba7586b1b5a3ac8b43008b3eed0ca6a744393e6687,1,clean,test,clean,/ceph/sagnihot/projects/Lorena_Contrastive_Representation_Arch/sparse_contrast_benchmark_large_batch/outputs/runs/heldout_val/cifar10/swin_tiny/grayscale/compact/p60/seed0/6ad30a87eb1d2dbd01e987b0b120372945194a615df65f8e173c834faaef258d/benchmark/4ba79ef9f76ff06df88f37ba7586b1b5a3ac8b43008b3eed0ca6a744393e6687/compact/batch1/cells/clean__test/summary.json,ec2573c8d5c4300a10667bfbd9aff490c3f6ff9ea8dd4fdbacb2fb0a5679efcc,1047af87909095c2ee60f41793d839c504320f3b8ce40bf1751007d9ebe36dec,265e4480c4e128b9195f277e,GPU-ccd2ce90-fc5e-e588-2130-c549ef80a4b2,dws-17.informatik.uni-mannheim.de,356292,/ceph/sagnihot/projects/Lorena_Contrastive_Representation_Arch/sparse_contrast_benchmark_large_batch/outputs/runs/heldout_val/cifar10/swin_tiny/grayscale/compact/p60/seed0/6ad30a87eb1d2dbd01e987b0b120372945194a615df65f8e173c834faaef258d/benchmark/4ba79ef9f76ff06df88f37ba7586b1b5a3ac8b43008b3eed0ca6a744393e6687/compact/batch1/sessions/265e4480c4e128b9195f277e/hardware.json,9d2edcc95a10d3c649640dfd0c709a1794b7b0707922a75d5920ef577f8fe56c,gpu_raw_to_logits,34.7510843,200,False,milliseconds_per_batch,34.7510843,35.0549015,37.34460445,28.776080520745072,28.85919888112932,147110912,171966464,,,
cifar10/swin_tiny/grayscale/compact/p60/seed0,cifar10,swin_tiny,grayscale,compact,60,0,heldout_val,45000,compact,4ba79ef9f76ff06df88f37ba7586b1b5a3ac8b43008b3eed0ca6a744393e6687,8,clean,test,clean,/ceph/sagnihot/projects/Lorena_Contrastive_Representation_Arch/sparse_contrast_benchmark_large_batch/outputs/runs/heldout_val/cifar10/swin_tiny/grayscale/compact/p60/seed0/6ad30a87eb1d2dbd01e987b0b120372945194a615df65f8e173c834faaef258d/benchmark/4ba79ef9f76ff06df88f37ba7586b1b5a3ac8b43008b3eed0ca6a744393e6687/compact/batch8/cells/clean__test/summary.json,ec2573c8d5c4300a10667bfbd9aff490c3f6ff9ea8dd4fdbacb2fb0a5679efcc,1047af87909095c2ee60f41793d839c504320f3b8ce40bf1751007d9ebe36dec,983dd9d97e801f502f5665c5,GPU-c476ede2-2dce-734b-a3bf-f82ba9731367,dws-17.informatik.uni-mannheim.de,356207,/ceph/sagnihot/projects/Lorena_Contrastive_Representation_Arch/sparse_contrast_benchmark_large_batch/outputs/runs/heldout_val/cifar10/swin_tiny/grayscale/compact/p60/seed0/6ad30a87eb1d2dbd01e987b0b120372945194a615df65f8e173c834faaef258d/benchmark/4ba79ef9f76ff06df88f37ba7586b1b5a3ac8b43008b3eed0ca6a744393e6687/compact/batch8/sessions/983dd9d97e801f502f5665c5/hardware.json,762dd6771d72d2e21fafea6852ff75d6457cfd618f1af78dfd46b73c9f926164,gpu_raw_to_logits,5.937999331875,200,False,milliseconds_per_batch,47.503994655,46.8517695,53.7117984,168.40688994894802,167.79905113464497,161100800,180355072,,,
cifar10/swin_tiny/grayscale/compact/p60/seed0,cifar10,swin_tiny,grayscale,dense_masked,60,0,heldout_val,45000,compact,4ba79ef9f76ff06df88f37ba7586b1b5a3ac8b43008b3eed0ca6a744393e6687,1,clean,test,clean,/ceph/sagnihot/projects/Lorena_Contrastive_Representation_Arch/sparse_contrast_benchmark_large_batch/outputs/runs/heldout_val/cifar10/swin_tiny/grayscale/compact/p60/seed0/6ad30a87eb1d2dbd01e987b0b120372945194a615df65f8e173c834faaef258d/benchmark/4ba79ef9f76ff06df88f37ba7586b1b5a3ac8b43008b3eed0ca6a744393e6687/dense_masked/batch1/cells/clean__test/summary.json,ec2573c8d5c4300a10667bfbd9aff490c3f6ff9ea8dd4fdbacb2fb0a5679efcc,1047af87909095c2ee60f41793d839c504320f3b8ce40bf1751007d9ebe36dec,fc078fd0b32b734bf5a7522e,GPU-5da9317b-8d2a-a0c9-2193-9a06a1e8cea0,dws-15.informatik.uni-mannheim.de,356296,/ceph/sagnihot/projects/Lorena_Contrastive_Representation_Arch/sparse_contrast_benchmark_large_batch/outputs/runs/heldout_val/cifar10/swin_tiny/grayscale/compact/p60/seed0/6ad30a87eb1d2dbd01e987b0b120372945194a615df65f8e173c834faaef258d/benchmark/4ba79ef9f76ff06df88f37ba7586b1b5a3ac8b43008b3eed0ca6a744393e6687/dense_masked/batch1/sessions/fc078fd0b32b734bf5a7522e/hardware.json,39c3bbcf024e14f267c7e65d05b6f5338d3b0026aa197bed2cb5ece933489e0a,gpu_raw_to_logits,18.769198779999996,200,False,milliseconds_per_batch,18.769198779999996,18.738124,18.89243995,53.278779329972025,53.421349151557216,147389952,171966464,,,
cifar10/swin_tiny/grayscale/compact/p60/seed0,cifar10,swin_tiny,grayscale,dense_masked,60,0,heldout_val,45000,compact,4ba79ef9f76ff06df88f37ba7586b1b5a3ac8b43008b3eed0ca6a744393e6687,8,clean,test,clean,/ceph/sagnihot/projects/Lorena_Contrastive_Representation_Arch/sparse_contrast_benchmark_large_batch/outputs/runs/heldout_val/cifar10/swin_tiny/grayscale/compact/p60/seed0/6ad30a87eb1d2dbd01e987b0b120372945194a615df65f8e173c834faaef258d/benchmark/4ba79ef9f76ff06df88f37ba7586b1b5a3ac8b43008b3eed0ca6a744393e6687/dense_masked/batch8/cells/clean__test/summary.json,ec2573c8d5c4300a10667bfbd9aff490c3f6ff9ea8dd4fdbacb2fb0a5679efcc,1047af87909095c2ee60f41793d839c504320f3b8ce40bf1751007d9ebe36dec,2851046b498ac47180558478,GPU-1f83b2aa-ac0f-5856-0d2f-ccb71f33e687,dws-17.informatik.uni-mannheim.de,356186,/ceph/sagnihot/projects/Lorena_Contrastive_Representation_Arch/sparse_contrast_benchmark_large_batch/outputs/runs/heldout_val/cifar10/swin_tiny/grayscale/compact/p60/seed0/6ad30a87eb1d2dbd01e987b0b120372945194a615df65f8e173c834faaef258d/benchmark/4ba79ef9f76ff06df88f37ba7586b1b5a3ac8b43008b3eed0ca6a744393e6687/dense_masked/batch8/sessions/2851046b498ac47180558478/hardware.json,7ff8ed3396efd0327f853b5c30c2c78649902b35ec8520080e0327f6e8ad8f82,gpu_raw_to_logits,2.383219783125,200,False,milliseconds_per_batch,19.065758265,19.0348225,19.176811999999998,419.6004107891169,421.33640142355017,163837952,182452224,,,
cifar10/swin_tiny/grayscale/compact/p60/seed1,cifar10,swin_tiny,grayscale,compact,60,1,heldout_val,45000,compact,4ba79ef9f76ff06df88f37ba7586b1b5a3ac8b43008b3eed0ca6a744393e6687,1,clean,test,clean,/ceph/sagnihot/projects/Lorena_Contrastive_Representation_Arch/sparse_contrast_benchmark_large_batch/outputs/runs/heldout_val/cifar10/swin_tiny/grayscale/compact/p60/seed1/eaf9cbda19b693bf797585b3034eaa99051eed942fcba224fc390a5d90513e1c/benchmark/4ba79ef9f76ff06df88f37ba7586b1b5a3ac8b43008b3eed0ca6a744393e6687/compact/batch1/cells/clean__test/summary.json,b02e196ba07af5d25c2ed8e349cb83341cdc8d4ba6b78749d0d74d305f15e8fc,1047af87909095c2ee60f41793d839c504320f3b8ce40bf1751007d9ebe36dec,512d776b0e2585244db3a69c,GPU-06b38271-0d28-577f-70ed-385056ea4a17,dws-15.informatik.uni-mannheim.de,356370,/ceph/sagnihot/projects/Lorena_Contrastive_Representation_Arch/sparse_contrast_benchmark_large_batch/outputs/runs/heldout_val/cifar10/swin_tiny/grayscale/compact/p60/seed1/eaf9cbda19b693bf797585b3034eaa99051eed942fcba224fc390a5d90513e1c/benchmark/4ba79ef9f76ff06df88f37ba7586b1b5a3ac8b43008b3eed0ca6a744393e6687/compact/batch1/sessions/512d776b0e2585244db3a69c/hardware.json,a85d96ab67e29dade0fc28338b1e0b6ffbae8b4f11e2a95b4729c285cb54afb2,gpu_raw_to_logits,34.78381849,200,False,milliseconds_per_batch,34.78381849,34.783723,37.387592049999995,28.74900006413873,28.80022705868611,147110912,171966464,,,
cifar10/swin_tiny/grayscale/compact/p60/seed1,cifar10,swin_tiny,grayscale,compact,60,1,heldout_val,45000,compact,4ba79ef9f76ff06df88f37ba7586b1b5a3ac8b43008b3eed0ca6a744393e6687,8,clean,test,clean,/ceph/sagnihot/projects/Lorena_Contrastive_Representation_Arch/sparse_contrast_benchmark_large_batch/outputs/runs/heldout_val/cifar10/swin_tiny/grayscale/compact/p60/seed1/eaf9cbda19b693bf797585b3034eaa99051eed942fcba224fc390a5d90513e1c/benchmark/4ba79ef9f76ff06df88f37ba7586b1b5a3ac8b43008b3eed0ca6a744393e6687/compact/batch8/cells/clean__test/summary.json,b02e196ba07af5d25c2ed8e349cb83341cdc8d4ba6b78749d0d74d305f15e8fc,1047af87909095c2ee60f41793d839c504320f3b8ce40bf1751007d9ebe36dec,ac8a9b2556d0ba5e78471f5c,GPU-057d9712-c078-2d61-f31b-b536361f3d64,dws-17.informatik.uni-mannheim.de,356476,/ceph/sagnihot/projects/Lorena_Contrastive_Representation_Arch/sparse_contrast_benchmark_large_batch/outputs/runs/heldout_val/cifar10/swin_tiny/grayscale/compact/p60/seed1/eaf9cbda19b693bf797585b3034eaa99051eed942fcba224fc390a5d90513e1c/benchmark/4ba79ef9f76ff06df88f37ba7586b1b5a3ac8b43008b3eed0ca6a744393e6687/compact/batch8/sessions/ac8a9b2556d0ba5e78471f5c/hardware.json,2d5be2d7c3de25fb3872230b9d2b997e753d9838b976ecf861a44927f13aba73,gpu_raw_to_logits,5.96127041625,200,False,milliseconds_per_batch,47.69016333,46.858541,53.6270635,167.7494779089489,167.35211173430588,161100800,180355072,,,
cifar10/swin_tiny/grayscale/compact/p60/seed1,cifar10,swin_tiny,grayscale,dense_masked,60,1,heldout_val,45000,compact,4ba79ef9f76ff06df88f37ba7586b1b5a3ac8b43008b3eed0ca6a744393e6687,1,clean,test,clean,/ceph/sagnihot/projects/Lorena_Contrastive_Representation_Arch/sparse_contrast_benchmark_large_batch/outputs/runs/heldout_val/cifar10/swin_tiny/grayscale/compact/p60/seed1/eaf9cbda19b693bf797585b3034eaa99051eed942fcba224fc390a5d90513e1c/benchmark/4ba79ef9f76ff06df88f37ba7586b1b5a3ac8b43008b3eed0ca6a744393e6687/dense_masked/batch1/cells/clean__test/summary.json,b02e196ba07af5d25c2ed8e349cb83341cdc8d4ba6b78749d0d74d305f15e8fc,1047af87909095c2ee60f41793d839c504320f3b8ce40bf1751007d9ebe36dec,7ae1705788f147e79ded1fd0,GPU-ea168bc9-6659-9063-9f09-f5eb9406db2e,dws-14.informatik.uni-mannheim.de,356349,/ceph/sagnihot/projects/Lorena_Contrastive_Representation_Arch/sparse_contrast_benchmark_large_batch/outputs/runs/heldout_val/cifar10/swin_tiny/grayscale/compact/p60/seed1/eaf9cbda19b693bf797585b3034eaa99051eed942fcba224fc390a5d90513e1c/benchmark/4ba79ef9f76ff06df88f37ba7586b1b5a3ac8b43008b3eed0ca6a744393e6687/dense_masked/batch1/sessions/7ae1705788f147e79ded1fd0/hardware.json,d3a5efa2a7b0bbaa2ca84b5367871d095f27f9cdad7d80eb49f54d062e707516,gpu_raw_to_logits,18.595695125,200,False,milliseconds_per_batch,18.595695125,18.573307,18.635641,53.7758870146028,53.96077232944002,147389952,171966464,,,
cifar10/swin_tiny/grayscale/compact/p60/seed1,cifar10,swin_tiny,grayscale,dense_masked,60,1,heldout_val,45000,compact,4ba79ef9f76ff06df88f37ba7586b1b5a3ac8b43008b3eed0ca6a744393e6687,8,clean,test,clean,/ceph/sagnihot/projects/Lorena_Contrastive_Representation_Arch/sparse_contrast_benchmark_large_batch/outputs/runs/heldout_val/cifar10/swin_tiny/grayscale/compact/p60/seed1/eaf9cbda19b693bf797585b3034eaa99051eed942fcba224fc390a5d90513e1c/benchmark/4ba79ef9f76ff06df88f37ba7586b1b5a3ac8b43008b3eed0ca6a744393e6687/dense_masked/batch8/cells/clean__test/summary.json,b02e196ba07af5d25c2ed8e349cb83341cdc8d4ba6b78749d0d74d305f15e8fc,1047af87909095c2ee60f41793d839c504320f3b8ce40bf1751007d9ebe36dec,8350f30f5049dbe3e16d6096,GPU-754d5c8c-b1a9-8a02-5490-265b762a166f,dws-14.informatik.uni-mannheim.de,356483,/ceph/sagnihot/projects/Lorena_Contrastive_Representation_Arch/sparse_contrast_benchmark_large_batch/outputs/runs/heldout_val/cifar10/swin_tiny/grayscale/compact/p60/seed1/eaf9cbda19b693bf797585b3034eaa99051eed942fcba224fc390a5d90513e1c/benchmark/4ba79ef9f76ff06df88f37ba7586b1b5a3ac8b43008b3eed0ca6a744393e6687/dense_masked/batch8/sessions/8350f30f5049dbe3e16d6096/hardware.json,15c784177237dd634ac32eb14f219e12fa5f265fd74d434a5b2419466b73dccc,gpu_raw_to_logits,2.3921252737499996,200,False,milliseconds_per_batch,19.137002189999997,19.0940775,19.22713155,418.0383071796054,419.77879658190824,163837952,182452224,,,
cifar10/swin_tiny/grayscale/compact/p60/seed2,cifar10,swin_tiny,grayscale,compact,60,2,heldout_val,45000,compact,4ba79ef9f76ff06df88f37ba7586b1b5a3ac8b43008b3eed0ca6a744393e6687,1,clean,test,clean,/ceph/sagnihot/projects/Lorena_Contrastive_Representation_Arch/sparse_contrast_benchmark_large_batch/outputs/runs/heldout_val/cifar10/swin_tiny/grayscale/compact/p60/seed2/8ef8479d8600645ba34ffbf69212a57b6f8efbfd9eef81f1aebd96d5c47a8922/benchmark/4ba79ef9f76ff06df88f37ba7586b1b5a3ac8b43008b3eed0ca6a744393e6687/compact/batch1/cells/clean__test/summary.json,217b5cbf8fd523f1152322910ab10d6265175f803549b485b26a33d6152ede03,1047af87909095c2ee60f41793d839c504320f3b8ce40bf1751007d9ebe36dec,3cf4449e090b6ef18efdb1d1,GPU-0cde0b9c-c0ca-eb1e-5258-4dccf4a9332d,dws-16.informatik.uni-mannheim.de,356510,/ceph/sagnihot/projects/Lorena_Contrastive_Representation_Arch/sparse_contrast_benchmark_large_batch/outputs/runs/heldout_val/cifar10/swin_tiny/grayscale/compact/p60/seed2/8ef8479d8600645ba34ffbf69212a57b6f8efbfd9eef81f1aebd96d5c47a8922/benchmark/4ba79ef9f76ff06df88f37ba7586b1b5a3ac8b43008b3eed0ca6a744393e6687/compact/batch1/sessions/3cf4449e090b6ef18efdb1d1/hardware.json,e0d200aeb534d732d79eb4b563610846aa9b95d732a06a5d5499300e53d2a4b7,gpu_raw_to_logits,34.629145045,200,False,milliseconds_per_batch,34.629145045,34.9184085,36.946086449999996,28.877409439375896,28.9595854962169,147110912,171966464,,,
cifar10/swin_tiny/grayscale/compact/p60/seed2,cifar10,swin_tiny,grayscale,compact,60,2,heldout_val,45000,compact,4ba79ef9f76ff06df88f37ba7586b1b5a3ac8b43008b3eed0ca6a744393e6687,8,clean,test,clean,/ceph/sagnihot/projects/Lorena_Contrastive_Representation_Arch/sparse_contrast_benchmark_large_batch/outputs/runs/heldout_val/cifar10/swin_tiny/grayscale/compact/p60/seed2/8ef8479d8600645ba34ffbf69212a57b6f8efbfd9eef81f1aebd96d5c47a8922/benchmark/4ba79ef9f76ff06df88f37ba7586b1b5a3ac8b43008b3eed0ca6a744393e6687/compact/batch8/cells/clean__test/summary.json,217b5cbf8fd523f1152322910ab10d6265175f803549b485b26a33d6152ede03,1047af87909095c2ee60f41793d839c504320f3b8ce40bf1751007d9ebe36dec,b88a267cce6519c8e702a4cd,GPU-057d9712-c078-2d61-f31b-b536361f3d64,dws-17.informatik.uni-mannheim.de,356568,/ceph/sagnihot/projects/Lorena_Contrastive_Representation_Arch/sparse_contrast_benchmark_large_batch/outputs/runs/heldout_val/cifar10/swin_tiny/grayscale/compact/p60/seed2/8ef8479d8600645ba34ffbf69212a57b6f8efbfd9eef81f1aebd96d5c47a8922/benchmark/4ba79ef9f76ff06df88f37ba7586b1b5a3ac8b43008b3eed0ca6a744393e6687/compact/batch8/sessions/b88a267cce6519c8e702a4cd/hardware.json,79f522fbe962df7dfca002e939ae80c9631a8f6483938d7547653c1d214f0bac,gpu_raw_to_logits,5.923496166875,200,False,milliseconds_per_batch,47.387969335,46.767405,53.233562449999994,168.81921956700785,169.0768161017614,161100800,180355072,,,
cifar10/swin_tiny/grayscale/compact/p60/seed2,cifar10,swin_tiny,grayscale,dense_masked,60,2,heldout_val,45000,compact,4ba79ef9f76ff06df88f37ba7586b1b5a3ac8b43008b3eed0ca6a744393e6687,1,clean,test,clean,/ceph/sagnihot/projects/Lorena_Contrastive_Representation_Arch/sparse_contrast_benchmark_large_batch/outputs/runs/heldout_val/cifar10/swin_tiny/grayscale/compact/p60/seed2/8ef8479d8600645ba34ffbf69212a57b6f8efbfd9eef81f1aebd96d5c47a8922/benchmark/4ba79ef9f76ff06df88f37ba7586b1b5a3ac8b43008b3eed0ca6a744393e6687/dense_masked/batch1/cells/clean__test/summary.json,217b5cbf8fd523f1152322910ab10d6265175f803549b485b26a33d6152ede03,1047af87909095c2ee60f41793d839c504320f3b8ce40bf1751007d9ebe36dec,116b20bc3fdd5412cc9c7c5e,GPU-5da9317b-8d2a-a0c9-2193-9a06a1e8cea0,dws-15.informatik.uni-mannheim.de,356502,/ceph/sagnihot/projects/Lorena_Contrastive_Representation_Arch/sparse_contrast_benchmark_large_batch/outputs/runs/heldout_val/cifar10/swin_tiny/grayscale/compact/p60/seed2/8ef8479d8600645ba34ffbf69212a57b6f8efbfd9eef81f1aebd96d5c47a8922/benchmark/4ba79ef9f76ff06df88f37ba7586b1b5a3ac8b43008b3eed0ca6a744393e6687/dense_masked/batch1/sessions/116b20bc3fdd5412cc9c7c5e/hardware.json,1496e13798ed6690ca393ef5d5a361e7f733128b8ac670b5e9d3e4feb5fdcd77,gpu_raw_to_logits,18.566350625,200,False,milliseconds_per_batch,18.566350625,18.541513000000002,18.649337,53.86088091288538,54.03592856347144,147389952,171966464,,,
cifar10/swin_tiny/grayscale/compact/p60/seed2,cifar10,swin_tiny,grayscale,dense_masked,60,2,heldout_val,45000,compact,4ba79ef9f76ff06df88f37ba7586b1b5a3ac8b43008b3eed0ca6a744393e6687,8,clean,test,clean,/ceph/sagnihot/projects/Lorena_Contrastive_Representation_Arch/sparse_contrast_benchmark_large_batch/outputs/runs/heldout_val/cifar10/swin_tiny/grayscale/compact/p60/seed2/8ef8479d8600645ba34ffbf69212a57b6f8efbfd9eef81f1aebd96d5c47a8922/benchmark/4ba79ef9f76ff06df88f37ba7586b1b5a3ac8b43008b3eed0ca6a744393e6687/dense_masked/batch8/cells/clean__test/summary.json,217b5cbf8fd523f1152322910ab10d6265175f803549b485b26a33d6152ede03,1047af87909095c2ee60f41793d839c504320f3b8ce40bf1751007d9ebe36dec,b65134e504b26d6544acb151,GPU-0cde0b9c-c0ca-eb1e-5258-4dccf4a9332d,dws-16.informatik.uni-mannheim.de,356585,/ceph/sagnihot/projects/Lorena_Contrastive_Representation_Arch/sparse_contrast_benchmark_large_batch/outputs/runs/heldout_val/cifar10/swin_tiny/grayscale/compact/p60/seed2/8ef8479d8600645ba34ffbf69212a57b6f8efbfd9eef81f1aebd96d5c47a8922/benchmark/4ba79ef9f76ff06df88f37ba7586b1b5a3ac8b43008b3eed0ca6a744393e6687/dense_masked/batch8/sessions/b65134e504b26d6544acb151/hardware.json,39c549ecb36073d2001e794187be74f2699c5c965677bde0ced6c7f97409c3a1,gpu_raw_to_logits,2.3746598375000003,200,False,milliseconds_per_batch,18.997278700000003,18.968791,19.12986345,421.11294603473914,422.37250631384467,163837952,182452224,,,
