dataset,architecture,representation,execution,sparsity_percent,seed,batch_size,natural_zero_fraction,achieved_zero_fraction,retained_patches,executed_sequence_length,padding_tokens_per_image,window_length_groups_sum,stage0_active_per_image,stage1_active_per_image,stage2_active_per_image,stage3_active_per_image
mnist,vit_small,raw,dense,,0,1,0.8024425864219665,0.8024425864219665,51.47,197,0.0,0,,,,
mnist,vit_small,raw,dense,,0,8,0.803895870409906,0.803895870409906,51.0875,197,0.0,0,,,,
mnist,vit_small,grayscale,compact,60,0,1,0.674789526462555,0.6796364688873291,75.395,76.395,0.0,0,,,,
mnist,vit_small,grayscale,compact,60,0,8,0.6761774411052466,0.6806504996865987,75.185625,95.57,19.384375,0,,,,
mnist,swin_tiny,raw,dense,,0,1,0.8024425864219665,0.8024425864219665,51.47,0,0.0,0,196,49,16,4
mnist,swin_tiny,raw,dense,,0,8,0.803895870409906,0.803895870409906,51.0875,0,0.0,0,196,49,16,4
mnist,swin_tiny,grayscale,compact,60,0,1,0.674789526462555,0.6796364688873291,75.395,0,0.0,17.17,75.395,25.065,9.915,3.985
mnist,swin_tiny,grayscale,compact,60,0,8,0.6761774411052466,0.6806504996865987,75.185625,0,0.0,82.82,75.185625,24.915625,9.89,3.990625
cifar10,vit_small,raw,dense,,0,1,0.0019742838882666545,0.0019742838882666545,255.89,257,0.0,0,,,,
cifar10,vit_small,raw,dense,,0,8,0.0024369303938146913,0.0024369303938146913,255.8475,257,0.0,0,,,,
cifar10,vit_small,grayscale,compact,60,0,1,0.0002685546875,0.599609375,179.84,180.84,0.0,0,,,,
cifar10,vit_small,grayscale,compact,60,0,8,0.0004437255859375,0.599609375,179.335625,196.97,16.634375,0,,,,
cifar10,swin_tiny,raw,dense,,0,1,0.0019742838882666545,0.0019742838882666545,255.89,0,0.0,0,256,64,16,4
cifar10,swin_tiny,raw,dense,,0,8,0.0024369303938146913,0.0024369303938146913,255.8475,0,0.0,0,256,64,16,4
cifar10,swin_tiny,grayscale,compact,60,0,1,0.0002685546875,0.599609375,179.84,0,0.0,30.365,179.84,59.085,15.935,4
cifar10,swin_tiny,grayscale,compact,60,0,8,0.0004437255859375,0.599609375,179.335625,0,0.0,49.81,179.335625,58.975,15.950625,4
