study,dataset,architecture,representation,family,trained_execution,inference_execution,sparsification_domain,sparsity_percent,protocol,training_count,completed_seeds,expected_seeds,clean_accuracy_mean,clean_accuracy_sd,mCE_raw_mean,mCE_raw_sd,brightness_accuracy_mean,brightness_accuracy_sd,contrast_accuracy_mean,contrast_accuracy_sd,fog_accuracy_mean,fog_accuracy_sd,clean_loss_mean,clean_loss_sd
training_dense_testing_sparse,cifar10,vit_small,grayscale,compact0_compact_test,compact,compact,native_contrast,0,heldout_val,45000,3,3,0.7690333333333333,0.005450076452063167,0.4847506666666666,0.005343167766201857,0.7402133333333333,0.006185477615619787,0.46512000000000003,0.005988221772780275,0.61184,0.0057793771290684925,1.84381540667216,0.028221237030551898
training_dense_testing_sparse,cifar10,vit_small,grayscale,compact0_compact_test,compact,compact,native_contrast,10,heldout_val,45000,3,3,0.7686,0.005242136968832455,0.48619155555555554,0.0054948461239534814,0.74074,0.006944811012547434,0.46392666666666665,0.005420565776128286,0.6106133333333333,0.005519867148159828,1.8460488297780355,0.026546604327914485
training_dense_testing_sparse,cifar10,vit_small,grayscale,compact0_compact_test,compact,compact,native_contrast,20,heldout_val,45000,3,3,0.7637333333333334,0.007587050371081868,0.49326533333333333,0.005009231123081121,0.7377733333333333,0.006867090601800174,0.4556266666666667,0.0034073058761040493,0.6048533333333334,0.005514864761110041,1.8786621040344238,0.03238828040896056
training_dense_testing_sparse,cifar10,vit_small,grayscale,compact0_compact_test,compact,compact,native_contrast,30,heldout_val,45000,3,3,0.7515666666666667,0.006280392769033915,0.510095111111111,0.004215607473469321,0.7278066666666666,0.005000853260528014,0.43666,0.0021772459668122205,0.58626,0.0035263011782886594,1.9991670863469442,0.03996455977469085
training_dense_testing_sparse,cifar10,vit_small,grayscale,compact0_compact_test,compact,compact,native_contrast,40,heldout_val,45000,3,3,0.7213666666666666,0.006007772743149751,0.5413355555555556,0.00254182483296579,0.69774,0.0037375392974522627,0.39971333333333336,0.0030758630225244843,0.54392,0.002898758354882253,2.2526541430155436,0.02710749852459916
training_dense_testing_sparse,cifar10,vit_small,grayscale,compact0_compact_test,compact,compact,native_contrast,50,heldout_val,45000,3,3,0.6596666666666666,0.006206716791777536,0.5885319999999999,0.001250114305884829,0.6376266666666667,0.0026404040094904903,0.3487,0.00654571615638812,0.47866666666666663,0.008008229100951919,2.7644597429911295,0.03970476047739849
training_dense_testing_sparse,cifar10,vit_small,grayscale,compact0_compact_test,compact,compact,native_contrast,60,heldout_val,45000,3,3,0.5693333333333334,0.0073894068323061895,0.6496902222222223,0.0034764836214730573,0.5445800000000001,0.003367907362146456,0.29040666666666665,0.009573010672371237,0.39336,0.013448880994342964,3.6956411104838054,0.08552513119839955
training_dense_testing_sparse,cifar10,vit_small,grayscale,compact0_compact_test,compact,compact,native_contrast,70,heldout_val,45000,3,3,0.4303666666666667,0.011909799886368078,0.7214186666666665,0.0043467347642926315,0.41014666666666666,0.00687006064990207,0.23889333333333332,0.009445683317438352,0.30723333333333336,0.014595647753126025,5.246628032684327,0.13445332730869844
training_dense_testing_sparse,cifar10,vit_small,grayscale,compact0_compact_test,compact,compact,native_contrast,80,heldout_val,45000,3,3,0.2704,0.008283115355951548,0.7987137777777777,0.004000807548112919,0.2525,0.006363521037916035,0.19139333333333333,0.003175489463584054,0.22144,0.006099081898122054,7.55929503326416,0.19262451292251725
training_dense_testing_sparse,cifar10,vit_small,grayscale,compact0_compact_test,compact,compact,native_contrast,90,heldout_val,45000,3,3,0.14756666666666668,0.010202614044122876,0.8733044444444444,0.007658947340879874,0.13305333333333336,0.011930470792610571,0.12359333333333332,0.007055673839778398,0.12232,0.005797516709764616,8.550794422912599,0.7663898792294688
training_dense_testing_sparse,cifar10,vit_small,grayscale,dense0_compact_test,dense,compact,native_contrast,0,heldout_val,45000,3,3,0.7634000000000001,0.011007724560507514,0.49013866666666667,0.010163052122489762,0.7323733333333333,0.012453278015580228,0.4643333333333333,0.006786231158259522,0.60384,0.01004852227941997,1.8206549224217732,0.04601259191807458
training_dense_testing_sparse,cifar10,vit_small,grayscale,dense0_compact_test,dense,compact,native_contrast,10,heldout_val,45000,3,3,0.7636666666666667,0.011647460381273407,0.49185466666666666,0.01035076559701954,0.7325466666666666,0.013384473591939842,0.4630533333333333,0.007315581544438823,0.60306,0.009767312834142245,1.8222428510665893,0.05021412519011411
training_dense_testing_sparse,cifar10,vit_small,grayscale,dense0_compact_test,dense,compact,native_contrast,20,heldout_val,45000,3,3,0.7584,0.012916655913973993,0.49945911111111113,0.010449051702498255,0.72904,0.01342911761807145,0.4555666666666667,0.006304485175915034,0.5970933333333334,0.00907921435661331,1.856008132870992,0.06788819496212364
training_dense_testing_sparse,cifar10,vit_small,grayscale,dense0_compact_test,dense,compact,native_contrast,30,heldout_val,45000,3,3,0.7403666666666666,0.012190296687666502,0.51742,0.010415185153312315,0.71534,0.015738576809864336,0.4377933333333333,0.0064336718391081165,0.5779933333333334,0.010109526860013493,1.9893533798217773,0.060612749015044716
training_dense_testing_sparse,cifar10,vit_small,grayscale,dense0_compact_test,dense,compact,native_contrast,40,heldout_val,45000,3,3,0.7082333333333334,0.011983878059014698,0.5497786666666666,0.00916152951810511,0.67996,0.01391863499054417,0.40413333333333334,0.004890862228005728,0.5377,0.0059341722253402765,2.263453161239624,0.05682001406442872
training_dense_testing_sparse,cifar10,vit_small,grayscale,dense0_compact_test,dense,compact,native_contrast,50,heldout_val,45000,3,3,0.6460333333333333,0.00979914962296899,0.598224,0.007299801641140632,0.6163133333333334,0.012200562828547472,0.35422,0.006493904834535223,0.4732533333333333,0.003982478290378175,2.8215573984781903,0.07240686858515127
training_dense_testing_sparse,cifar10,vit_small,grayscale,dense0_compact_test,dense,compact,native_contrast,60,heldout_val,45000,3,3,0.5426666666666666,0.013548554658462022,0.6627417777777778,0.0052692497181849925,0.5144133333333334,0.011223712992291524,0.29370666666666667,0.007377542499595236,0.3872466666666667,0.0006815668223537338,3.8046041760762535,0.08830281058940148
training_dense_testing_sparse,cifar10,vit_small,grayscale,dense0_compact_test,dense,compact,native_contrast,70,heldout_val,45000,3,3,0.3994,0.01448136733875637,0.7388888888888888,0.004181905006271883,0.3728666666666667,0.015159753735906589,0.23745333333333335,0.007803443684254633,0.2969466666666667,0.0039006324273550053,5.52116127726237,0.23651029220127223
training_dense_testing_sparse,cifar10,vit_small,grayscale,dense0_compact_test,dense,compact,native_contrast,80,heldout_val,45000,3,3,0.24353333333333332,0.009867792728535253,0.8153271111111111,0.004758168524096618,0.22802666666666666,0.01067607293593171,0.17927333333333334,0.0025382145956032434,0.20512,0.005891247745596859,7.834668479919434,0.2892678331655849
training_dense_testing_sparse,cifar10,vit_small,grayscale,dense0_compact_test,dense,compact,native_contrast,90,heldout_val,45000,3,3,0.13753333333333334,0.007574518686578916,0.8811551111111112,0.0034120459377742565,0.12652666666666665,0.0063005184971820566,0.11180666666666667,0.005443871171632668,0.11190666666666668,0.005468540329313981,8.656266508992513,1.13835852029679
training_sparse_testing_sparse,cifar10,vit_small,grayscale,matched_sparse_training,compact,compact,native_contrast,0,heldout_val,45000,3,3,0.7690333333333333,0.005450076452063167,0.48475066666666666,0.005343167766201802,0.7402133333333333,0.006185477615619795,0.46512,0.005988221772780304,0.6118399999999999,0.005779377129068518,1.8438153986612955,0.028221235576297733
training_sparse_testing_sparse,cifar10,vit_small,grayscale,matched_sparse_training,compact,compact,native_contrast,20,heldout_val,45000,3,3,0.7707666666666667,0.011067670637190705,0.48335466666666665,0.014080282636052122,0.7468400000000001,0.010288265159879953,0.46491333333333335,0.02169980952297353,0.6169266666666666,0.02256356650295634,1.7811643860181172,0.08192305175244877
training_sparse_testing_sparse,cifar10,vit_small,grayscale,matched_sparse_training,compact,compact,native_contrast,40,heldout_val,45000,3,3,0.7498333333333334,0.02340113957339112,0.4929968888888889,0.028881512589916083,0.7272266666666667,0.027261565129928483,0.43884666666666666,0.039186902573861766,0.5807333333333333,0.04464469658686613,1.9004481469154357,0.18478544298639427
training_sparse_testing_sparse,cifar10,vit_small,grayscale,matched_sparse_training,compact,compact,native_contrast,60,heldout_val,45000,3,3,0.6840333333333334,0.004908496035786675,0.5431351111111111,0.007438798748105415,0.6562266666666666,0.007504993892957751,0.3620466666666667,0.008974660624966999,0.47767333333333334,0.012052324810314957,2.3112999441782636,0.03274265527090442
training_sparse_testing_sparse,cifar10,vit_small,grayscale,matched_sparse_training,compact,compact,native_contrast,80,heldout_val,45000,3,3,0.5680666666666667,0.005522076903967646,0.6151942222222222,0.001960899717911068,0.5337133333333334,0.005295822252807717,0.29156,0.004438963843060687,0.3429,0.0035031985384788075,3.210691236114502,0.04182415030535136
training_sparse_testing_sparse,cifar10,vit_small,grayscale,original_dense_same_checkpoint,dense,dense,none,0,heldout_val,45000,3,3,0.7634,0.01099136024339118,0.4901275555555556,0.010168014103787188,0.7324066666666667,0.012445309692142402,0.4643333333333333,0.006786231158259584,0.60384,0.010048522279420033,1.8206817255973815,0.046101675995375506
training_sparse_testing_sparse,cifar10,vit_small,raw,raw_dense_reference,dense,dense,none,0,heldout_val,45000,3,3,0.7810333333333334,0.007020921117156477,0.355596,0.001765850880831471,0.7144666666666667,0.004394602750344246,0.42956666666666665,0.003211624718632792,0.5651733333333333,0.009305059555603717,1.8138004624684652,0.0661196717890419
