dataset,architecture,representation,family,batch_size,scope,sparsity_percent,paired_speedup_mean,completed_seeds,expected_seeds,protocol,training_count,eligible_complete_three_seed_comparison
mnist,vit_small,raw,raw_compact_test,8,gpu_raw_to_logits,0,,2,3,heldout_val,55000,False
mnist,vit_small,raw,raw_compact_test,8,gpu_raw_to_logits,10,,2,3,heldout_val,55000,False
mnist,vit_small,raw,raw_compact_test,8,gpu_raw_to_logits,20,,2,3,heldout_val,55000,False
mnist,vit_small,raw,raw_compact_test,8,gpu_raw_to_logits,30,,0,3,heldout_val,55000,False
mnist,vit_small,raw,raw_compact_test,8,gpu_raw_to_logits,40,,0,3,heldout_val,55000,False
mnist,vit_small,raw,raw_compact_test,8,gpu_raw_to_logits,50,,0,3,heldout_val,55000,False
mnist,vit_small,raw,raw_compact_test,8,gpu_raw_to_logits,60,,0,3,heldout_val,55000,False
mnist,vit_small,raw,raw_compact_test,8,gpu_raw_to_logits,70,,0,3,heldout_val,55000,False
mnist,vit_small,raw,raw_compact_test,8,gpu_raw_to_logits,80,,0,3,heldout_val,55000,False
mnist,vit_small,raw,raw_compact_test,8,gpu_raw_to_logits,90,,0,3,heldout_val,55000,False
mnist,vit_small,grayscale,dense0_compact_test,8,gpu_raw_to_logits,0,0.9317513757050778,3,3,heldout_val,55000,True
mnist,vit_small,grayscale,dense0_compact_test,8,gpu_raw_to_logits,10,0.9250130024483576,3,3,heldout_val,55000,True
mnist,vit_small,grayscale,dense0_compact_test,8,gpu_raw_to_logits,20,0.9222798403787669,3,3,heldout_val,55000,True
mnist,vit_small,grayscale,dense0_compact_test,8,gpu_raw_to_logits,30,,2,3,heldout_val,55000,False
mnist,vit_small,grayscale,dense0_compact_test,8,gpu_raw_to_logits,40,,0,3,heldout_val,55000,False
mnist,vit_small,grayscale,dense0_compact_test,8,gpu_raw_to_logits,50,,0,3,heldout_val,55000,False
mnist,vit_small,grayscale,dense0_compact_test,8,gpu_raw_to_logits,60,,0,3,heldout_val,55000,False
mnist,vit_small,grayscale,dense0_compact_test,8,gpu_raw_to_logits,70,,0,3,heldout_val,55000,False
mnist,vit_small,grayscale,dense0_compact_test,8,gpu_raw_to_logits,80,,0,3,heldout_val,55000,False
mnist,vit_small,grayscale,dense0_compact_test,8,gpu_raw_to_logits,90,,0,3,heldout_val,55000,False
mnist,vit_small,grayscale,compact0_compact_test,8,gpu_raw_to_logits,0,0.9369639596260513,3,3,heldout_val,55000,True
mnist,vit_small,grayscale,compact0_compact_test,8,gpu_raw_to_logits,10,0.9270500137519798,3,3,heldout_val,55000,True
mnist,vit_small,grayscale,compact0_compact_test,8,gpu_raw_to_logits,20,0.9311157014527441,3,3,heldout_val,55000,True
mnist,vit_small,grayscale,compact0_compact_test,8,gpu_raw_to_logits,30,0.9223017726838084,3,3,heldout_val,55000,True
mnist,vit_small,grayscale,compact0_compact_test,8,gpu_raw_to_logits,40,,0,3,heldout_val,55000,False
mnist,vit_small,grayscale,compact0_compact_test,8,gpu_raw_to_logits,50,,0,3,heldout_val,55000,False
mnist,vit_small,grayscale,compact0_compact_test,8,gpu_raw_to_logits,60,,0,3,heldout_val,55000,False
mnist,vit_small,grayscale,compact0_compact_test,8,gpu_raw_to_logits,70,,0,3,heldout_val,55000,False
mnist,vit_small,grayscale,compact0_compact_test,8,gpu_raw_to_logits,80,,0,3,heldout_val,55000,False
mnist,vit_small,grayscale,compact0_compact_test,8,gpu_raw_to_logits,90,,0,3,heldout_val,55000,False
mnist,swin_tiny,raw,raw_compact_test,8,gpu_raw_to_logits,0,0.2951802559224566,3,3,heldout_val,55000,True
mnist,swin_tiny,raw,raw_compact_test,8,gpu_raw_to_logits,10,0.29026635153721336,3,3,heldout_val,55000,True
mnist,swin_tiny,raw,raw_compact_test,8,gpu_raw_to_logits,20,0.2888627690142543,3,3,heldout_val,55000,True
mnist,swin_tiny,raw,raw_compact_test,8,gpu_raw_to_logits,30,0.2909116279716588,3,3,heldout_val,55000,True
mnist,swin_tiny,raw,raw_compact_test,8,gpu_raw_to_logits,40,,0,3,heldout_val,55000,False
mnist,swin_tiny,raw,raw_compact_test,8,gpu_raw_to_logits,50,,0,3,heldout_val,55000,False
mnist,swin_tiny,raw,raw_compact_test,8,gpu_raw_to_logits,60,,0,3,heldout_val,55000,False
mnist,swin_tiny,raw,raw_compact_test,8,gpu_raw_to_logits,70,,0,3,heldout_val,55000,False
mnist,swin_tiny,raw,raw_compact_test,8,gpu_raw_to_logits,80,,0,3,heldout_val,55000,False
mnist,swin_tiny,raw,raw_compact_test,8,gpu_raw_to_logits,90,,0,3,heldout_val,55000,False
mnist,swin_tiny,grayscale,dense0_compact_test,8,gpu_raw_to_logits,0,0.27580071189420224,3,3,heldout_val,55000,True
mnist,swin_tiny,grayscale,dense0_compact_test,8,gpu_raw_to_logits,10,0.273998340687477,3,3,heldout_val,55000,True
mnist,swin_tiny,grayscale,dense0_compact_test,8,gpu_raw_to_logits,20,0.27335433869561804,3,3,heldout_val,55000,True
mnist,swin_tiny,grayscale,dense0_compact_test,8,gpu_raw_to_logits,30,0.2751546662222102,3,3,heldout_val,55000,True
mnist,swin_tiny,grayscale,dense0_compact_test,8,gpu_raw_to_logits,40,,0,3,heldout_val,55000,False
mnist,swin_tiny,grayscale,dense0_compact_test,8,gpu_raw_to_logits,50,,0,3,heldout_val,55000,False
mnist,swin_tiny,grayscale,dense0_compact_test,8,gpu_raw_to_logits,60,,0,3,heldout_val,55000,False
mnist,swin_tiny,grayscale,dense0_compact_test,8,gpu_raw_to_logits,70,,0,3,heldout_val,55000,False
mnist,swin_tiny,grayscale,dense0_compact_test,8,gpu_raw_to_logits,80,,0,3,heldout_val,55000,False
mnist,swin_tiny,grayscale,dense0_compact_test,8,gpu_raw_to_logits,90,,0,3,heldout_val,55000,False
mnist,swin_tiny,grayscale,compact0_compact_test,8,gpu_raw_to_logits,0,0.27357293088932755,3,3,heldout_val,55000,True
mnist,swin_tiny,grayscale,compact0_compact_test,8,gpu_raw_to_logits,10,0.27641119861750835,3,3,heldout_val,55000,True
mnist,swin_tiny,grayscale,compact0_compact_test,8,gpu_raw_to_logits,20,0.27263097786857443,3,3,heldout_val,55000,True
mnist,swin_tiny,grayscale,compact0_compact_test,8,gpu_raw_to_logits,30,0.27385453331029663,3,3,heldout_val,55000,True
mnist,swin_tiny,grayscale,compact0_compact_test,8,gpu_raw_to_logits,40,,0,3,heldout_val,55000,False
mnist,swin_tiny,grayscale,compact0_compact_test,8,gpu_raw_to_logits,50,,0,3,heldout_val,55000,False
mnist,swin_tiny,grayscale,compact0_compact_test,8,gpu_raw_to_logits,60,,0,3,heldout_val,55000,False
mnist,swin_tiny,grayscale,compact0_compact_test,8,gpu_raw_to_logits,70,,0,3,heldout_val,55000,False
mnist,swin_tiny,grayscale,compact0_compact_test,8,gpu_raw_to_logits,80,,0,3,heldout_val,55000,False
mnist,swin_tiny,grayscale,compact0_compact_test,8,gpu_raw_to_logits,90,,0,3,heldout_val,55000,False
cifar10,vit_small,raw,raw_compact_test,8,gpu_raw_to_logits,0,0.9514360150115901,3,3,heldout_val,45000,True
cifar10,vit_small,raw,raw_compact_test,8,gpu_raw_to_logits,10,0.9442230115616382,3,3,heldout_val,45000,True
cifar10,vit_small,raw,raw_compact_test,8,gpu_raw_to_logits,20,0.9529714413655231,3,3,heldout_val,45000,True
cifar10,vit_small,raw,raw_compact_test,8,gpu_raw_to_logits,30,0.980151299572521,3,3,heldout_val,45000,True
cifar10,vit_small,raw,raw_compact_test,8,gpu_raw_to_logits,40,,0,3,heldout_val,45000,False
cifar10,vit_small,raw,raw_compact_test,8,gpu_raw_to_logits,50,,0,3,heldout_val,45000,False
cifar10,vit_small,raw,raw_compact_test,8,gpu_raw_to_logits,60,,0,3,heldout_val,45000,False
cifar10,vit_small,raw,raw_compact_test,8,gpu_raw_to_logits,70,,0,3,heldout_val,45000,False
cifar10,vit_small,raw,raw_compact_test,8,gpu_raw_to_logits,80,,0,3,heldout_val,45000,False
cifar10,vit_small,raw,raw_compact_test,8,gpu_raw_to_logits,90,,0,3,heldout_val,45000,False
cifar10,vit_small,single_color,dense0_compact_test,8,gpu_raw_to_logits,0,0.953603894759746,3,3,heldout_val,45000,True
cifar10,vit_small,single_color,dense0_compact_test,8,gpu_raw_to_logits,10,0.9335164482788546,3,3,heldout_val,45000,True
cifar10,vit_small,single_color,dense0_compact_test,8,gpu_raw_to_logits,20,0.9387247150625534,3,3,heldout_val,45000,True
cifar10,vit_small,single_color,dense0_compact_test,8,gpu_raw_to_logits,30,0.9634741276713938,3,3,heldout_val,45000,True
cifar10,vit_small,single_color,dense0_compact_test,8,gpu_raw_to_logits,40,,0,3,heldout_val,45000,False
cifar10,vit_small,single_color,dense0_compact_test,8,gpu_raw_to_logits,50,,0,3,heldout_val,45000,False
cifar10,vit_small,single_color,dense0_compact_test,8,gpu_raw_to_logits,60,,0,3,heldout_val,45000,False
cifar10,vit_small,single_color,dense0_compact_test,8,gpu_raw_to_logits,70,,0,3,heldout_val,45000,False
cifar10,vit_small,single_color,dense0_compact_test,8,gpu_raw_to_logits,80,,0,3,heldout_val,45000,False
cifar10,vit_small,single_color,dense0_compact_test,8,gpu_raw_to_logits,90,,0,3,heldout_val,45000,False
cifar10,vit_small,single_color,compact0_compact_test,8,gpu_raw_to_logits,0,0.9514951209031688,3,3,heldout_val,45000,True
cifar10,vit_small,single_color,compact0_compact_test,8,gpu_raw_to_logits,10,0.9452230720719921,3,3,heldout_val,45000,True
cifar10,vit_small,single_color,compact0_compact_test,8,gpu_raw_to_logits,20,0.9349650060457031,3,3,heldout_val,45000,True
cifar10,vit_small,single_color,compact0_compact_test,8,gpu_raw_to_logits,30,0.9664880974956178,3,3,heldout_val,45000,True
cifar10,vit_small,single_color,compact0_compact_test,8,gpu_raw_to_logits,40,,0,3,heldout_val,45000,False
cifar10,vit_small,single_color,compact0_compact_test,8,gpu_raw_to_logits,50,,0,3,heldout_val,45000,False
cifar10,vit_small,single_color,compact0_compact_test,8,gpu_raw_to_logits,60,,0,3,heldout_val,45000,False
cifar10,vit_small,single_color,compact0_compact_test,8,gpu_raw_to_logits,70,,0,3,heldout_val,45000,False
cifar10,vit_small,single_color,compact0_compact_test,8,gpu_raw_to_logits,80,,0,3,heldout_val,45000,False
cifar10,vit_small,single_color,compact0_compact_test,8,gpu_raw_to_logits,90,,0,3,heldout_val,45000,False
cifar10,vit_small,grayscale,dense0_compact_test,8,gpu_raw_to_logits,0,0.9556204851268395,3,3,heldout_val,45000,True
cifar10,vit_small,grayscale,dense0_compact_test,8,gpu_raw_to_logits,10,0.9396328229908112,3,3,heldout_val,45000,True
cifar10,vit_small,grayscale,dense0_compact_test,8,gpu_raw_to_logits,20,0.9679636511814157,3,3,heldout_val,45000,True
cifar10,vit_small,grayscale,dense0_compact_test,8,gpu_raw_to_logits,30,0.9752336524983326,3,3,heldout_val,45000,True
cifar10,vit_small,grayscale,dense0_compact_test,8,gpu_raw_to_logits,40,,0,3,heldout_val,45000,False
cifar10,vit_small,grayscale,dense0_compact_test,8,gpu_raw_to_logits,50,,0,3,heldout_val,45000,False
cifar10,vit_small,grayscale,dense0_compact_test,8,gpu_raw_to_logits,60,,0,3,heldout_val,45000,False
cifar10,vit_small,grayscale,dense0_compact_test,8,gpu_raw_to_logits,70,,0,3,heldout_val,45000,False
cifar10,vit_small,grayscale,dense0_compact_test,8,gpu_raw_to_logits,80,,0,3,heldout_val,45000,False
cifar10,vit_small,grayscale,dense0_compact_test,8,gpu_raw_to_logits,90,,0,3,heldout_val,45000,False
cifar10,vit_small,grayscale,compact0_compact_test,8,gpu_raw_to_logits,0,0.9570400316349659,3,3,heldout_val,45000,True
cifar10,vit_small,grayscale,compact0_compact_test,8,gpu_raw_to_logits,10,0.9386924622698309,3,3,heldout_val,45000,True
cifar10,vit_small,grayscale,compact0_compact_test,8,gpu_raw_to_logits,20,0.9667557156783181,3,3,heldout_val,45000,True
cifar10,vit_small,grayscale,compact0_compact_test,8,gpu_raw_to_logits,30,0.9755873521719026,3,3,heldout_val,45000,True
cifar10,vit_small,grayscale,compact0_compact_test,8,gpu_raw_to_logits,40,,0,3,heldout_val,45000,False
cifar10,vit_small,grayscale,compact0_compact_test,8,gpu_raw_to_logits,50,,0,3,heldout_val,45000,False
cifar10,vit_small,grayscale,compact0_compact_test,8,gpu_raw_to_logits,60,,0,3,heldout_val,45000,False
cifar10,vit_small,grayscale,compact0_compact_test,8,gpu_raw_to_logits,70,,0,3,heldout_val,45000,False
cifar10,vit_small,grayscale,compact0_compact_test,8,gpu_raw_to_logits,80,,0,3,heldout_val,45000,False
cifar10,vit_small,grayscale,compact0_compact_test,8,gpu_raw_to_logits,90,,0,3,heldout_val,45000,False
cifar10,vit_small,color_opponency,dense0_compact_test,8,gpu_raw_to_logits,0,0.951447932959029,3,3,heldout_val,45000,True
cifar10,vit_small,color_opponency,dense0_compact_test,8,gpu_raw_to_logits,10,0.9398546512118782,3,3,heldout_val,45000,True
cifar10,vit_small,color_opponency,dense0_compact_test,8,gpu_raw_to_logits,20,0.940949055748839,3,3,heldout_val,45000,True
cifar10,vit_small,color_opponency,dense0_compact_test,8,gpu_raw_to_logits,30,0.9418395761221305,3,3,heldout_val,45000,True
cifar10,vit_small,color_opponency,dense0_compact_test,8,gpu_raw_to_logits,40,,0,3,heldout_val,45000,False
cifar10,vit_small,color_opponency,dense0_compact_test,8,gpu_raw_to_logits,50,,0,3,heldout_val,45000,False
cifar10,vit_small,color_opponency,dense0_compact_test,8,gpu_raw_to_logits,60,,0,3,heldout_val,45000,False
cifar10,vit_small,color_opponency,dense0_compact_test,8,gpu_raw_to_logits,70,,0,3,heldout_val,45000,False
cifar10,vit_small,color_opponency,dense0_compact_test,8,gpu_raw_to_logits,80,,0,3,heldout_val,45000,False
cifar10,vit_small,color_opponency,dense0_compact_test,8,gpu_raw_to_logits,90,,0,3,heldout_val,45000,False
cifar10,vit_small,color_opponency,compact0_compact_test,8,gpu_raw_to_logits,0,0.9454877994689245,3,3,heldout_val,45000,True
cifar10,vit_small,color_opponency,compact0_compact_test,8,gpu_raw_to_logits,10,0.9399086123827716,3,3,heldout_val,45000,True
cifar10,vit_small,color_opponency,compact0_compact_test,8,gpu_raw_to_logits,20,0.9428123842224405,3,3,heldout_val,45000,True
cifar10,vit_small,color_opponency,compact0_compact_test,8,gpu_raw_to_logits,30,0.9426191305127599,3,3,heldout_val,45000,True
cifar10,vit_small,color_opponency,compact0_compact_test,8,gpu_raw_to_logits,40,,0,3,heldout_val,45000,False
cifar10,vit_small,color_opponency,compact0_compact_test,8,gpu_raw_to_logits,50,,0,3,heldout_val,45000,False
cifar10,vit_small,color_opponency,compact0_compact_test,8,gpu_raw_to_logits,60,,0,3,heldout_val,45000,False
cifar10,vit_small,color_opponency,compact0_compact_test,8,gpu_raw_to_logits,70,,0,3,heldout_val,45000,False
cifar10,vit_small,color_opponency,compact0_compact_test,8,gpu_raw_to_logits,80,,0,3,heldout_val,45000,False
cifar10,vit_small,color_opponency,compact0_compact_test,8,gpu_raw_to_logits,90,,0,3,heldout_val,45000,False
cifar10,swin_tiny,raw,raw_compact_test,8,gpu_raw_to_logits,0,0.7966500018231475,3,3,heldout_val,45000,True
cifar10,swin_tiny,raw,raw_compact_test,8,gpu_raw_to_logits,10,0.6106522060690553,3,3,heldout_val,45000,True
cifar10,swin_tiny,raw,raw_compact_test,8,gpu_raw_to_logits,20,0.501257634263841,3,3,heldout_val,45000,True
cifar10,swin_tiny,raw,raw_compact_test,8,gpu_raw_to_logits,30,0.4288604948517389,3,3,heldout_val,45000,True
cifar10,swin_tiny,raw,raw_compact_test,8,gpu_raw_to_logits,40,,0,3,heldout_val,45000,False
cifar10,swin_tiny,raw,raw_compact_test,8,gpu_raw_to_logits,50,,0,3,heldout_val,45000,False
cifar10,swin_tiny,raw,raw_compact_test,8,gpu_raw_to_logits,60,,0,3,heldout_val,45000,False
cifar10,swin_tiny,raw,raw_compact_test,8,gpu_raw_to_logits,70,,0,3,heldout_val,45000,False
cifar10,swin_tiny,raw,raw_compact_test,8,gpu_raw_to_logits,80,,0,3,heldout_val,45000,False
cifar10,swin_tiny,raw,raw_compact_test,8,gpu_raw_to_logits,90,,0,3,heldout_val,45000,False
cifar10,swin_tiny,single_color,dense0_compact_test,8,gpu_raw_to_logits,0,0.7868221768256455,3,3,heldout_val,45000,True
cifar10,swin_tiny,single_color,dense0_compact_test,8,gpu_raw_to_logits,10,0.7265121730771628,3,3,heldout_val,45000,True
cifar10,swin_tiny,single_color,dense0_compact_test,8,gpu_raw_to_logits,20,0.6481140331118778,3,3,heldout_val,45000,True
cifar10,swin_tiny,single_color,dense0_compact_test,8,gpu_raw_to_logits,30,0.5528054817614414,3,3,heldout_val,45000,True
cifar10,swin_tiny,single_color,dense0_compact_test,8,gpu_raw_to_logits,40,,0,3,heldout_val,45000,False
cifar10,swin_tiny,single_color,dense0_compact_test,8,gpu_raw_to_logits,50,,0,3,heldout_val,45000,False
cifar10,swin_tiny,single_color,dense0_compact_test,8,gpu_raw_to_logits,60,,0,3,heldout_val,45000,False
cifar10,swin_tiny,single_color,dense0_compact_test,8,gpu_raw_to_logits,70,,0,3,heldout_val,45000,False
cifar10,swin_tiny,single_color,dense0_compact_test,8,gpu_raw_to_logits,80,,0,3,heldout_val,45000,False
cifar10,swin_tiny,single_color,dense0_compact_test,8,gpu_raw_to_logits,90,,0,3,heldout_val,45000,False
cifar10,swin_tiny,single_color,compact0_compact_test,8,gpu_raw_to_logits,0,0.7878199319805957,3,3,heldout_val,45000,True
cifar10,swin_tiny,single_color,compact0_compact_test,8,gpu_raw_to_logits,10,0.7317114290782648,3,3,heldout_val,45000,True
cifar10,swin_tiny,single_color,compact0_compact_test,8,gpu_raw_to_logits,20,0.6365800695941791,3,3,heldout_val,45000,True
cifar10,swin_tiny,single_color,compact0_compact_test,8,gpu_raw_to_logits,30,0.5586597104435937,3,3,heldout_val,45000,True
cifar10,swin_tiny,single_color,compact0_compact_test,8,gpu_raw_to_logits,40,,0,3,heldout_val,45000,False
cifar10,swin_tiny,single_color,compact0_compact_test,8,gpu_raw_to_logits,50,,0,3,heldout_val,45000,False
cifar10,swin_tiny,single_color,compact0_compact_test,8,gpu_raw_to_logits,60,,0,3,heldout_val,45000,False
cifar10,swin_tiny,single_color,compact0_compact_test,8,gpu_raw_to_logits,70,,0,3,heldout_val,45000,False
cifar10,swin_tiny,single_color,compact0_compact_test,8,gpu_raw_to_logits,80,,0,3,heldout_val,45000,False
cifar10,swin_tiny,single_color,compact0_compact_test,8,gpu_raw_to_logits,90,,0,3,heldout_val,45000,False
cifar10,swin_tiny,grayscale,dense0_compact_test,8,gpu_raw_to_logits,0,0.7971385336189102,3,3,heldout_val,45000,True
cifar10,swin_tiny,grayscale,dense0_compact_test,8,gpu_raw_to_logits,10,0.6900440071293924,3,3,heldout_val,45000,True
cifar10,swin_tiny,grayscale,dense0_compact_test,8,gpu_raw_to_logits,20,0.5814019777242488,3,3,heldout_val,45000,True
cifar10,swin_tiny,grayscale,dense0_compact_test,8,gpu_raw_to_logits,30,0.512761447212435,3,3,heldout_val,45000,True
cifar10,swin_tiny,grayscale,dense0_compact_test,8,gpu_raw_to_logits,40,,0,3,heldout_val,45000,False
cifar10,swin_tiny,grayscale,dense0_compact_test,8,gpu_raw_to_logits,50,,0,3,heldout_val,45000,False
cifar10,swin_tiny,grayscale,dense0_compact_test,8,gpu_raw_to_logits,60,,0,3,heldout_val,45000,False
cifar10,swin_tiny,grayscale,dense0_compact_test,8,gpu_raw_to_logits,70,,0,3,heldout_val,45000,False
cifar10,swin_tiny,grayscale,dense0_compact_test,8,gpu_raw_to_logits,80,,0,3,heldout_val,45000,False
cifar10,swin_tiny,grayscale,dense0_compact_test,8,gpu_raw_to_logits,90,,0,3,heldout_val,45000,False
cifar10,swin_tiny,grayscale,compact0_compact_test,8,gpu_raw_to_logits,0,0.7935935181092406,3,3,heldout_val,45000,True
cifar10,swin_tiny,grayscale,compact0_compact_test,8,gpu_raw_to_logits,10,0.6891750963652585,3,3,heldout_val,45000,True
cifar10,swin_tiny,grayscale,compact0_compact_test,8,gpu_raw_to_logits,20,0.5859866062031917,3,3,heldout_val,45000,True
cifar10,swin_tiny,grayscale,compact0_compact_test,8,gpu_raw_to_logits,30,0.5141227519778313,3,3,heldout_val,45000,True
cifar10,swin_tiny,grayscale,compact0_compact_test,8,gpu_raw_to_logits,40,,0,3,heldout_val,45000,False
cifar10,swin_tiny,grayscale,compact0_compact_test,8,gpu_raw_to_logits,50,,0,3,heldout_val,45000,False
cifar10,swin_tiny,grayscale,compact0_compact_test,8,gpu_raw_to_logits,60,,0,3,heldout_val,45000,False
cifar10,swin_tiny,grayscale,compact0_compact_test,8,gpu_raw_to_logits,70,,0,3,heldout_val,45000,False
cifar10,swin_tiny,grayscale,compact0_compact_test,8,gpu_raw_to_logits,80,,0,3,heldout_val,45000,False
cifar10,swin_tiny,grayscale,compact0_compact_test,8,gpu_raw_to_logits,90,,0,3,heldout_val,45000,False
cifar10,swin_tiny,color_opponency,dense0_compact_test,8,gpu_raw_to_logits,0,0.7986518026829031,3,3,heldout_val,45000,True
cifar10,swin_tiny,color_opponency,dense0_compact_test,8,gpu_raw_to_logits,10,0.7883056340708695,3,3,heldout_val,45000,True
cifar10,swin_tiny,color_opponency,dense0_compact_test,8,gpu_raw_to_logits,20,0.7466335058487725,3,3,heldout_val,45000,True
cifar10,swin_tiny,color_opponency,dense0_compact_test,8,gpu_raw_to_logits,30,0.7184108816405834,3,3,heldout_val,45000,True
cifar10,swin_tiny,color_opponency,dense0_compact_test,8,gpu_raw_to_logits,40,,0,3,heldout_val,45000,False
cifar10,swin_tiny,color_opponency,dense0_compact_test,8,gpu_raw_to_logits,50,,0,3,heldout_val,45000,False
cifar10,swin_tiny,color_opponency,dense0_compact_test,8,gpu_raw_to_logits,60,,0,3,heldout_val,45000,False
cifar10,swin_tiny,color_opponency,dense0_compact_test,8,gpu_raw_to_logits,70,,0,3,heldout_val,45000,False
cifar10,swin_tiny,color_opponency,dense0_compact_test,8,gpu_raw_to_logits,80,,0,3,heldout_val,45000,False
cifar10,swin_tiny,color_opponency,dense0_compact_test,8,gpu_raw_to_logits,90,,0,3,heldout_val,45000,False
cifar10,swin_tiny,color_opponency,compact0_compact_test,8,gpu_raw_to_logits,0,0.7975828334977665,3,3,heldout_val,45000,True
cifar10,swin_tiny,color_opponency,compact0_compact_test,8,gpu_raw_to_logits,10,0.7895364795939314,3,3,heldout_val,45000,True
cifar10,swin_tiny,color_opponency,compact0_compact_test,8,gpu_raw_to_logits,20,0.7560115681798597,3,3,heldout_val,45000,True
cifar10,swin_tiny,color_opponency,compact0_compact_test,8,gpu_raw_to_logits,30,0.7136725504121177,3,3,heldout_val,45000,True
cifar10,swin_tiny,color_opponency,compact0_compact_test,8,gpu_raw_to_logits,40,,0,3,heldout_val,45000,False
cifar10,swin_tiny,color_opponency,compact0_compact_test,8,gpu_raw_to_logits,50,,0,3,heldout_val,45000,False
cifar10,swin_tiny,color_opponency,compact0_compact_test,8,gpu_raw_to_logits,60,,0,3,heldout_val,45000,False
cifar10,swin_tiny,color_opponency,compact0_compact_test,8,gpu_raw_to_logits,70,,0,3,heldout_val,45000,False
cifar10,swin_tiny,color_opponency,compact0_compact_test,8,gpu_raw_to_logits,80,,0,3,heldout_val,45000,False
cifar10,swin_tiny,color_opponency,compact0_compact_test,8,gpu_raw_to_logits,90,,0,3,heldout_val,45000,False
mnist,vit_small,raw,raw_compact_test,8,host_raw_to_logits,0,,2,3,heldout_val,55000,False
mnist,vit_small,raw,raw_compact_test,8,host_raw_to_logits,10,,2,3,heldout_val,55000,False
mnist,vit_small,raw,raw_compact_test,8,host_raw_to_logits,20,,2,3,heldout_val,55000,False
mnist,vit_small,raw,raw_compact_test,8,host_raw_to_logits,30,,0,3,heldout_val,55000,False
mnist,vit_small,raw,raw_compact_test,8,host_raw_to_logits,40,,0,3,heldout_val,55000,False
mnist,vit_small,raw,raw_compact_test,8,host_raw_to_logits,50,,0,3,heldout_val,55000,False
mnist,vit_small,raw,raw_compact_test,8,host_raw_to_logits,60,,0,3,heldout_val,55000,False
mnist,vit_small,raw,raw_compact_test,8,host_raw_to_logits,70,,0,3,heldout_val,55000,False
mnist,vit_small,raw,raw_compact_test,8,host_raw_to_logits,80,,0,3,heldout_val,55000,False
mnist,vit_small,raw,raw_compact_test,8,host_raw_to_logits,90,,0,3,heldout_val,55000,False
mnist,vit_small,grayscale,dense0_compact_test,8,host_raw_to_logits,0,0.9335303178578175,3,3,heldout_val,55000,True
mnist,vit_small,grayscale,dense0_compact_test,8,host_raw_to_logits,10,0.9266366181167071,3,3,heldout_val,55000,True
mnist,vit_small,grayscale,dense0_compact_test,8,host_raw_to_logits,20,0.9238299299848218,3,3,heldout_val,55000,True
mnist,vit_small,grayscale,dense0_compact_test,8,host_raw_to_logits,30,,2,3,heldout_val,55000,False
mnist,vit_small,grayscale,dense0_compact_test,8,host_raw_to_logits,40,,0,3,heldout_val,55000,False
mnist,vit_small,grayscale,dense0_compact_test,8,host_raw_to_logits,50,,0,3,heldout_val,55000,False
mnist,vit_small,grayscale,dense0_compact_test,8,host_raw_to_logits,60,,0,3,heldout_val,55000,False
mnist,vit_small,grayscale,dense0_compact_test,8,host_raw_to_logits,70,,0,3,heldout_val,55000,False
mnist,vit_small,grayscale,dense0_compact_test,8,host_raw_to_logits,80,,0,3,heldout_val,55000,False
mnist,vit_small,grayscale,dense0_compact_test,8,host_raw_to_logits,90,,0,3,heldout_val,55000,False
mnist,vit_small,grayscale,compact0_compact_test,8,host_raw_to_logits,0,0.9401421219518159,3,3,heldout_val,55000,True
mnist,vit_small,grayscale,compact0_compact_test,8,host_raw_to_logits,10,0.930873555006225,3,3,heldout_val,55000,True
mnist,vit_small,grayscale,compact0_compact_test,8,host_raw_to_logits,20,0.9305632938223999,3,3,heldout_val,55000,True
mnist,vit_small,grayscale,compact0_compact_test,8,host_raw_to_logits,30,0.9248081647862285,3,3,heldout_val,55000,True
mnist,vit_small,grayscale,compact0_compact_test,8,host_raw_to_logits,40,,0,3,heldout_val,55000,False
mnist,vit_small,grayscale,compact0_compact_test,8,host_raw_to_logits,50,,0,3,heldout_val,55000,False
mnist,vit_small,grayscale,compact0_compact_test,8,host_raw_to_logits,60,,0,3,heldout_val,55000,False
mnist,vit_small,grayscale,compact0_compact_test,8,host_raw_to_logits,70,,0,3,heldout_val,55000,False
mnist,vit_small,grayscale,compact0_compact_test,8,host_raw_to_logits,80,,0,3,heldout_val,55000,False
mnist,vit_small,grayscale,compact0_compact_test,8,host_raw_to_logits,90,,0,3,heldout_val,55000,False
mnist,swin_tiny,raw,raw_compact_test,8,host_raw_to_logits,0,0.29545093419862317,3,3,heldout_val,55000,True
mnist,swin_tiny,raw,raw_compact_test,8,host_raw_to_logits,10,0.2899571836056892,3,3,heldout_val,55000,True
mnist,swin_tiny,raw,raw_compact_test,8,host_raw_to_logits,20,0.28974880438127,3,3,heldout_val,55000,True
mnist,swin_tiny,raw,raw_compact_test,8,host_raw_to_logits,30,0.29121512816358247,3,3,heldout_val,55000,True
mnist,swin_tiny,raw,raw_compact_test,8,host_raw_to_logits,40,,0,3,heldout_val,55000,False
mnist,swin_tiny,raw,raw_compact_test,8,host_raw_to_logits,50,,0,3,heldout_val,55000,False
mnist,swin_tiny,raw,raw_compact_test,8,host_raw_to_logits,60,,0,3,heldout_val,55000,False
mnist,swin_tiny,raw,raw_compact_test,8,host_raw_to_logits,70,,0,3,heldout_val,55000,False
mnist,swin_tiny,raw,raw_compact_test,8,host_raw_to_logits,80,,0,3,heldout_val,55000,False
mnist,swin_tiny,raw,raw_compact_test,8,host_raw_to_logits,90,,0,3,heldout_val,55000,False
mnist,swin_tiny,grayscale,dense0_compact_test,8,host_raw_to_logits,0,0.27616321487362827,3,3,heldout_val,55000,True
mnist,swin_tiny,grayscale,dense0_compact_test,8,host_raw_to_logits,10,0.27457401176707347,3,3,heldout_val,55000,True
mnist,swin_tiny,grayscale,dense0_compact_test,8,host_raw_to_logits,20,0.27409619734791946,3,3,heldout_val,55000,True
mnist,swin_tiny,grayscale,dense0_compact_test,8,host_raw_to_logits,30,0.2740356877067743,3,3,heldout_val,55000,True
mnist,swin_tiny,grayscale,dense0_compact_test,8,host_raw_to_logits,40,,0,3,heldout_val,55000,False
mnist,swin_tiny,grayscale,dense0_compact_test,8,host_raw_to_logits,50,,0,3,heldout_val,55000,False
mnist,swin_tiny,grayscale,dense0_compact_test,8,host_raw_to_logits,60,,0,3,heldout_val,55000,False
mnist,swin_tiny,grayscale,dense0_compact_test,8,host_raw_to_logits,70,,0,3,heldout_val,55000,False
mnist,swin_tiny,grayscale,dense0_compact_test,8,host_raw_to_logits,80,,0,3,heldout_val,55000,False
mnist,swin_tiny,grayscale,dense0_compact_test,8,host_raw_to_logits,90,,0,3,heldout_val,55000,False
mnist,swin_tiny,grayscale,compact0_compact_test,8,host_raw_to_logits,0,0.27473911794036415,3,3,heldout_val,55000,True
mnist,swin_tiny,grayscale,compact0_compact_test,8,host_raw_to_logits,10,0.2764219814115729,3,3,heldout_val,55000,True
mnist,swin_tiny,grayscale,compact0_compact_test,8,host_raw_to_logits,20,0.2736338281866319,3,3,heldout_val,55000,True
mnist,swin_tiny,grayscale,compact0_compact_test,8,host_raw_to_logits,30,0.2747102183220646,3,3,heldout_val,55000,True
mnist,swin_tiny,grayscale,compact0_compact_test,8,host_raw_to_logits,40,,0,3,heldout_val,55000,False
mnist,swin_tiny,grayscale,compact0_compact_test,8,host_raw_to_logits,50,,0,3,heldout_val,55000,False
mnist,swin_tiny,grayscale,compact0_compact_test,8,host_raw_to_logits,60,,0,3,heldout_val,55000,False
mnist,swin_tiny,grayscale,compact0_compact_test,8,host_raw_to_logits,70,,0,3,heldout_val,55000,False
mnist,swin_tiny,grayscale,compact0_compact_test,8,host_raw_to_logits,80,,0,3,heldout_val,55000,False
mnist,swin_tiny,grayscale,compact0_compact_test,8,host_raw_to_logits,90,,0,3,heldout_val,55000,False
cifar10,vit_small,raw,raw_compact_test,8,host_raw_to_logits,0,0.952309002091828,3,3,heldout_val,45000,True
cifar10,vit_small,raw,raw_compact_test,8,host_raw_to_logits,10,0.9467439536197094,3,3,heldout_val,45000,True
cifar10,vit_small,raw,raw_compact_test,8,host_raw_to_logits,20,0.9539063322731471,3,3,heldout_val,45000,True
cifar10,vit_small,raw,raw_compact_test,8,host_raw_to_logits,30,0.9801823911174862,3,3,heldout_val,45000,True
cifar10,vit_small,raw,raw_compact_test,8,host_raw_to_logits,40,,0,3,heldout_val,45000,False
cifar10,vit_small,raw,raw_compact_test,8,host_raw_to_logits,50,,0,3,heldout_val,45000,False
cifar10,vit_small,raw,raw_compact_test,8,host_raw_to_logits,60,,0,3,heldout_val,45000,False
cifar10,vit_small,raw,raw_compact_test,8,host_raw_to_logits,70,,0,3,heldout_val,45000,False
cifar10,vit_small,raw,raw_compact_test,8,host_raw_to_logits,80,,0,3,heldout_val,45000,False
cifar10,vit_small,raw,raw_compact_test,8,host_raw_to_logits,90,,0,3,heldout_val,45000,False
cifar10,vit_small,single_color,dense0_compact_test,8,host_raw_to_logits,0,0.9533618648593197,3,3,heldout_val,45000,True
cifar10,vit_small,single_color,dense0_compact_test,8,host_raw_to_logits,10,0.9348776086997075,3,3,heldout_val,45000,True
cifar10,vit_small,single_color,dense0_compact_test,8,host_raw_to_logits,20,0.9400721010182549,3,3,heldout_val,45000,True
cifar10,vit_small,single_color,dense0_compact_test,8,host_raw_to_logits,30,0.9652459202187812,3,3,heldout_val,45000,True
cifar10,vit_small,single_color,dense0_compact_test,8,host_raw_to_logits,40,,0,3,heldout_val,45000,False
cifar10,vit_small,single_color,dense0_compact_test,8,host_raw_to_logits,50,,0,3,heldout_val,45000,False
cifar10,vit_small,single_color,dense0_compact_test,8,host_raw_to_logits,60,,0,3,heldout_val,45000,False
cifar10,vit_small,single_color,dense0_compact_test,8,host_raw_to_logits,70,,0,3,heldout_val,45000,False
cifar10,vit_small,single_color,dense0_compact_test,8,host_raw_to_logits,80,,0,3,heldout_val,45000,False
cifar10,vit_small,single_color,dense0_compact_test,8,host_raw_to_logits,90,,0,3,heldout_val,45000,False
cifar10,vit_small,single_color,compact0_compact_test,8,host_raw_to_logits,0,0.952305125603837,3,3,heldout_val,45000,True
cifar10,vit_small,single_color,compact0_compact_test,8,host_raw_to_logits,10,0.9433104858362595,3,3,heldout_val,45000,True
cifar10,vit_small,single_color,compact0_compact_test,8,host_raw_to_logits,20,0.9353489477018401,3,3,heldout_val,45000,True
cifar10,vit_small,single_color,compact0_compact_test,8,host_raw_to_logits,30,0.9665075347821668,3,3,heldout_val,45000,True
cifar10,vit_small,single_color,compact0_compact_test,8,host_raw_to_logits,40,,0,3,heldout_val,45000,False
cifar10,vit_small,single_color,compact0_compact_test,8,host_raw_to_logits,50,,0,3,heldout_val,45000,False
cifar10,vit_small,single_color,compact0_compact_test,8,host_raw_to_logits,60,,0,3,heldout_val,45000,False
cifar10,vit_small,single_color,compact0_compact_test,8,host_raw_to_logits,70,,0,3,heldout_val,45000,False
cifar10,vit_small,single_color,compact0_compact_test,8,host_raw_to_logits,80,,0,3,heldout_val,45000,False
cifar10,vit_small,single_color,compact0_compact_test,8,host_raw_to_logits,90,,0,3,heldout_val,45000,False
cifar10,vit_small,grayscale,dense0_compact_test,8,host_raw_to_logits,0,0.9547444725965457,3,3,heldout_val,45000,True
cifar10,vit_small,grayscale,dense0_compact_test,8,host_raw_to_logits,10,0.9433151638053321,3,3,heldout_val,45000,True
cifar10,vit_small,grayscale,dense0_compact_test,8,host_raw_to_logits,20,0.9680470382028307,3,3,heldout_val,45000,True
cifar10,vit_small,grayscale,dense0_compact_test,8,host_raw_to_logits,30,0.9774910947903349,3,3,heldout_val,45000,True
cifar10,vit_small,grayscale,dense0_compact_test,8,host_raw_to_logits,40,,0,3,heldout_val,45000,False
cifar10,vit_small,grayscale,dense0_compact_test,8,host_raw_to_logits,50,,0,3,heldout_val,45000,False
cifar10,vit_small,grayscale,dense0_compact_test,8,host_raw_to_logits,60,,0,3,heldout_val,45000,False
cifar10,vit_small,grayscale,dense0_compact_test,8,host_raw_to_logits,70,,0,3,heldout_val,45000,False
cifar10,vit_small,grayscale,dense0_compact_test,8,host_raw_to_logits,80,,0,3,heldout_val,45000,False
cifar10,vit_small,grayscale,dense0_compact_test,8,host_raw_to_logits,90,,0,3,heldout_val,45000,False
cifar10,vit_small,grayscale,compact0_compact_test,8,host_raw_to_logits,0,0.9559005016859469,3,3,heldout_val,45000,True
cifar10,vit_small,grayscale,compact0_compact_test,8,host_raw_to_logits,10,0.9402335539214557,3,3,heldout_val,45000,True
cifar10,vit_small,grayscale,compact0_compact_test,8,host_raw_to_logits,20,0.9667045129651469,3,3,heldout_val,45000,True
cifar10,vit_small,grayscale,compact0_compact_test,8,host_raw_to_logits,30,0.9740261652504879,3,3,heldout_val,45000,True
cifar10,vit_small,grayscale,compact0_compact_test,8,host_raw_to_logits,40,,0,3,heldout_val,45000,False
cifar10,vit_small,grayscale,compact0_compact_test,8,host_raw_to_logits,50,,0,3,heldout_val,45000,False
cifar10,vit_small,grayscale,compact0_compact_test,8,host_raw_to_logits,60,,0,3,heldout_val,45000,False
cifar10,vit_small,grayscale,compact0_compact_test,8,host_raw_to_logits,70,,0,3,heldout_val,45000,False
cifar10,vit_small,grayscale,compact0_compact_test,8,host_raw_to_logits,80,,0,3,heldout_val,45000,False
cifar10,vit_small,grayscale,compact0_compact_test,8,host_raw_to_logits,90,,0,3,heldout_val,45000,False
cifar10,vit_small,color_opponency,dense0_compact_test,8,host_raw_to_logits,0,0.9529015719214932,3,3,heldout_val,45000,True
cifar10,vit_small,color_opponency,dense0_compact_test,8,host_raw_to_logits,10,0.9389284417627901,3,3,heldout_val,45000,True
cifar10,vit_small,color_opponency,dense0_compact_test,8,host_raw_to_logits,20,0.9431748500124301,3,3,heldout_val,45000,True
cifar10,vit_small,color_opponency,dense0_compact_test,8,host_raw_to_logits,30,0.9407297027777042,3,3,heldout_val,45000,True
cifar10,vit_small,color_opponency,dense0_compact_test,8,host_raw_to_logits,40,,0,3,heldout_val,45000,False
cifar10,vit_small,color_opponency,dense0_compact_test,8,host_raw_to_logits,50,,0,3,heldout_val,45000,False
cifar10,vit_small,color_opponency,dense0_compact_test,8,host_raw_to_logits,60,,0,3,heldout_val,45000,False
cifar10,vit_small,color_opponency,dense0_compact_test,8,host_raw_to_logits,70,,0,3,heldout_val,45000,False
cifar10,vit_small,color_opponency,dense0_compact_test,8,host_raw_to_logits,80,,0,3,heldout_val,45000,False
cifar10,vit_small,color_opponency,dense0_compact_test,8,host_raw_to_logits,90,,0,3,heldout_val,45000,False
cifar10,vit_small,color_opponency,compact0_compact_test,8,host_raw_to_logits,0,0.945787630243121,3,3,heldout_val,45000,True
cifar10,vit_small,color_opponency,compact0_compact_test,8,host_raw_to_logits,10,0.9378225393666226,3,3,heldout_val,45000,True
cifar10,vit_small,color_opponency,compact0_compact_test,8,host_raw_to_logits,20,0.9420409108833309,3,3,heldout_val,45000,True
cifar10,vit_small,color_opponency,compact0_compact_test,8,host_raw_to_logits,30,0.9408212381928522,3,3,heldout_val,45000,True
cifar10,vit_small,color_opponency,compact0_compact_test,8,host_raw_to_logits,40,,0,3,heldout_val,45000,False
cifar10,vit_small,color_opponency,compact0_compact_test,8,host_raw_to_logits,50,,0,3,heldout_val,45000,False
cifar10,vit_small,color_opponency,compact0_compact_test,8,host_raw_to_logits,60,,0,3,heldout_val,45000,False
cifar10,vit_small,color_opponency,compact0_compact_test,8,host_raw_to_logits,70,,0,3,heldout_val,45000,False
cifar10,vit_small,color_opponency,compact0_compact_test,8,host_raw_to_logits,80,,0,3,heldout_val,45000,False
cifar10,vit_small,color_opponency,compact0_compact_test,8,host_raw_to_logits,90,,0,3,heldout_val,45000,False
cifar10,swin_tiny,raw,raw_compact_test,8,host_raw_to_logits,0,0.7980233025851405,3,3,heldout_val,45000,True
cifar10,swin_tiny,raw,raw_compact_test,8,host_raw_to_logits,10,0.6103046727659008,3,3,heldout_val,45000,True
cifar10,swin_tiny,raw,raw_compact_test,8,host_raw_to_logits,20,0.503052202323645,3,3,heldout_val,45000,True
cifar10,swin_tiny,raw,raw_compact_test,8,host_raw_to_logits,30,0.43119417530044774,3,3,heldout_val,45000,True
cifar10,swin_tiny,raw,raw_compact_test,8,host_raw_to_logits,40,,0,3,heldout_val,45000,False
cifar10,swin_tiny,raw,raw_compact_test,8,host_raw_to_logits,50,,0,3,heldout_val,45000,False
cifar10,swin_tiny,raw,raw_compact_test,8,host_raw_to_logits,60,,0,3,heldout_val,45000,False
cifar10,swin_tiny,raw,raw_compact_test,8,host_raw_to_logits,70,,0,3,heldout_val,45000,False
cifar10,swin_tiny,raw,raw_compact_test,8,host_raw_to_logits,80,,0,3,heldout_val,45000,False
cifar10,swin_tiny,raw,raw_compact_test,8,host_raw_to_logits,90,,0,3,heldout_val,45000,False
cifar10,swin_tiny,single_color,dense0_compact_test,8,host_raw_to_logits,0,0.7883055020565142,3,3,heldout_val,45000,True
cifar10,swin_tiny,single_color,dense0_compact_test,8,host_raw_to_logits,10,0.7281020838304904,3,3,heldout_val,45000,True
cifar10,swin_tiny,single_color,dense0_compact_test,8,host_raw_to_logits,20,0.6494589929875786,3,3,heldout_val,45000,True
cifar10,swin_tiny,single_color,dense0_compact_test,8,host_raw_to_logits,30,0.5565931770728934,3,3,heldout_val,45000,True
cifar10,swin_tiny,single_color,dense0_compact_test,8,host_raw_to_logits,40,,0,3,heldout_val,45000,False
cifar10,swin_tiny,single_color,dense0_compact_test,8,host_raw_to_logits,50,,0,3,heldout_val,45000,False
cifar10,swin_tiny,single_color,dense0_compact_test,8,host_raw_to_logits,60,,0,3,heldout_val,45000,False
cifar10,swin_tiny,single_color,dense0_compact_test,8,host_raw_to_logits,70,,0,3,heldout_val,45000,False
cifar10,swin_tiny,single_color,dense0_compact_test,8,host_raw_to_logits,80,,0,3,heldout_val,45000,False
cifar10,swin_tiny,single_color,dense0_compact_test,8,host_raw_to_logits,90,,0,3,heldout_val,45000,False
cifar10,swin_tiny,single_color,compact0_compact_test,8,host_raw_to_logits,0,0.7867355200721613,3,3,heldout_val,45000,True
cifar10,swin_tiny,single_color,compact0_compact_test,8,host_raw_to_logits,10,0.7320014895475122,3,3,heldout_val,45000,True
cifar10,swin_tiny,single_color,compact0_compact_test,8,host_raw_to_logits,20,0.6376698832757249,3,3,heldout_val,45000,True
cifar10,swin_tiny,single_color,compact0_compact_test,8,host_raw_to_logits,30,0.5611287624973365,3,3,heldout_val,45000,True
cifar10,swin_tiny,single_color,compact0_compact_test,8,host_raw_to_logits,40,,0,3,heldout_val,45000,False
cifar10,swin_tiny,single_color,compact0_compact_test,8,host_raw_to_logits,50,,0,3,heldout_val,45000,False
cifar10,swin_tiny,single_color,compact0_compact_test,8,host_raw_to_logits,60,,0,3,heldout_val,45000,False
cifar10,swin_tiny,single_color,compact0_compact_test,8,host_raw_to_logits,70,,0,3,heldout_val,45000,False
cifar10,swin_tiny,single_color,compact0_compact_test,8,host_raw_to_logits,80,,0,3,heldout_val,45000,False
cifar10,swin_tiny,single_color,compact0_compact_test,8,host_raw_to_logits,90,,0,3,heldout_val,45000,False
cifar10,swin_tiny,grayscale,dense0_compact_test,8,host_raw_to_logits,0,0.7997127638895345,3,3,heldout_val,45000,True
cifar10,swin_tiny,grayscale,dense0_compact_test,8,host_raw_to_logits,10,0.6917496766308292,3,3,heldout_val,45000,True
cifar10,swin_tiny,grayscale,dense0_compact_test,8,host_raw_to_logits,20,0.5860754376301072,3,3,heldout_val,45000,True
cifar10,swin_tiny,grayscale,dense0_compact_test,8,host_raw_to_logits,30,0.5125287569675924,3,3,heldout_val,45000,True
cifar10,swin_tiny,grayscale,dense0_compact_test,8,host_raw_to_logits,40,,0,3,heldout_val,45000,False
cifar10,swin_tiny,grayscale,dense0_compact_test,8,host_raw_to_logits,50,,0,3,heldout_val,45000,False
cifar10,swin_tiny,grayscale,dense0_compact_test,8,host_raw_to_logits,60,,0,3,heldout_val,45000,False
cifar10,swin_tiny,grayscale,dense0_compact_test,8,host_raw_to_logits,70,,0,3,heldout_val,45000,False
cifar10,swin_tiny,grayscale,dense0_compact_test,8,host_raw_to_logits,80,,0,3,heldout_val,45000,False
cifar10,swin_tiny,grayscale,dense0_compact_test,8,host_raw_to_logits,90,,0,3,heldout_val,45000,False
cifar10,swin_tiny,grayscale,compact0_compact_test,8,host_raw_to_logits,0,0.7947359908427257,3,3,heldout_val,45000,True
cifar10,swin_tiny,grayscale,compact0_compact_test,8,host_raw_to_logits,10,0.6908618905444747,3,3,heldout_val,45000,True
cifar10,swin_tiny,grayscale,compact0_compact_test,8,host_raw_to_logits,20,0.58733397389335,3,3,heldout_val,45000,True
cifar10,swin_tiny,grayscale,compact0_compact_test,8,host_raw_to_logits,30,0.5162328812813505,3,3,heldout_val,45000,True
cifar10,swin_tiny,grayscale,compact0_compact_test,8,host_raw_to_logits,40,,0,3,heldout_val,45000,False
cifar10,swin_tiny,grayscale,compact0_compact_test,8,host_raw_to_logits,50,,0,3,heldout_val,45000,False
cifar10,swin_tiny,grayscale,compact0_compact_test,8,host_raw_to_logits,60,,0,3,heldout_val,45000,False
cifar10,swin_tiny,grayscale,compact0_compact_test,8,host_raw_to_logits,70,,0,3,heldout_val,45000,False
cifar10,swin_tiny,grayscale,compact0_compact_test,8,host_raw_to_logits,80,,0,3,heldout_val,45000,False
cifar10,swin_tiny,grayscale,compact0_compact_test,8,host_raw_to_logits,90,,0,3,heldout_val,45000,False
cifar10,swin_tiny,color_opponency,dense0_compact_test,8,host_raw_to_logits,0,0.8008182961733274,3,3,heldout_val,45000,True
cifar10,swin_tiny,color_opponency,dense0_compact_test,8,host_raw_to_logits,10,0.7877170938457204,3,3,heldout_val,45000,True
cifar10,swin_tiny,color_opponency,dense0_compact_test,8,host_raw_to_logits,20,0.7478671885873378,3,3,heldout_val,45000,True
cifar10,swin_tiny,color_opponency,dense0_compact_test,8,host_raw_to_logits,30,0.71975070651417,3,3,heldout_val,45000,True
cifar10,swin_tiny,color_opponency,dense0_compact_test,8,host_raw_to_logits,40,,0,3,heldout_val,45000,False
cifar10,swin_tiny,color_opponency,dense0_compact_test,8,host_raw_to_logits,50,,0,3,heldout_val,45000,False
cifar10,swin_tiny,color_opponency,dense0_compact_test,8,host_raw_to_logits,60,,0,3,heldout_val,45000,False
cifar10,swin_tiny,color_opponency,dense0_compact_test,8,host_raw_to_logits,70,,0,3,heldout_val,45000,False
cifar10,swin_tiny,color_opponency,dense0_compact_test,8,host_raw_to_logits,80,,0,3,heldout_val,45000,False
cifar10,swin_tiny,color_opponency,dense0_compact_test,8,host_raw_to_logits,90,,0,3,heldout_val,45000,False
cifar10,swin_tiny,color_opponency,compact0_compact_test,8,host_raw_to_logits,0,0.7956098795099042,3,3,heldout_val,45000,True
cifar10,swin_tiny,color_opponency,compact0_compact_test,8,host_raw_to_logits,10,0.790230087409236,3,3,heldout_val,45000,True
cifar10,swin_tiny,color_opponency,compact0_compact_test,8,host_raw_to_logits,20,0.7534210249165242,3,3,heldout_val,45000,True
cifar10,swin_tiny,color_opponency,compact0_compact_test,8,host_raw_to_logits,30,0.7153467703844206,3,3,heldout_val,45000,True
cifar10,swin_tiny,color_opponency,compact0_compact_test,8,host_raw_to_logits,40,,0,3,heldout_val,45000,False
cifar10,swin_tiny,color_opponency,compact0_compact_test,8,host_raw_to_logits,50,,0,3,heldout_val,45000,False
cifar10,swin_tiny,color_opponency,compact0_compact_test,8,host_raw_to_logits,60,,0,3,heldout_val,45000,False
cifar10,swin_tiny,color_opponency,compact0_compact_test,8,host_raw_to_logits,70,,0,3,heldout_val,45000,False
cifar10,swin_tiny,color_opponency,compact0_compact_test,8,host_raw_to_logits,80,,0,3,heldout_val,45000,False
cifar10,swin_tiny,color_opponency,compact0_compact_test,8,host_raw_to_logits,90,,0,3,heldout_val,45000,False
